time_s,RequestScannerOn [unary],RecordScannerOn [unary],Periodicity [arbitrary unit],Phase [degree],Left-Right [millimeter],Ant.-Post. [millimeter],Head-Feet [millimeter],MarkerBlockFound [unary]
0.0,0.0,0.0,0.17748704841998,3.4965001258632,-2.8965486588552,167.684806645516,605.1045796539199,-1.0
0.04,0.0,0.0,0.17184383390906002,3.5612820719544,-2.8920386221832,167.750545313365,605.30282281216,-1.0
0.08,0.0,0.0,0.17724026061338,3.6227099232035997,-2.8919822467248,167.834926290007,605.5823131664,-1.0
0.12,0.0,0.0,0.17643134502508,3.6864377252016,-2.8927715031424,167.87319208174,605.66681025024,-1.0
0.16,0.0,0.0,0.17148736263286002,3.7510280087303998,-2.9011150709856,167.699197199672,605.08508032688,-1.0
0.2,0.0,0.0,0.17136945290304,3.8118808722924,-2.8986909262744,167.765589983619,605.4100691108799,-1.0
0.24,0.0,0.0,0.1726280707167,3.8770461435084,-2.8919822467248,167.665837278674,605.11757920528,-1.0
0.28,0.0,0.0,0.16975984798666002,3.9385698260388,-2.8847098125912,167.622992674255,605.02658234576,-1.0
0.32,0.0,0.0,0.16483506020162,4.0012434839435995,-2.8848789389664002,167.655698479155,605.28657337296,-1.0
0.36,0.0,0.0,0.16815298515702,4.0658337674724,-2.879748772252,167.644905563538,605.44906776496,-1.0
0.4,0.0,0.0,0.16735229582894,4.1263991371908,-2.8856118199256002,167.6573337694,605.74805744624,-1.0
0.44,0.0,0.0,0.16380951976086,4.1894561202204,-2.8843151843824,167.566084573729,605.67655991376,-1.0
0.48,0.0,0.0,0.16164327123626002,4.2506923089072,-2.8940117632272,167.367887396035,605.3223221392,-1.0
0.52,0.0,0.0,0.16290188904992,4.3140367857804,-2.8915312430576,167.070591629494,604.8153396361599,-1.0
0.56,0.0,0.0,0.16073838261206,4.3787229005904,-2.8829057979224,166.886785005956,604.88033739296,-1.0
0.6,0.0,0.0,0.15379267689964002,4.4400549205584,-2.8861755745096,166.68924194436,604.91283627136,-1.0
0.64,0.0,0.0,0.14139296066136,4.5047410353684,-2.8786776385424,166.583275136484,605.48156664336,-1.0
0.68,0.0,0.0,0.14129698762546,4.5655938989304,-2.8821165415048,166.36054860511499,605.71230868,-1.0
0.72,0.0,0.0,0.13574426197696002,4.6283633881164,-2.8856118199256002,166.04559170392798,605.85530374496,-1.0
0.76,0.0,0.0,0.12406297246456001,4.6916120337084,-2.889614477472,165.624013878767,605.87155318416,-1.0
0.8,0.0,0.0,0.1273836395067,4.7529440536764,-2.9047231003232,164.995735366638,605.37432034464,-1.0
0.84,0.0,0.0,0.12389296308668,4.8166718556744,-2.9127284154160002,164.574157541477,605.8683032963199,-1.0
0.88,0.0,0.0,0.11768762079406,4.879249682298,-2.91188278354,164.02339178696099,606.00804847344,-1.0
0.92,0.0,0.0,0.09857253412952001,4.9445107847952,-2.91329217,163.06511170339098,604.91283627136,-1.0
0.96,0.0,0.0,0.08967446265822,5.0086219119179995,-2.9039338439056,162.18565260962998,604.38310455344,-1.0
1.0,0.0,0.0,0.08893409923842001,5.0691872816364,-2.8666132904448,161.84649341281698,605.89755228688,-1.0
1.04,0.0,0.0,0.08276714616016001,5.145660644034,-2.8491368983408,161.433092038881,607.22025663776,-1.0
1.08,0.0,0.0,0.07796575227842001,5.2034469065976,-2.8521811730944,161.028194174219,608.74120414688,-1.0
1.12,0.0,0.0,0.07384713799494,5.2671747085956,-2.8679663014464,159.793877097293,607.54524542176,-1.0
1.16,0.0,0.0,0.06635027284778,5.3300400290628,-2.8698266915736,158.27730892408,605.54006462448,-1.0
1.2,0.0,0.0,0.06562910403516001,5.3921386992804,-2.8266430904392,157.212734974585,605.36457068112,-1.0
1.24,0.0,0.0,0.06288153312168,5.4573998017775995,-2.802514394244,156.106297594818,604.93558548624,-1.0
1.28,0.0,0.0,0.06351221307188,5.5180610027772,-2.7831776120128002,155.246789042046,605.26707404592,-1.0
1.32,0.0,0.0,0.06752114388576,5.583513767836799,-2.7516073553088,154.35588291657,605.4263185500799,-1.0
1.36,0.0,0.0,0.07287369720224,5.6460915944604,-2.7343564650384002,153.589585907763,605.93330105312,-1.0
1.4,0.0,0.0,0.07552255299308,5.7082860959592,-2.751494604392,152.587807103676,605.53031496096,-1.0
1.44,0.0,0.0,0.08086139587586,5.7703847661768,-2.7482812032632,151.906872245658,606.16079320192,-1.0
1.48,0.0,0.0,0.10303116716876,5.8300876543644,-2.741628899172,151.275977269137,606.68077525632,-1.0
1.52,0.0,0.0,0.12382166883144001,5.895348756861599,-2.7283242909896,150.610414139422,606.87901841456,-1.0
1.56,0.0,0.0,0.12373940622924001,5.9581182460476,-2.736555107916,149.701192763202,605.71230868,-1.0
1.6,0.0,0.0,0.12970344488874,6.0204085788276,-2.7151888091824,149.199485716036,605.99179903424,-1.0
1.64,0.0,0.0,0.13364656562086,6.0849030310752,-2.7025043310424,148.790990212835,606.09579544512,-1.0
1.68,0.0,0.0,0.14160958551382,6.1449892443876,-2.6966412833688,148.77627260063,607.2625051796799,-1.0
1.72,0.0,0.0,0.15224613997828002,6.210537840728399,-2.7181203330192,148.491732098,606.90826740512,-1.0
1.76,0.0,0.0,0.15616732401648,6.2733073299144,-2.7104532706768,148.486499169216,607.24950562832,-1.0
1.8,0.0,0.0,0.14936420681454002,0.0526113733788,-2.700192937248,148.420760501367,607.0285132552,-1.0
1.84,0.0,0.0,0.1452483346178,0.1170099943452,-2.7063378622136,148.520840264361,606.94401617136,-1.0
1.88,0.0,0.0,0.13043558204832,0.17862950815679998,-2.708085501424,148.729503299623,606.85301931184,-1.0
1.92,0.0,0.0,0.13101690443720002,0.2442739357788,-2.7003620636232,149.23742444972,607.3860009176,-1.0
1.96,0.0,0.0,0.1249157614407,0.3062767747152,-2.7096640142592,149.550746060662,606.79127144288,-1.0
2.0,0.0,0.0,0.11548846722858,0.3686629387764,-2.7211082323144002,149.903968753582,606.11204488432,-1.0
2.04,0.0,0.0,0.1167443429555,0.43325322230519997,-2.7286061682816003,150.574110695983,606.21929118304,-1.0
2.08,0.0,0.0,0.0993320921565,0.49305194177399997,-2.7412906464216,151.293638403783,606.20954151952,-1.0
2.12,0.0,0.0,0.08127819306034001,0.5584088755523999,-2.7290007964904,152.078250663334,606.11854466,-1.0
2.16,0.0,0.0,0.07123941350520001,0.6206033770512,-2.7253363916944,153.09670942792,606.7425231252801,-1.0
2.2,0.0,0.0,0.06986014387498,0.6828937098312,-2.7209954813976003,153.928745104576,606.43053389264,-1.0
2.24,0.0,0.0,0.0671537042626,0.7475798246412,-2.7169364483928002,154.918749818899,606.60927772384,-1.0
2.28,0.0,0.0,0.06577991880586001,0.8076660379535999,-2.7257873953616,155.95356148593498,606.87901841456,-1.0
2.32,0.0,0.0,0.06374529044478,0.8728313091696,-2.7626005696968,156.986737862726,607.09026112416,-1.0
2.36,0.0,0.0,0.06635575702126001,0.9337800040127999,-2.7911265516472,157.736681969083,606.28428893984,-1.0
2.4,0.0,0.0,0.06962980858882001,0.995207855262,-2.7865601395168,158.606329321374,606.03404757616,-1.0
2.44,0.0,0.0,0.06958319311424001,1.0566357065112,-2.7837977420552003,159.423320327776,605.65706058672,-1.0
2.48,0.0,0.0,0.07152184843942,1.1161469321364,-2.7716770184992,160.316515859595,605.65706058672,-1.0
2.52,0.0,0.0,0.07743104536412,1.1817913597584,-2.7627133206136,161.337264030524,606.25179006144,-1.0
2.56,0.0,0.0,0.08663897263704,1.2431233797263999,-2.7817682255528,162.17911144865,606.39153523856,-1.0
2.6,0.0,0.0,0.09385340284998,1.305222049944,-2.845359742628,162.919243813537,606.32328759392,-1.0
2.64,0.0,0.0,0.10568002295960001,1.3685665268172,-2.8510536639264,163.507621243688,605.8423041936001,-1.0
2.68,0.0,0.0,0.11485230310490001,1.4290360652543999,-2.8657676585688,164.151925600218,605.91055183824,-1.0
2.72,0.0,0.0,0.11807425502440001,1.4928596985336,-2.8702213197824,164.453800179445,604.90958638352,-1.0
2.76,0.0,0.0,0.12986248591966001,1.5544792123452,-2.8711233271168,164.991483612001,605.0200825700799,-1.0
2.8,0.0,0.0,0.12977473914398,1.6167695451252,-2.8752951110384,165.426470817171,604.88683716864,-1.0
2.84,0.0,0.0,0.13495728308258,1.6798265281548,-2.8726454644936,165.891874420898,605.11757920528,-1.0
2.88,0.0,0.0,0.1355276371245,1.7424043547783998,-2.8672897959456,166.316068710451,605.33207180272,-1.0
2.92,0.0,0.0,0.14727199463192,1.8065154819012,-2.869037435156,166.643780875549,605.41331899872,-1.0
2.96,0.0,0.0,0.14848948114448002,1.8693808023684,-2.8700521934072,166.919163752807,605.49781608256,-1.0
3.0,0.0,0.0,0.15495806376414,1.9321502915544,-2.879185017668,167.038212882643,605.1923266256,-1.0
3.04,0.0,0.0,0.15748078356494,1.9959739248336,-2.8893889756384,167.168709044194,605.06558099984,-1.0
3.08,0.0,0.0,0.15803194299968001,2.0575934386452,-2.8834695525064,167.285468767687,604.9680843646399,-1.0
3.12,0.0,0.0,0.15989381989614002,2.1216087344868,-2.8805380286696,167.410404942405,605.00708301872,-1.0
3.16,0.0,0.0,0.15782628649418,2.1851448739224,-2.8790722667512,167.66943491721298,605.67006013808,-1.0
3.2,0.0,0.0,0.15903006257304,2.2480101943896,-2.8844279352992,167.798949904617,605.84555408144,-1.0
3.24,0.0,0.0,0.16023658073864,2.3122171527936,-2.8817782887544,167.80778047194,605.68630957728,-1.0
3.28,0.0,0.0,0.16012963935578,2.3735491727616,-2.8841460580072003,167.732884178719,605.29307314864,-1.0
3.32,0.0,0.0,0.16263864872288,2.4372769747596,-2.888205091012,167.673032555752,605.0460816728,-1.0
3.36,0.0,0.0,0.16448955727238002,2.4882592163579997,-2.8974506661896,167.728959482131,605.26057427024,-1.0
3.4,0.0,0.0,0.166993082466,2.5493037424824,-2.9046103494064,167.881041474916,605.74805744624,-1.0
3.44,0.0,0.0,0.16427567450666,2.6115940752624,-2.8973379152728,167.905570828591,605.79680576384,-1.0
3.48,0.0,0.0,0.16482134976792,2.6740760706047997,-2.8870212063856,168.00074472085,606.0892956694399,-1.0
3.52,0.0,0.0,0.17057424774844002,2.7371330536344,-2.8775501293744,168.132876172646,606.5475298548799,-1.0
3.56,0.0,0.0,0.16916207307734002,2.8015316746008,-2.8821729169632,167.910803757375,605.70580890432,-1.0
3.6,0.0,0.0,0.16904964752100002,2.8623845381627997,-2.8885997192208,167.763627635325,605.224825504,-1.0
3.64,0.0,0.0,0.17283921139568,2.9259206775983997,-2.8936735104768,167.703776012358,605.0785805512,-1.0
3.68,0.0,0.0,0.17532354198212,2.9879235165347997,-2.8897836038472002,167.724380669445,605.14032842016,-1.0
3.72,0.0,0.0,0.17391410939776,3.0506930057207997,-2.888205091012,167.61154564254,604.74059221584,-1.0
3.76,0.0,0.0,0.17185480225602,3.1151874579684,-2.8899527302224,167.694618386986,605.02333245792,-1.0
3.8,0.0,0.0,0.17822466975304002,3.1760403215304,-2.8804252777528,167.785540524608,605.36457068112,-1.0
3.84,0.0,0.0,0.1787566345806,3.2394806296847998,-2.8903473584312,167.940238981785,605.8585536328,-1.0
3.88,0.0,0.0,0.17540580458432,3.3029209378392,-2.8919258712664,167.940238981785,605.82930464224,-1.0
3.92,0.0,0.0,0.1778791668238,3.3658820895876,-2.898352673524,167.708681883093,605.02658234576,-1.0
3.96,0.0,0.0,0.1797026545059,3.4298973854292,-2.8798051477104,167.798295788519,605.39706955952,-1.0
4.0,0.0,0.0,0.1763573086831,3.4908460802723997,-2.8807635305032,167.86861326905398,605.67331002592,-1.0
4.04,0.0,0.0,0.17237031456314,3.5541905571456,-2.8778320066664,167.905570828591,605.74805744624,-1.0
4.08,0.0,0.0,0.17612971548368,3.6158100709572,-2.881721913296,168.022330552084,606.13154421136,-1.0
4.12,0.0,0.0,0.1760145478406,3.6788670539868,-2.8804252777528,167.991587095478,606.037297464,-1.0
4.16,0.0,0.0,0.17074699921306,3.7424990247036,-2.8781702594168,167.932389588609,605.85530374496,-1.0
4.2,0.0,0.0,0.16806249629460002,3.8037352133903997,-2.8857245708424,167.87646266222998,605.73505789488,-1.0
4.24,0.0,0.0,0.17245806133882,3.8670796902636,-2.8984654244408,167.799931078764,605.50431585824,-1.0
4.28,0.0,0.0,0.16977355842036002,3.928603372794,-2.8970560379808,167.710971289436,605.28332348512,-1.0
4.32,0.0,0.0,0.16580850099432,3.9932894876039997,-2.8993110563168,167.384567356534,604.26935847904,-1.0
4.36,0.0,0.0,0.16891528527074,4.0573047834456,-2.88933260018,167.297242857451,604.2011108344,-1.0
4.4,0.0,0.0,0.16880560180114002,4.1195951162256,-2.8789595158344,167.240334756925,604.2661085912,-1.0
4.44,0.0,0.0,0.163565474041,4.1814062925996,-2.8694884388232,167.371812092623,604.98433380384,-1.0
4.48,0.0,0.0,0.16025577534582,4.2425466500052,-2.8623851310648,167.39732262044498,605.42956843792,-1.0
4.52,0.0,0.0,0.16143487264402,4.3059869581595995,-2.8670079186536,167.295934625255,605.54331451232,-1.0
4.56,0.0,0.0,0.15365008838916,4.3682772909395995,-2.8694320633648003,167.243278279366,606.04704712752,-1.0
4.6,0.0,0.0,0.1471540849021,4.4297051421888,-2.8715179553256003,167.00092826505698,605.99829880992,-1.0
4.64,0.0,0.0,0.14130521388568001,4.4946787508424,-2.8730964681608,166.428249621258,604.83158907536,-1.0
4.68,0.0,0.0,0.14121472502326002,4.5557232769668,-2.8630052611072,166.205850147938,605.18257696208,-1.0
4.72,0.0,0.0,0.13282119751212002,4.619930235370799,-2.8634562647744,165.97756362973598,605.62781159616,-1.0
4.76,0.0,0.0,0.12954714594456002,4.683274712244,-2.8856118199256002,165.625322110963,605.8098053152,-1.0
4.8,0.0,0.0,0.12755090679784,4.7447025634932,-2.887359459136,165.008490630549,605.31907225136,-1.0
4.84,0.0,0.0,0.12492124561418001,4.8098678347092,-2.8849353144248,164.461322514572,605.33532169056,-1.0
4.88,0.0,0.0,0.11847185760170001,4.8721581674892,-2.8703340706992,163.952093132279,605.70255901648,-1.0
4.92,0.0,0.0,0.10757480489694,4.934352668988,-2.8604119900208,163.48112954171899,606.23879051008,-1.0
4.96,0.0,0.0,0.10496159623372,4.9943430510192,-2.864809275776,163.295687627936,608.0359784856,-1.0
5.0,0.0,0.0,0.09472264434656001,5.055770902268399,-2.8445141107520002,162.686378482649,608.40646569936,-1.0
5.04,0.0,0.0,0.08449740289310001,5.1215111611715995,-2.8361141674504,161.55443057506,607.24950562832,-1.0
5.08,0.0,0.0,0.07364970774966001,5.1770933042676,-2.8278269750656,160.141866861429,605.48806641904,-1.0
5.12,0.0,0.0,0.07043049791690001,5.2397669621724,-2.8424845942496,159.47728490586098,606.5150309764799,-1.0
5.16,0.0,0.0,0.06658335022068,5.3022489575147995,-2.8464872517960003,158.487607249587,606.30703815472,-1.0
5.2,0.0,0.0,0.06400578868508,5.3654976031068,-2.8207236673072003,157.333419394666,605.56931361504,-1.0
5.24,0.0,0.0,0.0626978133101,5.4296087302295994,-2.786729265892,156.106297594818,604.63659580496,-1.0
5.28,0.0,0.0,0.06329010404594,5.4922823881344,-2.7361604797072,155.290287762563,605.22807539184,-1.0
5.32,0.0,0.0,0.06577991880586001,5.5549560460392,-2.7116371553032,154.512543722041,605.8000556516799,-1.0
5.36,0.0,0.0,0.0726927194774,5.6183005229124,-2.726689402696,153.353449996385,604.9323355984,-1.0
5.4,0.0,0.0,0.0758049879273,5.6803991931299995,-2.7433765383824,152.668590441779,605.7285581192,-1.0
5.44,0.0,0.0,0.08901636184062,5.7437436700032,-2.7555536373968,151.606305898627,604.97783402816,-1.0
5.48,0.0,0.0,0.10788740278530001,5.80737564072,-2.7561737674392,150.62742115797,604.29535758176,-1.0
5.52,0.0,0.0,0.12042970753406,5.868707660688,-2.7324960749112,150.272236116756,605.6473109231999,-1.0
5.56,0.0,0.0,0.12350358676960001,5.932339631404799,-2.7181203330192,149.66259991342,605.6798098016,-1.0
5.6,0.0,0.0,0.12405474620434001,5.9936716513728,-2.712313660804,149.401280532269,606.60277794816,-1.0
5.64,0.0,0.0,0.13027105684392,6.057495284652,-2.6984452980376,149.145848196,607.23325618912,-1.0
5.68,0.0,0.0,0.14150812830444,6.1204564364004,-2.701320446416,148.813557218216,607.2235065256,-1.0
5.72,0.0,0.0,0.14959180001396,6.1814051312436,-2.6960775287848002,148.655588180549,607.45749845008,-1.0
5.76,0.0,0.0,0.15452207197248,6.2450371019604,-2.6920748712384,148.67815518593,607.9384818504,-1.0
5.8,0.0,0.0,0.15756304616714,0.023478663894,-2.6952882723672,148.712496281075,608.00672949504,-1.0
5.84,0.0,0.0,0.14554447998572,0.0871106346108,-2.7090438842168,148.468510976521,606.66452581712,-1.0
5.88,0.0,0.0,0.1385576429722,0.1517967494208,-2.7085928805496002,148.716748035712,606.7847716672,-1.0
5.92,0.0,0.0,0.13408529949926,0.2126496129828,-2.7143995527648,148.951575714894,606.3297873696,-1.0
5.96,0.0,0.0,0.1221051225322,0.275994089856,-2.7243216334432,149.153697589176,605.40681922304,-1.0
6.0,0.0,0.0,0.1207752104633,0.3379969287924,-2.7212773586896,149.788190204236,605.73505789488,-1.0
6.04,0.0,0.0,0.12382715300492,0.4022038871964,-2.7299591792832,150.738293836581,606.85951908752,-1.0
6.08,0.0,0.0,0.08499920476652001,0.46641084560039997,-2.7385846244184,151.766564342637,607.78248723408,-1.0
6.12,0.0,0.0,0.07557739472788,0.5279345281308,-2.7564556447312,152.410541641118,607.12276000256,-1.0
6.16,0.0,0.0,0.07241028454318,0.591279005004,-2.7465899395112,153.029008411777,606.2972884912,-1.0
6.2,0.0,0.0,0.0698683701352,0.6536651690652,-2.7363859815408,153.845999418179,606.09904533296,-1.0
6.24,0.0,0.0,0.06920204305738001,0.7172013085008,-2.7313685657432,154.691117416795,605.7773064368,-1.0
6.28,0.0,0.0,0.0672908085996,0.7813124356236,-2.7357658514984,155.863293464411,606.52153075216,-1.0
6.32,0.0,0.0,0.06413466676186,0.8434111058411999,-2.7522274853512,157.010613100303,607.17800809584,-1.0
6.36,0.0,0.0,0.06720580391066,0.9074264016828,-2.779118579008,157.970855532167,607.06751190928,-1.0
6.4,0.0,0.0,0.07027419897272,0.9699083970251999,-2.7884769051024,158.642305706764,606.06654645456,-1.0
6.44,0.0,0.0,0.07209494456808001,1.0327737174923999,-2.7841359948056,159.61530340253898,606.32003770608,-1.0
6.48,0.0,0.0,0.07515511336992,1.0974598323023999,-2.7761870551712002,160.52779535924898,606.36553613584,-1.0
6.52,0.0,0.0,0.08131658227470001,1.1589835148328,-2.7655320935336,161.367680429081,606.35903636016,-1.0
6.56,0.0,0.0,0.08995141341896,1.224723773736,-2.787574897768,162.484910724465,607.44449889872,-1.0
6.6,0.0,0.0,0.09919498781950001,1.2875890942032,-2.8517301694272,163.31007818209198,607.67524093536,-1.0
6.64,0.0,0.0,0.10718817066660001,1.3519877151696,-2.8640763948168,163.98447187913,607.48674744064,-1.0
6.68,0.0,0.0,0.11579009676998,1.4143738792308,-2.8835823034232,164.037128225019,605.44256798928,-1.0
6.72,0.0,0.0,0.11881187635746,1.4764725494484,-2.8767608729568,164.534910575597,605.28332348512,-1.0
6.76,0.0,0.0,0.12306759497794001,1.5403920140087999,-2.8769863747904,164.858370986058,604.54559894544,-1.0
6.8,0.0,0.0,0.13102513069742,1.6020115278204,-2.8743367282456003,165.4006332313,604.80558997264,-1.0
6.84,0.0,0.0,0.12662133939298,1.6691892559416,-2.8725890890352,166.319012232892,606.58327862112,-1.0
6.88,0.0,0.0,0.12839546951376002,1.7327253953772,-2.8626106328984,166.76446529563,606.78802155504,-1.0
6.92,0.0,0.0,0.14188653627456002,1.7953032220007998,-2.8691501860728,166.907062604994,606.21929118304,-1.0
6.96,0.0,0.0,0.1498139090399,1.8579768799056,-2.8791286422096,166.777220559541,604.87708750512,-1.0
7.0,0.0,0.0,0.15526791956576,1.9187339121864,-2.8818346642128,166.926359029885,604.80558997264,-1.0
7.04,0.0,0.0,0.15702011299262,1.9840908459648,-2.8932225068096002,167.001582381155,604.48710096432,-1.0
7.08,0.0,0.0,0.15815259481624,2.0445603844019997,-2.8951956478536003,167.1013350861,604.36035533856,-1.0
7.12,0.0,0.0,0.16051627358612,2.1069465484632,-2.8946318932696,167.210899532515,604.3636052264,-1.0
7.16,0.0,0.0,0.15796064874444002,2.1695243750868,-2.890178232056,167.380969717995,604.63009602928,-1.0
7.2,0.0,0.0,0.15847616105156,2.2307605637736,-2.8764789956648,167.672705497703,605.4360682136,-1.0
7.24,0.0,0.0,0.16083435564796,2.2966924852392,-2.8703904461576,167.913420221767,605.98529925856,-1.0
7.28,0.0,0.0,0.16073564052532002,2.3576411800823998,-2.87523873558,167.979485947665,606.09904533296,-1.0
7.32,0.0,0.0,0.16002544005966002,2.4206023318308,-2.87946689496,167.934351936903,605.85530374496,-1.0
7.36,0.0,0.0,0.16421534859838,2.4835634835792,-2.8765353711232002,167.865996804662,605.59531271776,-1.0
7.4,0.0,0.0,0.16717680227758,2.5618576403196,-2.8764226202064003,167.781942886069,605.3223221392,-1.0
7.44,0.0,0.0,0.16462666160938,2.6255854423176,-2.8809326568784,167.693964270888,604.99408346736,-1.0
7.48,0.0,0.0,0.16819685854486002,2.6863424745984,-2.881158158712,167.642289099146,604.8153396361599,-1.0
7.52,0.0,0.0,0.16992711527780002,2.7502619391587997,-2.8798615231688003,167.699197199672,605.0298322336,-1.0
7.56,0.0,0.0,0.16921143063866,2.8125522719388,-2.872701839952,167.756432358247,605.22157561616,-1.0
7.6,0.0,0.0,0.17155043062788,2.8743634483128,-2.8827930470056002,167.806145181695,605.37432034464,-1.0
7.64,0.0,0.0,0.17205497458804,2.9401037072159997,-2.8845970616744,167.691020748447,604.94208526192,-1.0
7.68,0.0,0.0,0.1749999757468,3.0013398959027997,-2.8782830103336,167.78030759582398,605.26707404592,-1.0
7.72,0.0,0.0,0.17367554785138,3.0654510230256,-2.8717434571592,167.862399166123,605.54331451232,-1.0
7.76,0.0,0.0,0.17295986321224002,3.1276455245243997,-2.874674980996,167.789138163147,605.28332348512,-1.0
7.8,0.0,0.0,0.17772286787962002,3.1896483634607997,-2.872138085368,167.706719534799,604.99083357952,-1.0
7.84,0.0,0.0,0.17822466975304002,3.2552927910828,-2.8821729169632,167.741060629944,605.15007808368,-1.0
7.88,0.0,0.0,0.17385926766296,3.3178706177064,-2.8761971183728,167.831001593419,605.44906776496,-1.0
7.92,0.0,0.0,0.1773993016443,3.3820775761104,-2.87664812204,167.88333088125898,605.61156215696,-1.0
7.96,0.0,0.0,0.17911310585680001,3.4442720776091997,-2.8697703161152,167.923559021286,605.78055632464,-1.0
8.0,0.0,0.0,0.17597067445276002,3.5060832539831996,-2.872138085368,168.00466941743798,606.06654645456,-1.0
8.04,0.0,0.0,0.16980097928776,3.571152693918,-2.87664812204,168.12044796678398,606.4597828832,-1.0
8.08,0.0,0.0,0.17575679168704,3.6326763764484,-2.878339385792,168.024947016476,606.1347940992,-1.0
8.12,0.0,0.0,0.17504659122138,3.6965000097276,-2.8835259279648002,168.102786832138,606.43378378048,-1.0
8.16,0.0,0.0,0.16646385972518002,3.7583111861016,-2.8826802960888003,168.168852558036,606.70677435904,-1.0
8.2,0.0,0.0,0.1705989265291,3.8205056876004,-2.8739421000368,168.001071778899,606.0730462302399,-1.0
8.24,0.0,0.0,0.17230998865486,3.8858626213788,-2.8814400360040002,167.680881948928,605.08833021472,-1.0
8.28,0.0,0.0,0.16978726885406,3.9469071475032,-2.8812709096288,167.635093822068,605.0785805512,-1.0
8.32,0.0,0.0,0.16425099572600002,4.0103474556576,-2.8801997759192,167.638364402558,605.21182595264,-1.0
8.36,0.0,0.0,0.16777183510016,4.0726377884376,-2.8818910396712,167.517025866379,604.92583582272,-1.0
8.4,0.0,0.0,0.16827637906032,4.1339698084056,-2.8796360213352,167.468621275127,604.94533514976,-1.0
8.44,0.0,0.0,0.15973477886522,4.197985104247199,-2.873265594536,167.44474603755,605.1890767377599,-1.0
8.48,0.0,0.0,0.16084258190818002,4.2589337990904,-2.8672334204872,167.46240717219598,605.58881294208,-1.0
8.52,0.0,0.0,0.16074660887228,4.3229490949319995,-2.8645837739424,167.347282738948,605.64406103536,-1.0
8.56,0.0,0.0,0.15403123844602,4.386197740524,-2.8692629369896,167.105586840737,605.39706955952,-1.0
8.6,0.0,0.0,0.14551980120506,4.4478172543356,-2.8836386788816,166.690877234605,604.71459311312,-1.0
8.64,0.0,0.0,0.14302998644514,4.512695031708,-2.8819474151296003,166.44885427834498,604.84783851456,-1.0
8.68,0.0,0.0,0.13753758670492,4.57354789527,-2.8723072117432,166.360875663164,605.62456170832,-1.0
8.72,0.0,0.0,0.13385222212636,4.6374673598304,-2.8701649443240003,165.96644365607,605.45556754064,-1.0
8.76,0.0,0.0,0.12537368992628,4.700141017735199,-2.8809326568784,165.505945923078,605.31907225136,-1.0
8.8,0.0,0.0,0.12469913658824,4.7606105561723995,-2.8834131770480003,165.133753863316,605.6960592408,-1.0
8.84,0.0,0.0,0.12402732533694001,4.8250091771388,-2.8869648309272002,164.780858228445,606.37203591152,-1.0
8.88,0.0,0.0,0.11197585411464,4.8870120160752,-2.8888252210544,164.184304347069,606.31678781824,-1.0
8.92,0.0,0.0,0.10831791040348,4.9519856247288,-2.8857245708424,163.457254304142,606.06329656672,-1.0
8.96,0.0,0.0,0.09748940986722,5.0159050892892,-2.8742239773288,162.854486319835,606.46953254672,-1.0
9.0,0.0,0.0,0.08965801013778,5.0773329405384,-2.8498134038416,162.107812793968,606.45653299536,-1.0
9.04,0.0,0.0,0.08064477102340001,5.109723913584,-2.8347611564488,161.21003844946298,606.14779365056,-1.0
9.08,0.0,0.0,0.07522366553842,5.1725892340512,-2.8312658780280002,160.347259316201,606.17704264112,-1.0
9.12,0.0,0.0,0.06742242876312,5.2359337109243995,-2.8424282187912002,159.365103995054,605.93330105312,-1.0
9.16,0.0,0.0,0.06618848973012001,5.3014823072652,-2.8421463414992,158.299548871412,605.4783167555199,-1.0
9.2,0.0,0.0,0.06615010051576001,5.3644434590136,-2.7973278520712,157.202269117017,605.1045796539199,-1.0
9.24,0.0,0.0,0.06253603019244,5.4273087794808,-2.760514677736,156.339162925706,605.51081563392,-1.0
9.28,0.0,0.0,0.06428548153256,5.489694943542,-2.7279296627808,155.481943779277,605.8260547544,-1.0
9.32,0.0,0.0,0.06603219078594,5.552656095290399,-2.7102277688432,154.553425978166,605.8585536328,-1.0
9.36,0.0,0.0,0.07312596918232,5.6168630536943995,-2.7134975454304002,153.525482530159,605.47181697984,-1.0
9.4,0.0,0.0,0.07605451782064,5.6796325428804,-2.7330034540368002,152.545289557306,605.2085760648,-1.0
9.44,0.0,0.0,0.09085630204316,5.7414437192543994,-2.7358786024152,151.699517442592,605.29632303648,-1.0
9.48,0.0,0.0,0.10207692098324,5.8018174264104,-2.7330034540368002,151.266165527667,606.58652850896,-1.0
9.52,0.0,0.0,0.11506618587062001,5.8651619032835995,-2.7307484357008,150.475666223234,606.24529028576,-1.0
9.56,0.0,0.0,0.12507480247162,5.9287938740004,-2.7097203897176,149.872898238927,606.2647896128,-1.0
9.6,0.0,0.0,0.12855451054468,5.990030062687199,-2.7038009665856,149.485661508911,606.84326964832,-1.0
9.64,0.0,0.0,0.12966231358764,6.0542370210911995,-2.6933715067816,149.019276731037,606.72302379824,-1.0
9.68,0.0,0.0,0.14023580005708,6.1146107282472,-2.6930332540312,148.600315370268,606.4467833318399,-1.0
9.72,0.0,0.0,0.15257244830034,6.177571879995599,-2.6813635341424003,148.952229830992,608.5527106521599,-1.0
9.76,0.0,0.0,0.15366379882286002,6.2415871758372,-2.6995164317472002,148.715112745467,607.95148140176,-1.0
9.8,0.0,0.0,0.15120963119056,0.0190704249588,-2.701884201,148.33180071203898,606.5995280603199,-1.0
9.84,0.0,0.0,0.14462862301456,0.0831815520816,-2.681307158684,148.639562336148,607.36000181488,-1.0
9.88,0.0,0.0,0.13864264766114,0.14547188486159998,-2.6826037942272,148.878314711918,607.3535020392,-1.0
9.92,0.0,0.0,0.13384399586614001,0.20843303660999998,-2.688635968276,149.088613037425,606.75552267664,-1.0
9.96,0.0,0.0,0.12433718113856,0.2732149827012,-2.6998546844976,149.531449635771,606.72302379824,-1.0
10.0,0.0,0.0,0.12603179074388002,0.334451171388,-2.7093257615088002,150.108707092256,606.849769424,-1.0
10.04,0.0,0.0,0.12360230189224,0.398658129792,-2.7264639008624,150.70493391558298,606.69702469552,-1.0
10.08,0.0,0.0,0.10529338872926,0.4592234995104,-2.740501390004,151.25210203155999,606.03079768832,-1.0
10.12,0.0,0.0,0.08583279913548,0.5218971574151999,-2.7401631372536,151.947100385685,605.68630957728,-1.0
10.16,0.0,0.0,0.07696763270506,0.586487440944,-2.7414033973384,152.696717433993,605.3223221392,-1.0
10.2,0.0,0.0,0.0687029832707,0.6476277983495999,-2.723588752484,153.687703322463,605.65056081104,-1.0
10.24,0.0,0.0,0.06866185196960001,0.712505575722,-2.7301846811168002,154.663644540679,605.72530823136,-1.0
10.28,0.0,0.0,0.0662762365058,0.77383759569,-2.7391483790024003,155.597722328623,605.6635603624,-1.0
10.32,0.0,0.0,0.06740871832942,0.8369904100008,-2.760514677736,156.680611528862,606.07954600592,-1.0
10.36,0.0,0.0,0.06678352255270001,0.9023473437792,-2.7767508097552,157.757613684219,606.46953254672,-1.0
10.4,0.0,0.0,0.07025774645228,0.9635835324659999,-2.7749467950864,158.740423121464,606.53778019136,-1.0
10.44,0.0,0.0,0.07197155066478,1.0276946595888,-2.7642918334488003,159.72290550066,606.7197739104,-1.0
10.48,0.0,0.0,0.0760243548665,1.0893141734004,-2.7664904763264,160.581105821236,606.58002873328,-1.0
10.52,0.0,0.0,0.0818238683216,1.1530419753984,-2.770380382956,161.346421655896,606.281039052,-1.0
10.56,0.0,0.0,0.0841135107495,1.2172489338024,-2.790957425272,162.04828822905,605.97554959504,-1.0
10.6,0.0,0.0,0.09340370062462,1.276472665584,-2.8491932737992,162.75800419538,605.81955497872,-1.0
10.64,0.0,0.0,0.10443511557964001,1.3419254306436,-2.847332883672,163.588077523742,606.20304174384,-1.0
10.68,0.0,0.0,0.11661820696546,1.4022033065183999,-2.856634834308,164.061003462596,605.55631406368,-1.0
10.72,0.0,0.0,0.12004581539046001,1.4661227710787998,-2.8729837172440003,164.435157870652,604.83808885104,-1.0
10.76,0.0,0.0,0.12114265008646001,1.5312880422947999,-2.8719125835344,165.072266950104,605.29307314864,-1.0
10.8,0.0,0.0,0.12281806508460001,1.592715893544,-2.8587771017272,165.5968680607,605.4198187744,-1.0
10.84,0.0,0.0,0.13205341322492,1.6567311893856,-2.8615958746472,165.97658245558898,605.29957292432,-1.0
10.88,0.0,0.0,0.13720853629612,1.7170090652604,-2.8697703161152,166.162024369372,604.76009154288,-1.0
10.92,0.0,0.0,0.14119827250282002,1.7809285298208,-2.8749004828296,166.55187756378,605.1110794296,-1.0
10.96,0.0,0.0,0.15040619977574002,1.8438896815691999,-2.8786776385424,166.783434662472,605.01033290656,-1.0
11.0,0.0,0.0,0.15554212823976002,1.9057008579432,-2.872701839952,167.049659914358,605.19882640128,-1.0
11.04,0.0,0.0,0.15545163937734,1.9717286106899998,-2.860581116396,167.423814322414,605.9203015017599,-1.0
11.08,0.0,0.0,0.15825953619910002,2.032581474252,-2.8610884955216003,167.571644560562,605.874803072,-1.0
11.12,0.0,0.0,0.16048611063198,2.0970759264996,-2.8621032537728,167.619722093765,605.66681025024,-1.0
11.16,0.0,0.0,0.15807855847426,2.160037078248,-2.8647529003176,167.559870470798,605.21507584048,-1.0
11.2,0.0,0.0,0.15856390782724,2.2206024479664,-2.8693756879064,167.553656367867,604.98433380384,-1.0
11.24,0.0,0.0,0.16078774017338002,2.2847135750892,-2.871292453492,167.549077555181,604.81208974832,-1.0
11.28,0.0,0.0,0.16069450922422002,2.3446081258392,-2.8702213197824,167.637056170362,604.98433380384,-1.0
11.32,0.0,0.0,0.16002269797292,2.4080484339935997,-2.8701649443240003,167.736808875307,605.23457516752,-1.0
11.36,0.0,0.0,0.16281688436098002,2.4707220918984,-2.8662750376944,167.761665287031,605.25082460672,-1.0
11.4,0.0,0.0,0.16676274717984002,2.5503578865756,-2.8600737372704,167.793389917784,605.33207180272,-1.0
11.44,0.0,0.0,0.16436067919560002,2.6134148696052,-2.8694320633648003,167.709990115289,605.02333245792,-1.0
11.48,0.0,0.0,0.1642647061597,2.6737885767611997,-2.8689246842392,167.716531276269,605.04933156064,-1.0
11.52,0.0,0.0,0.16935401914914,2.73837886029,-2.8685300560304,167.822498084145,605.43281832576,-1.0
11.56,0.0,0.0,0.16868220789784,2.8002858679452,-2.871292453492,167.67695725234,604.89333694432,-1.0
11.6,0.0,0.0,0.16801039664654002,2.8633428509748,-2.872701839952,167.691020748447,604.96158458896,-1.0
11.64,0.0,0.0,0.17136396872956,2.9279331345035997,-2.8772682520824002,167.71293363773,605.04283178496,-1.0
11.68,0.0,0.0,0.17413896051044,2.9881151790972,-2.8722508362848003,167.831001593419,605.4263185500799,-1.0
11.72,0.0,0.0,0.172888568957,3.0528971251884,-2.8716307062424002,167.853895656849,605.52056529744,-1.0
11.76,0.0,0.0,0.17049472723298,3.1148041328436,-2.8710669516584,167.86992150125,605.549814288,-1.0
11.8,0.0,0.0,0.17670555369908,3.1778611158732,-2.8717998326176,167.80254754315598,605.29632303648,-1.0
11.84,0.0,0.0,0.17717993470510002,3.242451399402,-2.8662750376944,167.810723994381,605.38407000816,-1.0
11.88,0.0,0.0,0.17421299685242,3.304262575776,-2.8678535505296,167.810723994381,605.3548210176,-1.0
11.92,0.0,0.0,0.17640392415768,3.3690445218672,-2.8686428069472,167.821843968047,605.43281832576,-1.0
11.96,0.0,0.0,0.17859210937620001,3.4308556982411997,-2.8628925101904,167.867305036858,605.549814288,-1.0
12.0,0.0,0.0,0.17505755956834002,3.4942960063956,-2.869319312448,167.848662728065,605.51406552176,-1.0
12.04,0.0,0.0,0.16981194763472002,3.5590779524868,-2.8683609296552,167.852914482702,605.51406552176,-1.0
12.08,0.0,0.0,0.17485738723632002,3.619547490924,-2.8688683087808,167.83067453537,605.4100691108799,-1.0
12.12,0.0,0.0,0.17475593002694,3.6849044247024,-2.8671206695704,167.785540524608,605.28657337296,-1.0
12.16,0.0,0.0,0.17009164048220002,3.7470989262012,-2.8686428069472,167.749564139218,605.17932707424,-1.0
12.2,0.0,0.0,0.16999566744630001,3.8104434030744,-2.8692629369896,167.701159547966,605.0785805512,-1.0
12.24,0.0,0.0,0.17217836849134002,3.8745545301971998,-2.8697703161152,167.68676899381,605.08183043904,-1.0
12.28,0.0,0.0,0.16923062524584,3.9347365747908,-2.8671770450288,167.74531238458098,605.3710704568,-1.0
12.32,0.0,0.0,0.16514765808998,3.9994226896008,-2.8655421567352,167.73550064311098,605.48156664336,-1.0
12.36,0.0,0.0,0.16790071317694,4.060371384444,-2.8618213764808003,167.754142951904,605.68955946512,-1.0
12.4,0.0,0.0,0.16780474014104002,4.12314087363,-2.860862993688,167.770495854354,605.97879948288,-1.0
12.44,0.0,0.0,0.16315964520348,4.1858145315348,-2.8531395558872,167.670743149409,605.88455273552,-1.0
12.48,0.0,0.0,0.1596580004365,4.245804913565999,-2.8551126969312,167.564122225435,605.91705161392,-1.0
12.52,0.0,0.0,0.16127308952636002,4.3106826909384,-2.8544925668888,167.381950892142,605.76430688544,-1.0
12.56,0.0,0.0,0.15437125720178002,4.371823048344,-2.8538724368464,167.194873688114,605.7285581192,-1.0
12.6,0.0,0.0,0.14861013296104,4.4340175498428,-2.8543234405136,166.965278937716,605.70580890432,-1.0
12.64,0.0,0.0,0.14058952924654,4.4987036646528,-2.8635126402328,166.642799701402,605.45556754064,-1.0
12.68,0.0,0.0,0.14277497237832001,4.5594606969336,-2.8648656512344,166.261777074317,605.2053261769599,-1.0
12.72,0.0,0.0,0.1375979126132,4.6242426430248,-2.8654857812768,165.852627455018,605.05908122416,-1.0
12.76,0.0,0.0,0.13299394897674,4.6863413132424,-2.8745058546208,165.41208026301499,604.9973333552,-1.0
12.8,0.0,0.0,0.12500076612964,4.749398296272,-2.8805944041280003,164.999005947128,605.26382415808,-1.0
12.84,0.0,0.0,0.12605921161128,4.8144677362068,-2.8826239206304,164.537527039989,605.4848165312,-1.0
12.88,0.0,0.0,0.12033921867164,4.876374743862,-2.8807635305032,164.039090573313,605.82280486656,-1.0
12.92,0.0,0.0,0.10841388343938001,4.9403900397036,-2.869883067032,163.54294351298,606.33953703312,-1.0
12.96,0.0,0.0,0.09932386589628,5.002392878639999,-2.8590589790192,162.892752111568,606.51828086432,-1.0
13.0,0.0,0.0,0.08911507696326,5.0647790427012,-2.8376363048272,162.108139852017,606.39153523856,-1.0
13.04,0.0,0.0,0.08060912389578001,5.1289860011052,-2.8239934438944,161.236530151432,606.1575433140799,-1.0
13.08,0.0,0.0,0.07493026225724,5.189743033386,-2.8317732571536,160.306704118125,605.97879948288,-1.0
13.12,0.0,0.0,0.06756775936034,5.2533750041028,-2.8388765649120002,159.405986251179,605.9950489220801,-1.0
13.16,0.0,0.0,0.06640511458258,5.314802855352,-2.8380873084944,158.515734241801,606.22904084656,-1.0
13.2,0.0,0.0,0.06524246980482,5.3764223691636,-2.7907319234384,157.61992224559,606.443533444,-1.0
13.24,0.0,0.0,0.06520408059046,5.4406293275676,-2.7549898828128,156.67079978739199,606.46953254672,-1.0
13.28,0.0,0.0,0.06516843346284,5.5014821911295995,-2.7354839742064,155.628792843278,606.16404308976,-1.0
13.32,0.0,0.0,0.06625429981188001,5.565305824408799,-2.7199807231464,154.622762284554,605.95930015584,-1.0
13.36,0.0,0.0,0.07351260341266,5.6271170007828,-2.7251108898608,153.677891580993,605.95930015584,-1.0
13.4,0.0,0.0,0.07627662684658,5.6891198397192,-2.7277041609472,152.809552460898,606.0697963424,-1.0
13.44,0.0,0.0,0.08800453183356001,5.7521768227488,-2.7394866317528,151.908834593952,605.90405206256,-1.0
13.48,0.0,0.0,0.10532080959666,5.8134130114356,-2.7354839742064,151.17916808663298,606.11529477216,-1.0
13.52,0.0,0.0,0.12262063483932001,5.8768533195899995,-2.7292826737824,150.572475405738,606.50203142512,-1.0
13.56,0.0,0.0,0.12534901114562,5.939431146213599,-2.7147378055152003,150.016803780487,606.77502200368,-1.0
13.6,0.0,0.0,0.12863403106014,6.0016256477124,-2.6960211533264,149.543550783584,606.98626471328,-1.0
13.64,0.0,0.0,0.13806680944574,6.0660242686788,-2.6812507832256003,149.167761085283,607.21375686208,-1.0
13.68,0.0,0.0,0.14245689031648,6.1275479512092,-2.6844641843544,148.775618484532,607.02201347952,-1.0
13.72,0.0,0.0,0.14517155618908,6.1913715844884,-2.68919972286,148.53294141217398,606.9472660592,-1.0
13.76,0.0,0.0,0.14843738149642,6.253757748549599,-2.6947808932416,148.325586609108,606.6547761536,-1.0
13.8,0.0,0.0,0.14779573319926,0.0329659607328,-2.6923567485304,148.325586609108,606.62552716304,-1.0
13.84,0.0,0.0,0.1426981939496,0.0973645816992,-2.6853098162304,148.51135558094,606.90826740512,-1.0
13.88,0.0,0.0,0.13927606969808,0.16032573344759998,-2.6774736275128,148.827620714323,607.14550921744,-1.0
13.92,0.0,0.0,0.12639100410682,0.224245198008,-2.6826037942272,149.127205887207,606.90176762944,-1.0
13.96,0.0,0.0,0.12520916472188,0.2864396995068,-2.6966976588272003,149.522946126497,606.72302379824,-1.0
14.0,0.0,0.0,0.12458396894516001,0.3487300322868,-2.7135539208888,149.994890891204,606.45328310752,-1.0
14.04,0.0,0.0,0.11895446486794001,0.4129369906908,-2.7264639008624,150.583268321355,606.31678781824,-1.0
14.08,0.0,0.0,0.10111170645076001,0.4744606732212,-2.7356531005816,151.271398456451,606.1510435384,-1.0
14.12,0.0,0.0,0.08273149903254,0.538571800344,-2.7251108898608,152.105396481401,606.2940386033599,-1.0
14.16,0.0,0.0,0.07602709695324,0.6007663018428,-2.718514961228,152.8416041497,605.83580441792,-1.0
14.2,0.0,0.0,0.0709926256986,0.6629608033416,-2.7139485490976,153.690646844904,605.64406103536,-1.0
14.24,0.0,0.0,0.06873588831158,0.7273594243079999,-2.7163163183504,154.68948212655,605.90405206256,-1.0
14.28,0.0,0.0,0.0664818930113,0.7890747694008,-2.7224048678576,155.754056076045,606.28428893984,-1.0
14.32,0.0,0.0,0.0675513068399,0.8523234149928,-2.7548207564376,156.677340948372,606.17054286544,-1.0
14.36,0.0,0.0,0.06917462218998001,0.9144220852103999,-2.7742702895856,157.673886823675,606.32003770608,-1.0
14.4,0.0,0.0,0.07024403601858001,0.976520755428,-2.7764125570048,158.678609150203,606.43378378048,-1.0
14.44,0.0,0.0,0.07241576871666,1.0390985820515999,-2.7627133206136,159.695432624544,606.71327413472,-1.0
14.48,0.0,0.0,0.07624372180570001,1.1010055897067998,-2.7507053479744,160.620679845165,606.7522727887999,-1.0
14.52,0.0,0.0,0.0822763126337,1.1642542352988,-2.7611911832368,161.35492516517,606.41428445344,-1.0
14.56,0.0,0.0,0.08443707698482,1.2267362306412,-2.7772018134224,162.067257595892,606.10554510864,-1.0
14.6,0.0,0.0,0.09376839816104,1.2883557444528,-2.8264175886056,162.69259258558,605.67006013808,-1.0
14.64,0.0,0.0,0.10198369003408,1.3517002213259999,-2.8332390190720003,163.331991071375,605.37432034464,-1.0
14.68,0.0,0.0,0.11404887169008,1.413990554106,-2.8393275685792,163.923312023967,605.1760771864,-1.0
14.72,0.0,0.0,0.1211453921732,1.4773350309792,-2.8380873084944,164.48192717165898,605.11432931744,-1.0
14.76,0.0,0.0,0.12438105452640001,1.5388587135096,-2.837467178452,164.928361408544,604.79584030912,-1.0
14.8,0.0,0.0,0.1336630181413,1.6004782273212,-2.8403423268304,165.286489972199,604.4253530953599,-1.0
14.84,0.0,0.0,0.13798728893028,1.6635352103507999,-2.856634834308,165.625649169012,604.17511173168,-1.0
14.88,0.0,0.0,0.14120924084978,1.7271671810676,-2.8581005962264,165.954996624355,604.10036431136,-1.0
14.92,0.0,0.0,0.1444257085958,1.7902241640971999,-2.8624978819816,166.381480320251,604.574847936,-1.0
14.96,0.0,0.0,0.15093268042982,1.8528019907208,-2.854661693264,166.73503007122,604.86408795376,-1.0
15.0,0.0,0.0,0.15688300865562002,1.9146131670948,-2.8557328269736,166.946963686972,604.87708750512,-1.0
15.04,0.0,0.0,0.15789483866268,1.977478487562,-2.8547744441808,167.165765521753,605.02333245792,-1.0
15.08,0.0,0.0,0.158355509235,2.0398646516232,-2.857762343476,167.325696907714,605.11757920528,-1.0
15.12,0.0,0.0,0.16100710711258,2.1029216346528,-2.8606938673128,167.46633186878398,605.22807539184,-1.0
15.16,0.0,0.0,0.15873117511838,2.166266111526,-2.8610321200632,167.629533835235,605.4945661947199,-1.0
15.2,0.0,0.0,0.1586434283427,2.229035600712,-2.8618213764808003,167.759048822639,605.73180800704,-1.0
15.24,0.0,0.0,0.16074386678554,2.2928592339911997,-2.8569167116000003,167.830347477321,605.7285581192,-1.0
15.28,0.0,0.0,0.16120179527112,2.3557245544584,-2.8599609863536,167.830347477321,605.60831226912,-1.0
15.32,0.0,0.0,0.16002269797292,2.4188773687692,-2.857480466184,167.860436817829,605.67006013808,-1.0
15.36,0.0,0.0,0.16266332750354,2.4721595611164,-2.8579314698512,167.920615498845,605.85530374496,-1.0
15.4,0.0,0.0,0.1669382407312,2.5341624000528,-2.8537033104712,167.93860369153998,605.92680127744,-1.0
15.44,0.0,0.0,0.16466779291048,2.5964527328328,-2.8570294625168002,167.999436488654,606.07954600592,-1.0
15.48,0.0,0.0,0.1640316287868,2.6590305594564,-2.85832609806,168.034758757946,606.199791856,-1.0
15.52,0.0,0.0,0.16775538257972,2.7216083860799998,-2.853534184096,168.037375222338,606.18679230464,-1.0
15.56,0.0,0.0,0.16875350215308002,2.7850486942344,-2.8595663581448,167.993222385723,606.04379723968,-1.0
15.6,0.0,0.0,0.16757440485488,2.8470515331708,-2.8503771584256,168.029852887211,606.18679230464,-1.0
15.64,0.0,0.0,0.17074425712632002,2.9105876726064,-2.85550732514,168.07596807212,606.2972884912,-1.0
15.68,0.0,0.0,0.17336843413650002,2.9730696679488,-2.8549999460144,168.065829272601,606.2485401736,-1.0
15.72,0.0,0.0,0.1721893368383,3.0353600007288,-2.8595099826864,168.057325763327,606.19004219248,-1.0
15.76,0.0,0.0,0.16992437319106002,3.098704477602,-2.8618777519392,167.993549443772,605.97554959504,-1.0
15.8,0.0,0.0,0.17200287493998,3.1604198226948,-2.8608066182296,168.00728588183,606.02754780048,-1.0
15.84,0.0,0.0,0.17624762521350001,3.223764299568,-2.8556200760568,167.952667187647,605.83255453008,-1.0
15.88,0.0,0.0,0.17344247047848002,3.2877795954096,-2.8565784588496,167.894777912974,605.65706058672,-1.0
15.92,0.0,0.0,0.17280630635480002,3.3499740969084,-2.8556764515152,167.92225078909,605.73505789488,-1.0
15.96,0.0,0.0,0.17758576354262,3.4134144050627997,-2.8588334771856,167.842121567085,605.4848165312,-1.0
16.0,0.0,0.0,0.17478335089434002,3.4751297501555998,-2.8638508929832,167.844410973428,605.48806641904,-1.0
16.04,0.0,0.0,0.17036310706946,3.5384742270287997,-2.8621032537728,167.833290999762,605.4523176528,-1.0
16.08,0.0,0.0,0.16972968503252,3.6012437162147997,-2.8669515431952,167.752834719708,605.1728272985599,-1.0
16.12,0.0,0.0,0.17396072487234002,3.66315072387,-2.8598482354368002,167.81105105243,605.39056978384,-1.0
16.16,0.0,0.0,0.17008615630872,3.7265910320244,-2.8669515431952,167.780634653873,605.35157112976,-1.0
16.2,0.0,0.0,0.16675726300636,3.7884022083984,-2.870728698908,167.716858334318,605.14032842016,-1.0
16.24,0.0,0.0,0.16990243649714,3.8516508539904,-2.869883067032,167.66714551087,605.01033290656,-1.0
16.28,0.0,0.0,0.16927175654694002,3.9143245118951997,-2.8633435138576,167.730921830425,605.3255720270399,-1.0
16.32,0.0,0.0,0.16487070732924,3.976519013394,-2.8604119900208,167.700832489917,605.31907225136,-1.0
16.36,0.0,0.0,0.16424276946578,4.0404384779544,-2.8566912097664,167.606966829854,605.143578308,-1.0
16.4,0.0,0.0,0.16738520086982,4.1027288107343995,-2.8551126969312,167.550712845426,605.15657785936,-1.0
16.44,0.0,0.0,0.16352982691338,4.1645399871084,-2.8540415632216,167.496421209292,605.2735738215999,-1.0
16.48,0.0,0.0,0.15967719504368,4.2275011388568,-2.8534214331792,167.447035443893,605.4685670920001,-1.0
16.52,0.0,0.0,0.16120453735786,4.2893123152307995,-2.8505462848008,167.40026614288598,605.7773064368,-1.0
16.56,0.0,0.0,0.15467288674318,4.3533276110724,-2.8543234405136,167.157589070528,605.5465644001599,-1.0
16.6,0.0,0.0,0.14922161830406,4.4156179438524,-2.8572549643504,166.88874735425,605.32882191488,-1.0
16.64,0.0,0.0,0.14753249287222,4.4788665894444,-2.860862993688,166.585237484778,605.22157561616,-1.0
16.68,0.0,0.0,0.138338276033,4.5415402473492,-2.8587771017272,166.352045095841,605.47181697984,-1.0
16.72,0.0,0.0,0.135047771945,4.6030639298796,-2.858889852644,166.034471730262,605.6148120447999,-1.0
16.76,0.0,0.0,0.13176275203048002,4.6666000693152,-2.8570294625168002,165.63447973633498,605.65706058672,-1.0
16.8,0.0,0.0,0.1284804742027,4.728794570814,-2.8658804094856,165.127866818434,605.54331451232,-1.0
16.84,0.0,0.0,0.12573564537596002,4.7927140353743996,-2.8821165415048,164.493047145325,605.22807539184,-1.0
16.88,0.0,0.0,0.11871590332156001,4.8573043189032,-2.8809326568784,163.94849549373998,605.4035693352,-1.0
16.92,0.0,0.0,0.11010026678448001,4.9196904829644,-2.8681918032800002,163.44482609828,605.9203015017599,-1.0
16.96,0.0,0.0,0.09722342745344001,4.9843765977744,-2.8690938106144,162.738707770489,605.91705161392,-1.0
17.0,0.0,0.0,0.08916169243784,5.0467627618356,-2.8465436272544,161.98549308364198,605.874803072,-1.0
17.04,0.0,0.0,0.0805762188549,5.1104905638336,-2.8291236106088,161.257788924617,606.1672929776,-1.0
17.08,0.0,0.0,0.0746670219302,5.1968345481948,-2.8258538340216,160.438508511872,606.31678781824,-1.0
17.12,0.0,0.0,0.06929527400654001,5.2594123748184,-2.8464308763376,159.436729707785,605.98204937072,-1.0
17.16,0.0,0.0,0.06659431856764,5.322565189129199,-2.8427100960832,158.499381339351,606.01129836128,-1.0
17.2,0.0,0.0,0.0654947417849,5.3842805342219995,-2.7814299728024,157.56105179677,606.11529477216,-1.0
17.24,0.0,0.0,0.06545909465728,5.4479125049388,-2.7541442509368,156.58641881075,606.09254555728,-1.0
17.28,0.0,0.0,0.06489422478884001,5.5094361874692,-2.7266330272376003,155.598049386672,605.96904981936,-1.0
17.32,0.0,0.0,0.0664544721439,5.57258900178,-2.7244343843600003,154.540670714255,605.6213118204801,-1.0
17.36,0.0,0.0,0.0738581063419,5.6354543222472,-2.7236451279424,153.65139987902398,605.75780710976,-1.0
17.4,0.0,0.0,0.07647405709186,5.6970738360588,-2.7273659081968002,152.889354624854,606.30703815472,-1.0
17.44,0.0,0.0,0.08280279328778001,5.7592683375576,-2.7308611866176,152.098201204323,606.51178108864,-1.0
17.48,0.0,0.0,0.10663152705838,5.8210795139316,-2.7330598294952,151.361666477975,606.64177660224,-1.0
17.52,0.0,0.0,0.12513238629316,5.884232328242399,-2.7231941242752002,150.67582574922199,606.8010211064,-1.0
17.56,0.0,0.0,0.12612502169304002,5.9475768051156,-2.7098895160928,150.119172949824,607.0577622457599,-1.0
17.6,0.0,0.0,0.1281788446613,6.009771306614399,-2.6919621203216,149.620736483148,607.21375686208,-1.0
17.64,0.0,0.0,0.13816826665512,6.073786602456,-2.6824910433104,149.24429266874898,607.4477487865599,-1.0
17.68,0.0,0.0,0.1423280122397,6.1358852726736,-2.690890986612,148.780524355267,606.9797649376,-1.0
17.72,0.0,0.0,0.14859916461408001,6.199325580828,-2.6895943510688003,148.594428325386,607.15525888096,-1.0
17.76,0.0,0.0,0.15327716459252,6.2627658889824,-2.6930896294896,148.378897071095,606.78152177936,-1.0
17.8,0.0,0.0,0.1494985690648,0.0418782698844,-2.6960775287848002,148.389362928663,606.86926875104,-1.0
17.84,0.0,0.0,0.14519623496974002,0.10598939700719999,-2.6903836074864,148.536211992664,606.94076628352,-1.0
17.88,0.0,0.0,0.13931445891244001,0.1695255364428,-2.692864127656,148.778234948924,606.99276448896,-1.0
17.92,0.0,0.0,0.12869161488168002,0.2330616758784,-2.6979942943704,149.17724576870398,607.13900944176,-1.0
17.96,0.0,0.0,0.12862306271318,0.2964061527516,-2.6942171386576,149.69039984758498,607.30800360944,-1.0
18.0,0.0,0.0,0.12697506858244,0.3589839793752,-2.6999674354144,150.29872781872498,607.5322458704,-1.0
18.04,0.0,0.0,0.11742986464050001,0.4229992752168,-2.7146814300568,150.910653428404,607.39900046896,-1.0
18.08,0.0,0.0,0.09789523870474001,0.4846187890284,-2.732045071244,151.455859196087,606.78802155504,-1.0
18.12,0.0,0.0,0.077326846068,0.5481549284639999,-2.7283242909896,152.205476244395,606.687275032,-1.0
18.16,0.0,0.0,0.07360583436182,0.6111160802123999,-2.72866254374,152.971446195153,606.37203591152,-1.0
18.2,0.0,0.0,0.06936382617504,0.6728314253052,-2.7217283623568003,153.782223098624,606.03404757616,-1.0
18.24,0.0,0.0,0.06880169839334001,0.7366550585844,-2.7212209832312,154.778768973927,606.23879051008,-1.0
18.28,0.0,0.0,0.06719209347696001,0.7979870785523999,-2.7287752946568,155.800825377052,606.47278243456,-1.0
18.32,0.0,0.0,0.0687304041381,0.8613315554255999,-2.7507053479744,156.788867743081,606.52803052784,-1.0
18.36,0.0,0.0,0.06921849557782,0.9234302256432,-2.7759051778792,157.693837364664,606.3135379304,-1.0
18.4,0.0,0.0,0.06970658701754,0.98466641433,-2.7835158647632,158.577548213062,606.0730462302399,-1.0
18.44,0.0,0.0,0.06967093988992,1.0465734219851999,-2.777709192548,159.53975299322,606.19329208032,-1.0
18.48,0.0,0.0,0.0753936749163,1.1079054419532,-2.7718461448744,160.503593063623,606.4630327710399,-1.0
18.52,0.0,0.0,0.07796849436516,1.1707707624204,-2.7741575386688,161.267927724136,606.03404757616,-1.0
18.56,0.0,0.0,0.08472773817926,1.2331569264816,-2.7959748410696,161.98156838705398,605.71880845568,-1.0
18.6,0.0,0.0,0.09252349078108,1.2948722715743999,-2.853534184096,162.615079827967,605.34507135408,-1.0
18.64,0.0,0.0,0.10292696787264001,1.3586000735724,-2.8591153544776002,163.295360569887,605.24432483104,-1.0
18.68,0.0,0.0,0.11488246605904001,1.4205070812276,-2.865654907652,163.944897855201,605.2898232608,-1.0
18.72,0.0,0.0,0.12160880483226001,1.4838515581008,-2.8587771017272,164.52771529851898,605.26707404592,-1.0
18.76,0.0,0.0,0.12571645076878002,1.5480585165048,-2.875520612872,165.224348942889,605.8520538571199,-1.0
18.8,0.0,0.0,0.1313870861471,1.6101571867224,-2.8765917465816,165.595886886553,605.40681922304,-1.0
18.84,0.0,0.0,0.1328815234204,1.6754182892196,-2.8696575651984,166.006671796097,605.4360682136,-1.0
18.88,0.0,0.0,0.1338549642131,1.7404877291543999,-2.8649784021512,166.542719938408,606.1022952208,-1.0
18.92,0.0,0.0,0.14523736627084,1.8032572183403999,-2.8645837739424,166.72848891024,605.6473109231999,-1.0
18.96,0.0,0.0,0.15400655966536,1.8661225388076,-2.8724763381184,166.671580809714,604.5780978238399,-1.0
19.0,0.0,0.0,0.15756578825388,1.92860453415,-2.8830749242976,166.991443581636,604.9973333552,-1.0
19.04,0.0,0.0,0.15800452213228,1.9923323361479999,-2.8816091623792,167.196508978359,605.16307763504,-1.0
19.08,0.0,0.0,0.15896151040454,2.0544310063655997,-2.8862883254264,167.178520785664,604.5780978238399,-1.0
19.12,0.0,0.0,0.16147326185838,2.1177754832388,-2.8739421000368,167.390127343367,604.95508481328,-1.0
19.16,0.0,0.0,0.159315239594,2.1801616473,-2.8653730303600002,167.505251776615,605.04283178496,-1.0
19.2,0.0,0.0,0.1592329769918,2.2422603175176,-2.8722508362848003,167.565430457631,604.9973333552,-1.0
19.24,0.0,0.0,0.16122373196504,2.3053173005472,-2.8767044974984,167.427411960953,604.34085601152,-1.0
19.28,0.0,0.0,0.16165698166996,2.3670326456399997,-2.8759716165392,167.356767422369,604.00286767616,-1.0
19.32,0.0,0.0,0.16209297346162002,2.4301854599508,-2.87664812204,167.418908451679,604.18811128304,-1.0
19.36,0.0,0.0,0.16407824426138,2.4921882988872,-2.8679663014464,167.436896644374,604.17836161952,-1.0
19.4,0.0,0.0,0.16709728176212002,2.5440330220164,-2.8674589223208002,167.563795167386,604.55209872112,-1.0
19.44,0.0,0.0,0.16494200158448,2.6057483671092,-2.8682481787384,167.731575946523,605.12407898096,-1.0
19.48,0.0,0.0,0.16434148458842002,2.667942868608,-2.8748441073712,167.82413337439,605.37432034464,-1.0
19.52,0.0,0.0,0.16890431692378,2.7309040203564,-2.8671770450288,167.947761316912,605.8520538571199,-1.0
19.56,0.0,0.0,0.1688165701481,2.7938651721048,-2.865654907652,168.025274074525,606.1022952208,-1.0
19.6,0.0,0.0,0.16769779875818,2.856251336166,-2.8592281053944,168.065502214552,606.22254107088,-1.0
19.64,0.0,0.0,0.17019035560484,2.9196916443204,-2.8685300560304,167.97458007693,605.90080217472,-1.0
19.68,0.0,0.0,0.17319568267188,2.9818861458192,-2.8800870250024,167.860763875878,605.48806641904,-1.0
19.72,0.0,0.0,0.17207691128196,3.0448472975675998,-2.8756897392472003,167.784559350461,605.2735738215999,-1.0
19.76,0.0,0.0,0.16992711527780002,3.107808449316,-2.870728698908,167.799604020715,605.31907225136,-1.0
19.8,0.0,0.0,0.17498626531310002,3.1701946133772,-2.8730964681608,167.768860564109,605.2053261769599,-1.0
19.84,0.0,0.0,0.17592680106492,3.233826584094,-2.8783957612504,167.643597331342,604.7535917672,-1.0
19.88,0.0,0.0,0.17326423484038,3.2978418799356,-2.8750132337464,167.583418650326,604.56184838464,-1.0
19.92,0.0,0.0,0.17266097575758002,3.3608988629652,-2.8767044974984,167.698870141623,605.02333245792,-1.0
19.96,0.0,0.0,0.17668087491842002,3.4237641834323997,-2.871574330784,167.72601595969,605.09807987824,-1.0
20.0,0.0,0.0,0.17453930517448002,3.4860545162123997,-2.8659931604024003,167.92225078909,605.7675567732799,-1.0
20.04,0.0,0.0,0.17034391246228,3.5495906556479997,-2.8668387922784,167.937949575442,605.7773064368,-1.0
20.08,0.0,0.0,0.1728200167885,3.6112101694596,-2.8590026035608003,168.044897557465,606.10879499648,-1.0
20.12,0.0,0.0,0.1732450402332,3.674171321208,-2.8658240340272,168.034431699897,606.09579544512,-1.0
20.16,0.0,0.0,0.16957064400160002,3.736461653988,-2.866218662236,168.113906805804,606.3785356871999,-1.0
20.2,0.0,0.0,0.16692178821076,3.7989436493304,-2.8590026035608003,167.87450031393598,605.5628138393599,-1.0
20.24,0.0,0.0,0.17093071902464002,3.8621922949223997,-2.8579878453096,167.860436817829,605.6310614839999,-1.0
20.28,0.0,0.0,0.16931014576130002,3.9241951338587997,-2.8692065615312,167.819554561704,605.59206282992,-1.0
20.32,0.0,0.0,0.16513394765628,3.9881145984192,-2.8804252777528,167.593557449845,604.9323355984,-1.0
20.36,0.0,0.0,0.16760456780902,4.0508840876051995,-2.87241996266,167.40549907167,604.41885331968,-1.0
20.4,0.0,0.0,0.16802959125372,4.1141327331971995,-2.8761971183728,167.325369849665,604.4253530953599,-1.0
20.44,0.0,0.0,0.16436890545582,4.1761355721335995,-2.8650347776096,167.317847514538,604.66584479552,-1.0
20.48,0.0,0.0,0.16071370383140002,4.23813841107,-2.8569167116000003,167.367233279937,605.2085760648,-1.0
20.52,0.0,0.0,0.16216152563012,4.3026328633176,-2.863118012024,167.176885495419,604.9973333552,-1.0
20.56,0.0,0.0,0.15851180817918,4.36511485866,-2.866218662236,166.958737776736,604.85433829024,-1.0
20.6,0.0,0.0,0.15384751863444002,4.427884347846,-2.8626106328984,166.78997582345198,605.0525814484799,-1.0
20.64,0.0,0.0,0.1415465175188,4.4915163185628,-2.8615958746472,166.566268117936,605.16957741072,-1.0
20.68,0.0,0.0,0.14300256557774002,4.553902482624,-2.8578750943928,166.194730174272,604.93558548624,-1.0
20.72,0.0,0.0,0.13530004392508,4.6177261159032,-2.8544925668888,165.922944935553,605.21507584048,-1.0
20.76,0.0,0.0,0.13370689152914,4.6804956050892,-2.8549999460144,165.508889445519,605.19882640128,-1.0
20.8,0.0,0.0,0.12550805217654,4.7433609255563995,-2.8600737372704,165.02713293934198,605.2085760648,-1.0
20.84,0.0,0.0,0.12595227022842,4.8061304147424,-2.8673461714040003,164.544722317067,605.38082012032,-1.0
20.88,0.0,0.0,0.11928899945022,4.87062486699,-2.8702776952408002,163.877850955156,605.13057875664,-1.0
20.92,0.0,0.0,0.10755835237650001,4.934352668988,-2.8644710230256,163.320871097709,605.4523176528,-1.0
20.96,0.0,0.0,0.09685598783028,4.996643001768,-2.863399889316,162.66479265141498,605.63431137184,-1.0
21.0,0.0,0.0,0.08920556582568001,5.0599874786412,-2.8372980520768,161.927930867018,605.6993091286399,-1.0
21.04,0.0,0.0,0.08054605590076,5.1228527991084,-2.8200471618064,161.173735006024,605.874803072,-1.0
21.08,0.0,0.0,0.07493574643072,5.1703851145836,-2.8212310464328,160.37702159866,606.12829432352,-1.0
21.12,0.0,0.0,0.06933092113416,5.233346266332,-2.8165518833856003,159.54433180590598,606.37203591152,-1.0
21.16,0.0,0.0,0.06777890003932001,5.2962115867992,-2.80899757196,158.697578517045,606.72627368608,-1.0
21.2,0.0,0.0,0.06622962103122,5.3589810759851995,-2.752903990852,157.872084001369,607.21700674992,-1.0
21.24,0.0,0.0,0.06366851201606,5.4217505651712,-2.7259565217368,156.907262756819,607.1585087688,-1.0
21.28,0.0,0.0,0.06414015093534,5.4846158856384,-2.68919972286,155.87016168344,606.89201796592,-1.0
21.32,0.0,0.0,0.066632707782,5.5472895435432,-2.6827165451440003,154.857917021785,606.6840251441599,-1.0
21.36,0.0,0.0,0.07114069838256,5.609484045042,-2.67651524472,154.095217651517,607.35025215136,-1.0
21.4,0.0,0.0,0.0716095952151,5.6710077275724,-2.7054922303376,153.677564522944,609.0759425944,-1.0
21.44,0.0,0.0,0.08165385894372,5.7336813854772,-2.7538623736448002,152.282989002008,606.9797649376,-1.0
21.48,0.0,0.0,0.09924434538082001,5.795396730569999,-2.7352584723728,151.530428431259,607.1910076472,-1.0
21.52,0.0,0.0,0.11681837929748001,5.8583578823183995,-2.7282679155312,150.855380618123,607.42824945952,-1.0
21.56,0.0,0.0,0.12581790797816,5.921414865348,-2.6963594060768,150.19276101084898,607.33075282432,-1.0
21.6,0.0,0.0,0.1307838270643,5.982746885316,-2.6687918069192,149.772164359835,607.6947402624,-1.0
21.64,0.0,0.0,0.13021621510912001,6.04695384372,-2.6733018435912,149.167761085283,607.0577622457599,-1.0
21.68,0.0,0.0,0.13467210606162,6.1086691888128,-2.6792212667232,148.705628062046,606.68077525632,-1.0
21.72,0.0,0.0,0.14816591490916,6.1712470154364,-2.6707085725048,148.653625832255,607.3697514784,-1.0
21.76,0.0,0.0,0.15009908606086,6.2344956610284,-2.6543033141104,148.505468536058,607.25275551616,-1.0
21.8,0.0,0.0,0.15153045533914,0.0123622352748,-2.657629466156,148.320680738373,606.59302828464,-1.0
21.84,0.0,0.0,0.14493573672944002,0.0764733623976,-2.6588697262408,148.517242625822,606.93101662,-1.0
21.88,0.0,0.0,0.1423554331071,0.139913670552,-2.654810693236,148.917888735847,607.52899598256,-1.0
21.92,0.0,0.0,0.13877700991140002,0.202683159738,-2.6571220870304,149.375770004447,607.82798566384,-1.0
21.96,0.0,0.0,0.13520407088918002,0.2661234678924,-2.6690736842112,149.7672584891,607.57449441232,-1.0
22.0,0.0,0.0,0.12662682356646002,0.32745548786039996,-2.6817581623512,150.308212502146,607.58749396368,-1.0
22.04,0.0,0.0,0.12456203225124,0.3912791211396,-2.6941043877408,150.63886818968498,606.52803052784,-1.0
22.08,0.0,0.0,0.11450131600218001,0.4528986349512,-2.7074653713816,151.101982387069,605.66031047456,-1.0
22.12,0.0,0.0,0.08395721180532001,0.5162431118244,-2.714286801848,152.072036560403,606.35253658448,-1.0
22.16,0.0,0.0,0.0774228191039,0.5794917574164,-2.703857342044,152.862208806787,606.03404757616,-1.0
22.2,0.0,0.0,0.0698957910026,0.6414945963527999,-2.695119145992,153.71648443077498,605.80655542736,-1.0
22.24,0.0,0.0,0.06886202430162,0.7061807111628,-2.692300373072,154.744427878782,606.1672929776,-1.0
22.28,0.0,0.0,0.06733193990070001,0.7683752126615999,-2.7039137175024,155.803768899493,606.52153075216,-1.0
22.32,0.0,0.0,0.06330929865312,0.8328696649092,-2.7309175620760002,156.938660329523,607.15525888096,-1.0
22.36,0.0,0.0,0.0672633877322,0.8961183105011999,-2.75966904586,157.787703024727,606.6840251441599,-1.0
22.4,0.0,0.0,0.06972029745124,0.9584086432812,-2.7708313866232,158.615486946746,606.23879051008,-1.0
22.44,0.0,0.0,0.0701837101103,1.021561457592,-2.7574704029824,159.491675460017,606.06654645456,-1.0
22.48,0.0,0.0,0.07562126811572001,1.0834684652472,-2.7454624303432,160.415941506491,606.12504443568,-1.0
22.52,0.0,0.0,0.0830440969209,1.1481545800572,-2.7449550512176,161.362774558346,606.51178108864,-1.0
22.56,0.0,0.0,0.09244397026562,1.213703176398,-2.7556100128552,162.536585896207,607.74348858,-1.0
22.6,0.0,0.0,0.09836139345054,1.2753226902096,-2.7976097293632,163.073288154616,606.93426650784,-1.0
22.64,0.0,0.0,0.10526322577512001,1.3413504429564,-2.8353812864912,163.676710255021,606.5410300792,-1.0
22.68,0.0,0.0,0.11513748012586,1.4042157634235999,-2.8348739073656,164.34423573303,606.63202693872,-1.0
22.72,0.0,0.0,0.11904769581710001,1.4669852526095999,-2.8434993525008,164.66573379519699,605.7285581192,-1.0
22.76,0.0,0.0,0.11898736990882,1.5314797048572,-2.8419208396656,165.152723230158,605.61156215696,-1.0
22.8,0.0,0.0,0.12438105452640001,1.5923325684192,-2.8392711931208,165.6622796705,605.7610569976,-1.0
22.84,0.0,0.0,0.13075914828364002,1.6579769960411999,-2.8385383121616,166.166603182058,606.02754780048,-1.0
22.88,0.0,0.0,0.13762259139386002,1.7200756662588,-2.8513919166768003,166.405682615877,605.55631406368,-1.0
22.92,0.0,0.0,0.13805035692530002,1.7831326492883999,-2.8568603361416,166.667329055077,605.46206731632,-1.0
22.96,0.0,0.0,0.14985229825426,1.8483937517856,-2.8614831237304,166.937479003551,605.5465644001599,-1.0
23.0,0.0,0.0,0.1562029711441,1.908000808692,-2.8652039039848,167.12619149782398,605.48156664336,-1.0
23.04,0.0,0.0,0.15711334394178,1.9734535737516,-2.8587207262688,167.270424097433,605.36132079328,-1.0
23.08,0.0,0.0,0.15851729235266002,2.0357439065316,-2.8606374918544,167.40549907167,605.36457068112,-1.0
23.12,0.0,0.0,0.16140196760314002,2.097267589062,-2.8621032537728,167.384567356534,604.92258593488,-1.0
23.16,0.0,0.0,0.15984172024808002,2.162432860278,-2.8601301127288,167.590286869355,605.40031944736,-1.0
23.2,0.0,0.0,0.15927136620616,2.2222315797467997,-2.8655421567352,167.640653808901,605.3418214662399,-1.0
23.24,0.0,0.0,0.16116340605676002,2.287492682244,-2.8547180687224,167.725034785543,605.387319896,-1.0
23.28,0.0,0.0,0.16206829468096,2.350741327836,-2.8573113398088,167.833290999762,605.67655991376,-1.0
23.32,0.0,0.0,0.16100436502584,2.4121691790852,-2.8574240907256,167.865015630515,605.67006013808,-1.0
23.36,0.0,0.0,0.16387807192936002,2.4916133112,-2.8399476986216,168.047186963808,606.2322907344,-1.0
23.4,0.0,0.0,0.16674903674614,2.5520828496372,-2.8289544842336003,168.156097294125,606.59302828464,-1.0
23.44,0.0,0.0,0.16519153147782,2.6160981454787997,-2.835212160116,168.320934550821,607.0740116849599,-1.0
23.48,0.0,0.0,0.16658451154174,2.6786759721024,-2.8354376619496002,168.308506344959,607.03176314304,-1.0
23.52,0.0,0.0,0.16846832513212,2.74077464232,-2.840567828664,168.294442848852,606.96026561056,-1.0
23.56,0.0,0.0,0.16887689605638,2.8059399135359997,-2.8443449843768,168.091666858472,606.2485401736,-1.0
23.6,0.0,0.0,0.16781022431452,2.8656428017235998,-2.8472201327552003,167.999109430605,606.00154869776,-1.0
23.64,0.0,0.0,0.17018212934462001,2.9309039042208,-2.8518992958024,167.946126026667,605.81305520304,-1.0
23.68,0.0,0.0,0.1730393837277,2.9930984057196,-2.8492496492576,167.889872042239,605.66031047456,-1.0
23.72,0.0,0.0,0.17197545407258,3.055101244656,-2.8415262114568,167.889217926141,605.64081114752,-1.0
23.76,0.0,0.0,0.170420690891,3.1203623471532,-2.8430483488336002,167.914074337865,605.71230868,-1.0
23.8,0.0,0.0,0.17474221959324002,3.1800652353407997,-2.8481221400896,167.803855775352,605.29307314864,-1.0
23.84,0.0,0.0,0.17563613987048002,3.2451346752756,-2.8508281620928,167.805818123646,605.30282281216,-1.0
23.88,0.0,0.0,0.17310519380946002,3.3087666459924,-2.8477275118808,167.721764205053,605.0298322336,-1.0
23.92,0.0,0.0,0.17399911408670002,3.3710569787724,-2.851561043052,167.669107859164,604.84783851456,-1.0
23.96,0.0,0.0,0.17635456659636,3.4362222499883996,-2.8492496492576,167.617759745471,604.70159356176,-1.0
24.0,0.0,0.0,0.17431719614854002,3.4962126320196,-2.8395530704128,167.778018189481,605.25407449456,-1.0
24.04,0.0,0.0,0.16837509418296,3.5612820719544,-2.8508845375512,167.906879060787,605.6798098016,-1.0
24.08,0.0,0.0,0.17317100389122,3.6237640672967997,-2.8513919166768003,167.894123796876,605.5790632785599,-1.0
24.12,0.0,0.0,0.17357409064200002,3.6860544000768,-2.8560147042656,167.902954364199,605.61156215696,-1.0
24.16,0.0,0.0,0.1700779300485,3.7516988276988,-2.8596791090616,167.825114548537,605.41331899872,-1.0
24.2,0.0,0.0,0.16853413521388,3.8114975471676,-2.8574240907256,167.71620421821999,605.062331112,-1.0
24.24,0.0,0.0,0.1708868456368,3.8773336373519998,-2.8673461714040003,167.591268043502,604.69184389824,-1.0
24.28,0.0,0.0,0.16934305080218,3.9398156326944,-2.8677407996128,167.528472898094,604.574847936,-1.0
24.32,0.0,0.0,0.16342288553052,4.0015309777871995,-2.866500539528,167.501327080027,604.55209872112,-1.0
24.36,0.0,0.0,0.1677197354521,4.0671754054092,-2.8676844241544,167.389800285318,604.34410589936,-1.0
24.4,0.0,0.0,0.16763747284990002,4.1261116433472,-2.8608066182296,167.436896644374,604.71784300096,-1.0
24.44,0.0,0.0,0.16415776477684002,4.1894561202204,-2.8531959313456,167.470583623421,605.13707853232,-1.0
24.48,0.0,0.0,0.16068079879052,4.2524172719688,-2.8482912664648,167.377699137505,605.14682819584,-1.0
24.52,0.0,0.0,0.16254267568698,4.313653460655599,-2.8521247976360002,167.14058205198,604.79584030912,-1.0
24.56,0.0,0.0,0.1590684517874,4.3797770446836,-2.860862993688,166.918509636709,604.69509378608,-1.0
24.6,0.0,0.0,0.15608231932754002,4.4400549205584,-2.8736602227448,166.556129318417,604.14586274112,-1.0
24.64,0.0,0.0,0.14873901103782,4.5056993481804,-2.8736038472864003,166.225800688927,603.94436969504,-1.0
24.68,0.0,0.0,0.14431054095272,4.5687563312099995,-2.8661622867776,165.938970779954,603.98661823696,-1.0
24.72,0.0,0.0,0.13939946360138,4.6306633388652,-2.8608066182296,165.692696069057,604.36685511424,-1.0
24.76,0.0,0.0,0.12820626552870001,4.6967869228931995,-2.860299239104,165.258035921936,604.27910814256,-1.0
24.8,0.0,0.0,0.1291111541529,4.756585642361999,-2.8684173051136,164.81519932359,604.36685511424,-1.0
24.84,0.0,0.0,0.12614695838696,4.821271757172,-2.8671206695704,164.503840060942,605.1923266256,-1.0
24.88,0.0,0.0,0.11352787520948,4.8848078966076,-2.8639072684416003,163.994610678649,605.40681922304,-1.0
24.92,0.0,0.0,0.1081616114593,4.9469065668251995,-2.8549435705560002,163.33689694211,605.3548210176,-1.0
24.96,0.0,0.0,0.09700680260098,5.0117843441976,-2.853534184096,162.702077269001,605.61156215696,-1.0
25.0,0.0,0.0,0.08972382021954001,5.0709122446979995,-2.8281088523576,162.102579865184,606.16079320192,-1.0
25.04,0.0,0.0,0.08003876985386,5.1711517648331995,-2.821118295516,161.23391368704,605.9885491463999,-1.0
25.08,0.0,0.0,0.07469992697108001,5.232196290957599,-2.828165227816,160.308666466419,605.75780710976,-1.0
25.12,0.0,0.0,0.06743613919682,5.2963074180804,-2.8352685355744,159.292824166225,605.4198187744,-1.0
25.16,0.0,0.0,0.06692336897644001,5.3571602816423995,-2.8372416766184,158.367249887555,605.47506686768,-1.0
25.2,0.0,0.0,0.06592799148982001,5.419738108265999,-2.7836849911384,157.563668261162,606.07954600592,-1.0
25.24,0.0,0.0,0.06637769371518,5.4827950912956,-2.766152223576,156.56679532780998,605.92680127744,-1.0
25.28,0.0,0.0,0.0658649234948,5.5439354487012,-2.7319323203272,155.618654043759,605.93005116528,-1.0
25.32,0.0,0.0,0.06727435607916,5.6088132260735994,-2.7198115967712,154.642058709445,605.89755228688,-1.0
25.36,0.0,0.0,0.0739677898115,5.671391052697199,-2.712595538096,153.615096435585,605.55306417584,-1.0
25.4,0.0,0.0,0.07729119894038,5.7332022290712,-2.7232504997336,152.761474927695,605.76430688544,-1.0
25.44,0.0,0.0,0.08349379914626,5.7962592121008,-2.7400503863368,152.060916586737,606.281039052,-1.0
25.48,0.0,0.0,0.10791482365270001,5.8577828946312,-2.7370061115832,151.29461957793,606.281039052,-1.0
25.52,0.0,0.0,0.13326815765074002,5.9220856843164,-2.7292826737824,150.753338506835,606.99276448896,-1.0
25.56,0.0,0.0,0.13464194310748,5.9850468360648,-2.7169928238512,150.277796103589,607.52249620688,-1.0
25.6,0.0,0.0,0.13984642374,6.0471455062823996,-2.7109606498024,149.868973542339,607.99048005584,-1.0
25.64,0.0,0.0,0.14791638501582,6.112119114936,-2.7062251112968,149.31264780099,607.55499508528,-1.0
25.68,0.0,0.0,0.14976180939184,6.1743136164348,-2.7107351479688,148.735063286456,606.7522727887999,-1.0
25.72,0.0,0.0,0.15016763822936,6.2389997312448,-2.7084801296328003,148.47210861506,606.7197739104,-1.0
25.76,0.0,0.0,0.15391881288968,0.0189745936776,-2.7056049812544,148.419452269171,606.97651504976,-1.0
25.8,0.0,0.0,0.14476846943830002,0.0815524203012,-2.6916802430296,148.539155515105,607.37950114192,-1.0
25.84,0.0,0.0,0.13753484461818,0.1463343663924,-2.6895379756104,148.67782812788099,607.3860009176,-1.0
25.88,0.0,0.0,0.13460629597986,0.2096788432656,-2.6904399829448002,148.919196968043,607.4477487865599,-1.0
25.92,0.0,0.0,0.12213802757308001,0.27417329551319997,-2.6873393327328,149.274054951208,607.47374788928,-1.0
25.96,0.0,0.0,0.12160332065878,0.3362719657308,-2.6997419335808,149.674046945135,607.31125349728,-1.0
26.0,0.0,0.0,0.11820861727466,0.3989456236356,-2.7163163183504,150.066189545886,606.80752088208,-1.0
26.04,0.0,0.0,0.11195940159420001,0.4629609194772,-2.7358222269568,150.562336606219,606.33953703312,-1.0
26.08,0.0,0.0,0.10380991980292001,0.5231429640708,-2.7449550512176,151.172626925653,605.99179903424,-1.0
26.12,0.0,0.0,0.08472225400578,0.5876374163183999,-2.7490704596808,151.987328525712,606.11204488432,-1.0
26.16,0.0,0.0,0.07802059401322001,0.6481069547556,-2.7332289558704,152.754606708666,605.75780710976,-1.0
26.2,0.0,0.0,0.06942415208332,0.7097264685672,-2.721333734148,153.682797451728,605.86505340848,-1.0
26.24,0.0,0.0,0.06891686603642,0.772879282878,-2.7231377488168,154.73788671780198,606.28753882768,-1.0
26.28,0.0,0.0,0.06745807589074,0.8324863397844,-2.72020622498,155.941133280073,607.18450787152,-1.0
26.32,0.0,0.0,0.06315299970894,0.8970766233131999,-2.741910776464,156.965479089541,607.33400271216,-1.0
26.36,0.0,0.0,0.0654947417849,0.9576419930315999,-2.7602891759024,157.912966257494,607.24625574048,-1.0
26.4,0.0,0.0,0.07020838889096001,1.019644831968,-2.7662649744928,158.791444177108,607.01876359168,-1.0
26.44,0.0,0.0,0.07017548385008,1.0806893580924,-2.7651374653248,159.556432953719,606.41753434128,-1.0
26.48,0.0,0.0,0.07535528570194,1.139433933468,-2.7606838041112,160.352165186936,606.1412938748799,-1.0
26.52,0.0,0.0,0.0781631825237,1.2015326036856,-2.7641790825320003,161.132852749899,605.88130284768,-1.0
26.56,0.0,0.0,0.08428077804064,1.2622896359664,-2.7839668684304,161.929239099214,605.88130284768,-1.0
26.6,0.0,0.0,0.09370533016602,1.3235258246532,-2.811252590296,162.664138535317,605.79030598816,-1.0
26.64,0.0,0.0,0.1083261366637,1.3862953138392,-2.8430483488336002,163.44319080803498,605.94305071664,-1.0
26.68,0.0,0.0,0.11914915302648,1.447531502526,-2.8409060814144,164.063292868939,605.7838062124799,-1.0
26.72,0.0,0.0,0.12618260551458002,1.5102051604308,-2.8448523635024,164.557150522929,605.43931810144,-1.0
26.76,0.0,0.0,0.13084689505932,1.57163301168,-2.8553381987648,164.984288334923,605.13382864448,-1.0
26.8,0.0,0.0,0.13361640266672,1.6333483567728,-2.8584388489768,165.388205025438,604.8835872807999,-1.0
26.84,0.0,0.0,0.14629581175248002,1.697171990052,-2.856071079724,165.867018009174,605.10782954176,-1.0
26.88,0.0,0.0,0.14481234282614,1.7601331418004,-2.84846039284,166.295136995315,605.3418214662399,-1.0
26.92,0.0,0.0,0.14615870741548,1.8243401002044,-2.8428792224584,166.692185466801,605.64081114752,-1.0
26.96,0.0,0.0,0.15032942134702001,1.8872054206716,-2.841977215124,166.98032360797,605.73830778272,-1.0
27.0,0.0,0.0,0.15826776245932,1.9503582349824,-2.8425973451664,167.190621933477,605.70905879216,-1.0
27.04,0.0,0.0,0.15866262294988,2.0146610246675998,-2.8482912664648,167.311633411607,605.51406552176,-1.0
27.08,0.0,0.0,0.15952912235972,2.0774305138536,-2.8552818233064,167.489880048312,605.64406103536,-1.0
27.12,0.0,0.0,0.15945508601774,2.140870822008,-2.8568603361416,167.461753056098,605.15332797152,-1.0
27.16,0.0,0.0,0.15937830758902,2.2034486486316,-2.8684173051136,167.345647448703,604.4936007399999,-1.0
27.2,0.0,0.0,0.15977316807958,2.2661223065364,-2.8713488289504,167.315558108195,604.14586274112,-1.0
27.24,0.0,0.0,0.1615774611545,2.3292751208472,-2.8637945175248,167.326678081861,604.06461554512,-1.0
27.28,0.0,0.0,0.16056288906070001,2.391948778752,-2.8630616365656,167.480395364891,604.47410141296,-1.0
27.32,0.0,0.0,0.16236444004888,2.4549099305004,-2.8644710230256,167.58211041813,604.7308425523199,-1.0
27.36,0.0,0.0,0.16416599103706,2.4870134097023997,-2.8680226769048,167.589632753257,604.71459311312,-1.0
27.4,0.0,0.0,0.16689985151684,2.5484412609516,-2.8690938106144,167.61481622303,604.7470919915199,-1.0
27.44,0.0,0.0,0.16494748575796,2.6088149681076,-2.87241996266,167.63443970597,604.818589524,-1.0
27.48,0.0,0.0,0.1644018104967,2.6718719511372,-2.8748441073712,167.684152529418,604.94208526192,-1.0
27.52,0.0,0.0,0.16853961938736,2.7334914649488,-2.8740548509536,167.648503202077,604.8153396361599,-1.0
27.56,0.0,0.0,0.16892899570444,2.7964526166972,-2.8706723234496,167.633131473774,604.76009154288,-1.0
27.6,0.0,0.0,0.1674455267781,2.8585512869147998,-2.8716307062424002,167.687423109908,604.9323355984,-1.0
27.64,0.0,0.0,0.1701739030844,2.9210332822572,-2.8675716732376,167.73844416555198,605.11432931744,-1.0
27.68,0.0,0.0,0.17289679521722,2.984665252974,-2.8728709663272003,167.777691131432,605.21832572832,-1.0
27.72,0.0,0.0,0.17141606837762,3.0467639231916,-2.8715179553256003,167.812032226577,605.34832124192,-1.0
27.76,0.0,0.0,0.16900028995968,3.1098209062212,-2.8672897959456,167.813667516822,605.3385715784,-1.0
27.8,0.0,0.0,0.17405395582150002,3.1721112390012,-2.8664441640696,167.868286211005,605.54006462448,-1.0
27.84,0.0,0.0,0.17537289954344001,3.2345932343436,-2.8719125835344,167.829039245125,605.40031944736,-1.0
27.88,0.0,0.0,0.17249370846644002,3.2998543368408,-2.871856208076,167.831001593419,605.36782056896,-1.0
27.92,0.0,0.0,0.17148187845938,3.3617613444959997,-2.8717434571592,167.842121567085,605.47506686768,-1.0
27.96,0.0,0.0,0.17605842122844,3.4245308336819997,-2.8677407996128,167.93206253056,605.7448075584,-1.0
28.0,0.0,0.0,0.17365086907072,3.4869169977432,-2.8649784021512,167.901646132003,605.63756125968,-1.0
28.04,0.0,0.0,0.16938144001654,3.5493989930856,-2.8680790523632003,167.91930726664899,605.70905879216,-1.0
28.08,0.0,0.0,0.17255677646146,3.6131267950835997,-2.869037435156,167.87253796564198,605.52381518528,-1.0
28.12,0.0,0.0,0.17340682335086002,3.6751296340199997,-2.8661059113192002,167.903935538346,605.68630957728,-1.0
28.16,0.0,0.0,0.16960903321596002,3.7380907857684,-2.8684173051136,167.86338034027,605.54006462448,-1.0
28.2,0.0,0.0,0.16628013991360002,3.7999977934236,-2.8661059113192002,167.895104971023,605.7155585678399,-1.0
28.24,0.0,0.0,0.1703795595899,3.8621922949223997,-2.8689246842392,167.850625076359,605.61806193264,-1.0
28.28,0.0,0.0,0.16937321375632,3.9256326030768,-2.8663314131528,167.73451946896398,605.2898232608,-1.0
28.32,0.0,0.0,0.16465682456352002,3.9871562856072,-2.865654907652,167.742041804091,605.47181697984,-1.0
28.36,0.0,0.0,0.1668971094301,4.049829943512,-2.8661622867776,167.657987885498,605.3418214662399,-1.0
28.4,0.0,0.0,0.16774715631950002,4.1119286137296,-2.8623851310648,167.609583294246,605.4198187744,-1.0
28.44,0.0,0.0,0.16396581870504,4.1730689711352,-2.8564093324744,167.505905892713,605.31907225136,-1.0
28.48,0.0,0.0,0.16018448109058,4.2360301228836,-2.8569167116000003,167.517679982477,605.7285581192,-1.0
28.52,0.0,0.0,0.16149794063904002,4.2976496366951995,-2.854661693264,167.374428557015,605.6993091286399,-1.0
28.56,0.0,0.0,0.15541050807624002,4.3604191258812,-2.8525758013032,167.153010257842,605.52056529744,-1.0
28.6,0.0,0.0,0.15071605557736,4.4214636520056,-2.8521247976360002,166.967568344059,605.64406103536,-1.0
28.64,0.0,0.0,0.1455636745929,4.4832748283796,-2.8524630503864,166.729470084387,605.68630957728,-1.0
28.68,0.0,0.0,0.1367204448564,4.5454693298784,-2.8568039606832,166.51492000424298,605.98529925856,-1.0
28.72,0.0,0.0,0.13481195248536001,4.606993012408799,-2.85268855222,166.12670210008,605.86180352064,-1.0
28.76,0.0,0.0,0.13013395250692,4.66937917647,-2.8571422134336,165.690079604665,605.79030598816,-1.0
28.8,0.0,0.0,0.129152285454,4.7303278713132,-2.85550732514,165.306440513188,606.16079320192,-1.0
28.84,0.0,0.0,0.12309775793208001,4.793480685624,-2.855225447848,164.820432252374,606.30703815472,-1.0
28.88,0.0,0.0,0.12211883296590001,4.8582626317152,-2.8544925668888,164.135572697768,605.99179903424,-1.0
28.92,0.0,0.0,0.1082438740615,4.9207446270576,-2.8480657646312,163.364369818226,605.52381518528,-1.0
28.96,0.0,0.0,0.0943826255908,4.9847599228992,-2.8473892591304,162.629143324074,605.44906776496,-1.0
29.0,0.0,0.0,0.0888161895086,5.0472419182416,-2.8320551344456,161.899149758706,605.52706507312,-1.0
29.04,0.0,0.0,0.08049669833944001,5.0907493199064,-2.8127183522144,161.136450388438,605.62781159616,-1.0
29.08,0.0,0.0,0.07540190117652,5.154285459342,-2.8127747276728,160.366555741092,605.9722997072,-1.0
29.12,0.0,0.0,0.06985191761476,5.2174382736527996,-2.8186377753464003,159.438037939981,605.81955497872,-1.0
29.16,0.0,0.0,0.06706595748692,5.280782750526,-2.8237679420608,158.553672975485,606.06329656672,-1.0
29.2,0.0,0.0,0.06519859641698,5.3442230586804,-2.7747776687112,157.695472654909,606.4630327710399,-1.0
29.24,0.0,0.0,0.06654496100632,5.4075675355536,-2.7418544010056003,156.717896146448,606.3785356871999,-1.0
29.28,0.0,0.0,0.06605412747986,5.470912012426799,-2.7208827304808,155.63467988816,605.9528003801599,-1.0
29.32,0.0,0.0,0.0674004920692,5.534160658018799,-2.7065069885888002,154.685884488011,605.98529925856,-1.0
29.36,0.0,0.0,0.07424474057224001,5.5976009661732,-2.7091002596752,153.673639826356,605.71230868,-1.0
29.4,0.0,0.0,0.077875263416,5.6606579492027995,-2.723588752484,152.787639571615,605.78705610032,-1.0
29.44,0.0,0.0,0.09020094331230001,5.7222774630144,-2.7310303129928,151.920608683716,605.71880845568,-1.0
29.48,0.0,0.0,0.10663701123186001,5.7850469522004,-2.7281551646144,151.177532796388,605.89430239904,-1.0
29.52,0.0,0.0,0.11482214015076,5.847816441386399,-2.722179366024,150.514586131065,606.12504443568,-1.0
29.56,0.0,0.0,0.11705419875712,5.911065086978399,-2.7053231039624,149.980827395097,606.4922817616,-1.0
29.6,0.0,0.0,0.12751251758348,5.9734512510396,-2.688635968276,149.592609490934,607.02201347952,-1.0
29.64,0.0,0.0,0.13019702050194001,6.0362207402256,-2.6795031440152,149.159257576009,607.0415128065599,-1.0
29.68,0.0,0.0,0.1319629243625,6.098606904286799,-2.6855916935224,148.633675291266,606.41428445344,-1.0
29.72,0.0,0.0,0.14513865114820002,6.1607055745044,-2.6881285891504,148.424031081857,606.50528131296,-1.0
29.76,0.0,0.0,0.15054878828622,6.2235708949715995,-2.6928077521976,148.356003007665,606.73927323744,-1.0
29.8,0.0,0.0,0.15412721148192002,0.0024916133112,-2.6888050946512,148.442346332601,607.012263816,-1.0
29.84,0.0,0.0,0.15223242954458,0.0649736086536,-2.6835058015616,148.650028193716,607.33400271216,-1.0
29.88,0.0,0.0,0.13940768986160001,0.12889307321399998,-2.680179649516,148.836124223597,607.1585087688,-1.0
29.92,0.0,0.0,0.13752387627122,0.1910875747128,-2.6841823070624002,149.145848196,607.0285132552,-1.0
29.96,0.0,0.0,0.13245375788896,0.25424038902359997,-2.6902144811112,149.663254029518,607.33075282432,-1.0
30.0,0.0,0.0,0.1337589911772,0.3168182156472,-2.6958520269512,150.242800892346,607.42174968384,-1.0
30.04,0.0,0.0,0.12551079426328002,0.3797793673956,-2.7169928238512,150.756936145374,607.0447626944,-1.0
30.08,0.0,0.0,0.10909117886416,0.4428363504252,-2.7315376921184003,151.364937058465,606.60927772384,-1.0
30.12,0.0,0.0,0.08496081555216001,0.5056058396112,-2.7278732873224,152.041620161846,606.2647896128,-1.0
30.16,0.0,0.0,0.07811108287564,0.5691419790468,-2.7193042176456,152.799740719428,605.956050268,-1.0
30.2,0.0,0.0,0.07126683437260001,0.6323906246388,-2.7054922303376,153.643877543897,605.7448075584,-1.0
30.24,0.0,0.0,0.06669577577702,0.6954476076684,-2.7115244043864,154.562583603538,605.70255901648,-1.0
30.28,0.0,0.0,0.06576072419868001,0.758504590698,-2.7218411132736002,155.55029891151798,605.81955497872,-1.0
30.32,0.0,0.0,0.06799552489178,0.8211782486028,-2.7464771885944,156.606696409788,606.1672929776,-1.0
30.36,0.0,0.0,0.06932543696068,0.8847143880384,-2.7649683389496,157.611745794365,606.27453927632,-1.0
30.4,0.0,0.0,0.06974771831864,0.9475797085055999,-2.7715642675824,158.538628305231,606.12504443568,-1.0
30.44,0.0,0.0,0.07016725758986,1.0097742100044,-2.7676743609528,159.527651845407,606.33303725744,-1.0
30.48,0.0,0.0,0.07556642638092001,1.0735020120024,-2.7581469084832,160.385852165983,606.1575433140799,-1.0
30.52,0.0,0.0,0.07824544512590001,1.1366548263132,-2.7580905330248,161.183219689445,605.94630060448,-1.0
30.56,0.0,0.0,0.0845385341942,1.2010534472796,-2.7750595460032,161.9992295217,605.9722997072,-1.0
30.6,0.0,0.0,0.09399050718698,1.2638229364656,-2.81886327718,162.691611411433,605.7773064368,-1.0
30.64,0.0,0.0,0.1034315118328,1.3273590759012,-2.8599609863536,163.35652042505,605.62456170832,-1.0
30.68,0.0,0.0,0.11331947661724001,1.3907993840555999,-2.854661693264,164.033857644529,605.64406103536,-1.0
30.72,0.0,0.0,0.11958514481814,1.453281379398,-2.8494187756328,164.567943438546,605.4783167555199,-1.0
30.76,0.0,0.0,0.12404103577064,1.5175841690832,-2.8505462848008,165.103337464759,605.44256798928,-1.0
30.8,0.0,0.0,0.1248883405733,1.5800661644256,-2.856352957016,165.516738838695,605.25407449456,-1.0
30.84,0.0,0.0,0.12663230773994,1.6436023038612,-2.8632871383992002,165.935046083366,605.25407449456,-1.0
30.88,0.0,0.0,0.13828891847168,1.708671743796,-2.8621032537728,166.363819185605,605.47506686768,-1.0
30.92,0.0,0.0,0.14182895245302002,1.7703870888888,-2.8567475852248,166.639202062863,605.39056978384,-1.0
30.96,0.0,0.0,0.14446409781016,1.834210722168,-2.8545489423472,166.96887657625498,605.62456170832,-1.0
31.0,0.0,0.0,0.15654573198660002,1.8956385734171999,-2.8559019533488,167.135349123196,605.4848165312,-1.0
31.04,0.0,0.0,0.15737384218208,1.9581205687596,-2.8657112831104,167.216459519348,605.15332797152,-1.0
31.08,0.0,0.0,0.15910135682828,2.0212733830703997,-2.8614831237304,167.356767422369,605.1728272985599,-1.0
31.12,0.0,0.0,0.15992946702376,2.0823179091948,-2.8596227336032,167.455538953167,605.15332797152,-1.0
31.16,0.0,0.0,0.15985543068178001,2.14662069888,-2.8619341273976002,167.563795167386,605.224825504,-1.0
31.2,0.0,0.0,0.15978413642654002,2.2082402126916,-2.8638508929832,167.551366961524,604.9323355984,-1.0
31.24,0.0,0.0,0.16016254439666,2.2712971957212,-2.8612012464384002,167.592249217649,604.89008705648,-1.0
31.28,0.0,0.0,0.16233153500800002,2.3352166602816,-2.8615958746472,167.666818452821,605.04933156064,-1.0
31.32,0.0,0.0,0.16091387616342,2.3960695238436,-2.8626106328984,167.731903004572,605.18257696208,-1.0
31.36,0.0,0.0,0.16397952913874,2.4831801584543998,-2.8652602794432003,167.708681883093,605.01033290656,-1.0
31.4,0.0,0.0,0.16659273780196002,2.544799672266,-2.860299239104,167.78030759582398,605.2475747188801,-1.0
31.44,0.0,0.0,0.16472811881876,2.6072816676084,-2.8575368416424,167.90262730615,605.6148120447999,-1.0
31.48,0.0,0.0,0.16420712233816,2.6705303132003997,-2.857480466184,167.956591884235,605.79680576384,-1.0
31.52,0.0,0.0,0.16815846933050002,2.7330123085427998,-2.8608066182296,167.911130815424,605.5985626056,-1.0
31.56,0.0,0.0,0.16852865104040002,2.7976025920716,-2.8569167116000003,167.914401395914,605.6213118204801,-1.0
31.6,0.0,0.0,0.16756069442118002,2.8589346120396,-2.858044220768,167.915055512012,605.62781159616,-1.0
31.64,0.0,0.0,0.16971871668556002,2.9228540765999997,-2.859171729936,167.91538257006098,605.60506238128,-1.0
31.68,0.0,0.0,0.17276791714044,2.9858152283484,-2.8596791090616,167.879079126622,605.50756574608,-1.0
31.72,0.0,0.0,0.1713530003826,3.0480097298472,-2.8643582721088,167.855858005143,605.4100691108799,-1.0
31.76,0.0,0.0,0.16859994529564,3.1124083508136,-2.860862993688,167.812686342675,605.27682370944,-1.0
31.8,0.0,0.0,0.17342876004478,3.1737403707816,-2.8682481787384,167.730921830425,605.00058324304,-1.0
31.84,0.0,0.0,0.17513433799706002,3.237659835342,-2.8658240340272,167.74891002312,605.04933156064,-1.0
31.88,0.0,0.0,0.17238402499684,3.3020584563083997,-2.865654907652,167.742041804091,605.06558099984,-1.0
31.92,0.0,0.0,0.17275146462000002,3.3645404516507997,-2.861990502856,167.790119337294,605.21832572832,-1.0
31.96,0.0,0.0,0.17578969672792,3.4289390726172,-2.8588334771856,167.825114548537,605.3385715784,-1.0
32.0,0.0,0.0,0.17348634386632,3.4902710925852,-2.8578187189344,167.832963941713,605.35807090544,-1.0
32.04,0.0,0.0,0.16896464283206,3.5543822197079997,-2.8633435138576,167.79469814998,605.21182595264,-1.0
32.08,0.0,0.0,0.17200013285324,3.6173433714564,-2.8652602794432003,167.708027766995,604.92908571056,-1.0
32.12,0.0,0.0,0.17325600858016002,3.6800170293612,-2.8617650010224,167.697234851378,604.90308660784,-1.0
32.16,0.0,0.0,0.16962822782314002,3.74460731289,-2.8635126402328,167.673032555752,604.87708750512,-1.0
32.2,0.0,0.0,0.16777731927364,3.8063226579828,-2.8637945175248,167.653082014763,604.818589524,-1.0
32.24,0.0,0.0,0.17036310706946,3.870146291262,-2.8648656512344,167.713587753828,605.08183043904,-1.0
32.28,0.0,0.0,0.16940063462372001,3.932915780448,-2.868473680572,167.700832489917,605.11432931744,-1.0
32.32,0.0,0.0,0.16489264402316,3.9958769321964,-2.8698266915736,167.623646790353,604.9160861592,-1.0
32.36,0.0,0.0,0.16659273780196002,4.0597005654756,-2.8716870817008,167.61416210693199,605.07533066336,-1.0
32.4,0.0,0.0,0.16784861352888,4.1211284167248,-2.860299239104,167.639345576705,605.37432034464,-1.0
32.44,0.0,0.0,0.16423180111882002,4.1835145807859995,-2.8561838306408003,167.519315272722,605.2475747188801,-1.0
32.48,0.0,0.0,0.16062047288224002,4.2465715638156,-2.8568603361416,167.401901433131,605.20207628912,-1.0
32.52,0.0,0.0,0.16187634860916,4.3089577278768,-2.8568039606832,167.306727540872,605.34832124192,-1.0
32.56,0.0,0.0,0.15605764054688,4.3735480114056,-2.8624415065232003,167.031998779712,605.02333245792,-1.0
32.6,0.0,0.0,0.15466191839622,4.435550850342,-2.8674025468624,166.747458277082,604.7535917672,-1.0
32.64,0.0,0.0,0.14178507906518,4.499757808746,-2.8700521934072,166.464880122746,604.71784300096,-1.0
32.68,0.0,0.0,0.14392939089586002,4.5633897794628,-2.8694884388232,166.197346638664,604.82183941184,-1.0
32.72,0.0,0.0,0.13989303921458002,4.6256801122428,-2.8626670083568,165.867672125272,604.8998367199999,-1.0
32.76,0.0,0.0,0.12527497480364,4.690270395771599,-2.8643018966504,165.506927097225,605.08508032688,-1.0
32.8,0.0,0.0,0.12301549532988,4.7519857408643995,-2.8723072117432,165.119690367209,605.35807090544,-1.0
32.84,0.0,0.0,0.12516529133404,4.8154260490188,-2.8767608729568,164.667042027393,605.64081114752,-1.0
32.88,0.0,0.0,0.12246707798188,4.8795371761416,-2.8758588656224,164.119219795318,605.77080666112,-1.0
32.92,0.0,0.0,0.10964233829890001,4.9409650273908,-2.8599609863536,163.509583591982,605.88780262336,-1.0
32.96,0.0,0.0,0.09683130904962,5.0045969981075995,-2.8615958746472,162.823742863229,605.94305071664,-1.0
33.0,0.0,0.0,0.0897484990002,5.0654498616696,-2.8421463414992,162.108139852017,606.04704712752,-1.0
33.04,0.0,0.0,0.08047476164552,5.1289860011052,-2.8241625702696003,161.24405248655899,605.8520538571199,-1.0
33.08,0.0,0.0,0.07560481559528,5.2205048746511995,-2.8194834072224,160.372442785974,605.79030598816,-1.0
33.12,0.0,0.0,0.06766373239624,5.2834660263996,-2.8365651711176,159.38112983945499,605.5010659704,-1.0
33.16,0.0,0.0,0.06675335959856,5.345468865336,-2.8378618066608,158.4670025925,605.6213118204801,-1.0
33.2,0.0,0.0,0.06628720485276,5.4062258976168,-2.7809789691352003,157.606512865581,606.03079768832,-1.0
33.24,0.0,0.0,0.06669577577702,5.4694745432088,-2.752340236268,156.655755117138,606.06004667888,-1.0
33.28,0.0,0.0,0.06622687894448,5.5300399129272,-2.726407525404,155.687009176,605.9722997072,-1.0
33.32,0.0,0.0,0.06751291762554,5.5929052333944,-2.7131029172216,154.719244409009,605.94630060448,-1.0
33.36,0.0,0.0,0.07186735136866,5.655387228736799,-2.7138357981808,153.746900829332,605.81305520304,-1.0
33.4,0.0,0.0,0.07796849436516,5.7170067425484,-2.7310866884512,152.813150099437,605.73505789488,-1.0
33.44,0.0,0.0,0.08406415318818,5.7794887378908,-2.7348074687056,152.005643776456,605.93005116528,-1.0
33.48,0.0,0.0,0.1089705270476,5.8408207578588,-2.7282115400728,151.324381860389,606.2940386033599,-1.0
33.52,0.0,0.0,0.12511044959924,5.9047402224192,-2.7160344410584,150.714091540955,606.7360233495999,-1.0
33.56,0.0,0.0,0.13248666292984002,5.9679888680112,-2.7081982523408,150.16855871522299,607.00901392816,-1.0
33.6,0.0,0.0,0.13898540850364,6.0303750320724,-2.6893124737768,149.671757538792,607.17800809584,-1.0
33.64,0.0,0.0,0.1384890908037,6.0950611468824,-2.6767407465536,149.164817562842,606.97651504976,-1.0
33.68,0.0,0.0,0.14192218340218002,6.1571598171,-2.6863245744816,148.77398319428698,606.85951908752,-1.0
33.72,0.0,0.0,0.15364460421568002,6.221654269347599,-2.6857044444392,148.524764960949,606.8335199848,-1.0
33.76,0.0,0.0,0.15401478592558002,0.0018207943428,-2.6839568052288,148.384457057928,606.76202245232,-1.0
33.8,0.0,0.0,0.1504582994238,0.0645902835288,-2.68215279056,148.386092348173,606.83027009696,-1.0
33.84,0.0,0.0,0.13731547767898,0.1292763983388,-2.6714978289224,148.587887164406,607.15525888096,-1.0
33.88,0.0,0.0,0.13159000056586,0.192620875212,-2.6765716201784002,148.764171452817,606.9797649376,-1.0
33.92,0.0,0.0,0.12979119166442002,0.2567320023348,-2.6777555048048,149.11118004280598,606.98301482544,-1.0
33.96,0.0,0.0,0.11798102407524001,0.3192139976772,-2.6830547978944,149.583124807513,607.07076179712,-1.0
34.0,0.0,0.0,0.11836491621884,0.3816959930196,-2.6977687925368,150.101184757129,606.9960143768,-1.0
34.04,0.0,0.0,0.11787682477912001,0.4455196262988,-2.7122572853456,150.67320928483,606.80427099424,-1.0
34.08,0.0,0.0,0.10434736880396,0.5068516462668,-2.7231941242752002,151.367553522857,606.72302379824,-1.0
34.12,0.0,0.0,0.08518018249136,0.5705794482648,-2.722179366024,152.107031771646,606.5410300792,-1.0
34.16,0.0,0.0,0.07819334547784,0.6319114682328,-2.7125391626376,152.840295917504,606.09254555728,-1.0
34.2,0.0,0.0,0.07164524234272,0.6937226446068,-2.7032372120016,153.64551283414198,605.7838062124799,-1.0
34.24,0.0,0.0,0.06684110637424,0.756587965074,-2.7103968952184,154.575992983547,605.75455722192,-1.0
34.28,0.0,0.0,0.06594444401026,0.816482515824,-2.7220666151072,155.518574280765,605.74805744624,-1.0
34.32,0.0,0.0,0.06808327166746,0.8798269926972,-2.7454624303432,156.594922320024,606.1672929776,-1.0
34.36,0.0,0.0,0.06935285782808,0.9406798562591999,-2.7654193426168,157.625809290472,606.3785356871999,-1.0
34.4,0.0,0.0,0.06932543696068,1.0021077075084,-2.76671597816,158.63183984919598,606.54427996704,-1.0
34.44,0.0,0.0,0.07015903132964,1.06372722132,-2.7658139708256,159.55937647616,606.48253209808,-1.0
34.48,0.0,0.0,0.07575837245272,1.1242925910383998,-2.7543697527704,160.501957773378,606.6677757049599,-1.0
34.52,0.0,0.0,0.08264923643034,1.1881162243176,-2.74839395418,161.395807421295,606.75877256448,-1.0
34.56,0.0,0.0,0.08823486711972,1.2495440755668,-2.7707186357064,162.15556326912198,606.57677884544,-1.0
34.6,0.0,0.0,0.09381775572236001,1.3115469145032,-2.8082083155424002,162.822107572984,606.2647896128,-1.0
34.64,0.0,0.0,0.1089019748791,1.3748913913764,-2.8553381987648,163.481783657817,606.0730462302399,-1.0
34.68,0.0,0.0,0.11663191739916001,1.4363192426256,-2.8455288690032,164.173184373403,606.19004219248,-1.0
34.72,0.0,0.0,0.12607840621846,1.5005262010295999,-2.8489677719656,164.771700603073,606.18029252896,-1.0
34.76,0.0,0.0,0.12775107912986,1.5624332086847998,-2.8464308763376,165.219770130203,605.91055183824,-1.0
34.8,0.0,0.0,0.13287329716018,1.625298529152,-2.852406674928,165.658682031961,605.76430688544,-1.0
34.84,0.0,0.0,0.13410997827992,1.6883555121815998,-2.8578750943928,165.990973009745,605.49131630688,-1.0
34.88,0.0,0.0,0.14568981058294,1.7516999890548,-2.8582697226016003,166.295136995315,605.29957292432,-1.0
34.92,0.0,0.0,0.15036506847464,1.8156194536152,-2.8599609863536,166.587526891121,605.25407449456,-1.0
34.96,0.0,0.0,0.1507325080978,1.8780056176764,-2.861990502856,166.887766180103,605.4198187744,-1.0
35.0,0.0,0.0,0.15841583514328,1.9416375883932,-2.8663877886112,167.069283397298,605.28332348512,-1.0
35.04,0.0,0.0,0.15920829821114002,2.0049820652664,-2.8677407996128,167.217767751544,605.19882640128,-1.0
35.08,0.0,0.0,0.160000761279,2.0678473857335997,-2.869883067032,167.373774440917,605.23457516752,-1.0
35.12,0.0,0.0,0.16208200511466,2.1321501754187997,-2.8685300560304,167.522912911261,605.34832124192,-1.0
35.16,0.0,0.0,0.15943314932382002,2.1953988210107998,-2.8712360780336,167.649811434273,605.51081563392,-1.0
35.2,0.0,0.0,0.16022287030494,2.2594141168524,-2.8676844241544,167.707046592848,605.4198187744,-1.0
35.24,0.0,0.0,0.16187086443568,2.3230460875692,-2.8649784021512,167.772785260697,605.4848165312,-1.0
35.28,0.0,0.0,0.16051627358612,2.3861030705988,-2.8635690156912,167.787502872902,605.41656888656,-1.0
35.32,0.0,0.0,0.16259203324830002,2.4506933541276,-2.866500539528,167.860436817829,605.52706507312,-1.0
35.36,0.0,0.0,0.1642372852923,2.4827010020483997,-2.8667260413616003,167.825768664635,605.28657337296,-1.0
35.4,0.0,0.0,0.16673806839918,2.5447038409847997,-2.8640200193584002,167.800258136813,605.1208290931199,-1.0
35.44,0.0,0.0,0.16495296993144,2.6060358609528,-2.8703904461576,167.750545313365,604.8835872807999,-1.0
35.48,0.0,0.0,0.16402614461332002,2.668422025014,-2.8664441640696,167.787829930951,604.89658683216,-1.0
35.52,0.0,0.0,0.16823524775922,2.7312873454812,-2.863681766608,167.774093492893,604.66584479552,-1.0
35.56,0.0,0.0,0.16859171903542,2.7940568346671997,-2.858607975352,167.778018189481,604.52934950624,-1.0
35.6,0.0,0.0,0.16723712818586,2.856251336166,-2.8500952811336,167.80352871730298,604.4416025345599,-1.0
35.64,0.0,0.0,0.16930191950108,2.9192124879144,-2.8536469350128,167.822498084145,604.33435623584,-1.0
35.68,0.0,0.0,0.17265000741062,2.981790314538,-2.8502644075088,167.825441606586,604.15886229248,-1.0
35.72,0.0,0.0,0.17129541656106,3.0446556350052,-2.8544361914304,167.78226994411799,603.8306236206399,-1.0
35.76,0.0,0.0,0.16823250567248002,3.1075209554724,-2.8516737939688,167.788811105098,603.70062810704,-1.0
35.8,0.0,0.0,0.17285566391612,3.1697154569712,-2.8463745008792003,167.759048822639,603.45038674336,-1.0
35.84,0.0,0.0,0.17491497105786,3.2327724400008,-2.8427664715416,167.793716975833,603.42438764064,-1.0
35.88,0.0,0.0,0.17185480225602,3.2967877358424,-2.8474456345888,167.828712187076,603.38538898656,-1.0
35.92,0.0,0.0,0.17050295349320002,3.3597488875907997,-2.8385383121616,167.845719205624,603.30089190272,-1.0
35.96,0.0,1.0000000002165,0.17511788547662002,3.4227100393392,-2.8436121034176,167.80941576218498,603.02465143632,-1.0
36.0,0.0,1.0000000002165,0.17333827118236,3.484904540838,-2.83859468762,167.798295788519,602.84265771728,-1.0
36.04,0.0,1.0000000002165,0.16858349277520002,3.5478656925864,-2.8341410264064,167.835907464154,602.85565726864,-1.0
36.08,0.0,1.0000000002165,0.17149010471960002,3.6100601940851997,-2.830702123444,167.870902675397,602.79715928752,-1.0
36.12,0.0,1.0000000002165,0.17311890424316,3.6729255145524,-2.8294618633592,167.841467450987,602.5566675873599,-1.0
36.16,0.0,1.0000000002165,0.16921691481214002,3.7357908350196,-2.8331262681552,167.786194640706,602.22192913984,-1.0
36.2,0.0,1.0000000002165,0.1657454329993,3.797793673956,-2.8223585556008,167.72928654018,601.93918889776,-1.0
36.24,0.0,1.0000000002165,0.16992437319106002,3.8607548257044,-2.82450082302,167.78030759582398,602.05293497216,-1.0
36.28,0.0,1.0000000002165,0.16942805549112,3.9230451584844,-2.8172283888864,167.789138163147,602.00093676672,-1.0
36.32,0.0,1.0000000002165,0.16468698751766,3.9857188163891997,-2.8226968083512,167.768206448011,601.9099399071999,-1.0
36.36,0.0,1.0000000002165,0.16334336501506,4.047913317888,-2.8158753778848,167.88136853296498,602.31292599936,-1.0
36.4,0.0,1.0000000002165,0.1679391023913,4.1099161568244,-2.8083774419176,167.872865023691,602.3486747656,-1.0
36.44,0.0,1.0000000002165,0.16405356548072,4.171152345511199,-2.8031345242864,167.715550102122,601.90669001936,-1.0
36.48,0.0,1.0000000002165,0.16059305201484,4.233826003416,-2.8005412532,167.469929507323,601.2989609932799,-1.0
36.52,0.0,1.0000000002165,0.16264413289636,4.2977454679764,-2.805896921748,167.146796154911,600.57423600496,-1.0
36.56,0.0,1.0000000002165,0.16003366631988,4.360227463318799,-2.810688835712,166.918836694758,600.27849621152,-1.0
36.6,0.0,1.0000000002165,0.1548867695089,4.4228052899424,-2.8131129804232002,166.701997208271,600.13550114656,-1.0
36.64,0.0,1.0000000002165,0.14890079415548002,4.4859581042532,-2.8040365316208002,166.463244832501,600.0250049599999,-1.0
36.68,0.0,1.0000000002165,0.14376212360472002,4.5482484370332,-2.8044311598296,166.205850147938,600.00225574512,-1.0
36.72,0.0,1.0000000002165,0.13609524907968001,4.6114970826252,-2.795749339236,165.955977798502,600.19724901552,-1.0
36.76,0.0,1.0000000002165,0.13350123502364,4.6739790779676,-2.7933251945248,165.594905712406,600.21024856688,-1.0
36.8,0.0,1.0000000002165,0.1296458610672,4.7360777481852,-2.7953547110272,165.256073573642,600.52223779952,-1.0
36.84,0.0,1.0000000002165,0.12368182240770001,4.7990388999336,-2.8035855279536,164.825338123109,600.674982528,-1.0
36.88,0.0,1.0000000002165,0.12151831596984,4.8628625332128,-2.8035855279536,164.277188832985,600.71073129424,-1.0
36.92,0.0,1.0000000002165,0.11472068294138,4.9263986726484,-2.7931560681496,163.615550399858,600.50598836032,-1.0
36.96,0.0,1.0000000002165,0.09949387527416001,4.9892639931156,-2.7890970351448,162.852523971541,600.1550004736,-1.0
37.0,0.0,1.0000000002165,0.08807308400206,5.0520334823016,-2.7714515166656,162.05482939003,599.90150922208,-1.0
37.04,0.0,1.0000000002165,0.08045556703834,5.1271652067624,-2.7515509798504,161.134488040144,599.31977929872,-1.0
37.08,0.0,1.0000000002165,0.07536899613564,5.1889763831364,-2.7439966684248,160.354454593279,599.537521784,-1.0
37.12,0.0,1.0000000002165,0.06986562804846,5.2523208600096,-2.7438275420496,159.448830855598,599.375027392,-1.0
37.16,0.0,1.0000000002165,0.06731274529352001,5.3149945179144,-2.753185868144,158.466021418353,599.0565383836799,-1.0
37.2,0.0,1.0000000002165,0.06644350379694,5.377093188132,-2.69906542808,157.633658683648,599.38152716768,-1.0
37.24,0.0,1.0000000002165,0.06473244167118,5.4400543398804,-2.6723998362568,156.751910183544,599.49202335424,-1.0
37.28,0.0,1.0000000002165,0.06512730216174001,5.501769684973199,-2.639025564884,155.84072645903,599.52777212048,-1.0
37.32,0.0,1.0000000002165,0.06719757765044,5.5648266680028,-2.6309638743328,154.93412154720198,599.54077167184,-1.0
37.36,0.0,1.0000000002165,0.0696901344971,5.6275003259076,-2.6194632808192,153.918933363106,599.1085365891199,-1.0
37.4,0.0,1.0000000002165,0.07679488124044001,5.689503164844,-2.6235786892824002,153.025737831287,599.03053928096,-1.0
37.44,0.0,1.0000000002165,0.08431094099478001,5.7514101724992,-2.6273558449952,152.084464766265,598.5950543104,-1.0
37.48,0.0,1.0000000002165,0.10566082835242001,5.8137963365604,-2.6172646379416,151.238365593502,598.28956485344,-1.0
37.52,0.0,1.0000000002165,0.12196253402172001,5.877428307277199,-2.6116270921016,150.502157925203,598.11082102224,-1.0
37.56,0.0,1.0000000002165,0.12400538864302,5.9408686154316,-2.6003520004216,149.833978331096,597.8963284248,-1.0
37.6,0.0,1.0000000002165,0.12437282826618001,6.0030631169304,-2.5915010534528,149.346661838086,597.97432573296,-1.0
37.64,0.0,1.0000000002165,0.1372962830718,6.066599256366,-2.57926757898,148.970545081736,598.10107135872,-1.0
37.68,0.0,1.0000000002165,0.1414231236155,6.128889589146,-2.5761105533096,148.748472666465,598.41306059136,-1.0
37.72,0.0,1.0000000002165,0.14763669216834,6.1922340660192,-2.569965628344,148.601623602464,598.53980621712,-1.0
37.76,0.0,1.0000000002165,0.15384751863444002,6.2554827116112,-2.5669213535904003,148.518550858018,598.55605565632,-1.0
37.8,0.0,1.0000000002165,0.15210903564128,0.0344034299508,-2.5522637344064,148.513972045332,598.3838116008,-1.0
37.84,0.0,1.0000000002165,0.14703343308554,0.0980354006676,-2.549952340612,148.71184216497699,598.60480397392,-1.0
37.88,0.0,1.0000000002165,0.13945704742292,0.16185903394679999,-2.5466261885664,148.835797165548,598.08157203168,-1.0
37.92,0.0,1.0000000002165,0.12979941792464,0.22510767953879998,-2.5495577124032,149.095154198405,597.72083448144,-1.0
37.96,0.0,1.0000000002165,0.12474026788934,0.2881646625684,-2.5554207600768,149.44837689132498,597.33084794064,-1.0
38.0,0.0,1.0000000002165,0.12552176261024,0.3500716702236,-2.5630314469608,149.902006405288,596.85311442816,-1.0
38.04,0.0,1.0000000002165,0.11921770519498001,0.41322448453439997,-2.5771253115608,150.396191117327,596.24213551424,-1.0
38.08,0.0,1.0000000002165,0.10916795729288001,0.4750356609084,-2.5813534709408,151.080396555835,596.02114314112,-1.0
38.12,0.0,1.0000000002165,0.08538035482338001,0.5383801377816,-2.5808460918152,151.95364154666498,596.17713775744,-1.0
38.16,0.0,1.0000000002165,0.07826738181982,0.6014371208111999,-2.582931983776,152.80987951894699,596.01464336544,-1.0
38.2,0.0,1.0000000002165,0.06991224352304,0.6635357910288,-2.5737427840568,153.694244483443,595.7449026747199,-1.0
38.24,0.0,1.0000000002165,0.06863443110220001,0.7269760991831999,-2.5766743078936,154.648599870425,595.68965458144,-1.0
38.28,0.0,1.0000000002165,0.06735936076810001,0.7889789381196,-2.585468879404,155.58725647105499,595.50441097456,-1.0
38.32,0.0,1.0000000002165,0.06816279218292,0.851940089868,-2.6027761451328,156.553058889752,595.4101642272,-1.0
38.36,0.0,1.0000000002165,0.06938027869548001,0.9149970728976,-2.613938485896,157.593430543621,595.56290895568,-1.0
38.4,0.0,1.0000000002165,0.06976691292582,0.9768082492715999,-2.616193504232,158.582454083797,595.5076608624,-1.0
38.44,0.0,1.0000000002165,0.07015354715616,1.0384277630832,-2.6101613301832,159.522418916623,595.36466579744,-1.0
38.48,0.0,1.0000000002165,0.07219914386420001,1.0993764579264,-2.6108942111424,160.24946895955,594.5489439496,-1.0
38.52,0.0,1.0000000002165,0.07673181324542,1.1611876343004,-2.609710326516,160.914377973167,593.76247109232,-1.0
38.56,0.0,1.0000000002165,0.08499097850630001,1.2235737983616,-2.6203089126952,161.64437153853498,593.41473309344,-1.0
38.6,0.0,1.0000000002165,0.08992947672504001,1.2840433367988,-2.6560509533208,162.28704060482,592.87200182416,-1.0
38.64,0.0,1.0000000002165,0.09941983893218001,1.3469086572659998,-2.6716669552976002,163.002643616032,592.7550058619199,-1.0
38.68,0.0,1.0000000002165,0.1130425258565,1.4077615208279999,-2.68215279056,163.697314912108,592.68350832944,-1.0
38.72,0.0,1.0000000002165,0.12293049064094001,1.4698601910456,-2.6890305964848,164.333769875462,592.69975776864,-1.0
38.76,0.0,1.0000000002165,0.12453461138384,1.5334921617624,-2.6827729206024,164.987558915413,592.91750025392,-1.0
38.8,0.0,1.0000000002165,0.12531062193126,1.5948241817303999,-2.6807997795584,165.540287018223,592.98574789856,-1.0
38.84,0.0,1.0000000002165,0.13393996890204002,1.659318633978,-2.6723434607984,166.02858468538,593.05724543104,-1.0
38.88,0.0,1.0000000002165,0.13842876489542,1.7228547734136,-2.6699193160872,166.383115610496,592.83300317008,-1.0
38.92,0.0,1.0000000002165,0.13878523617162,1.7858159251619998,-2.6754441110104,166.659152603852,592.6152606848,-1.0
38.96,0.0,1.0000000002165,0.15028829004592,1.84954372716,-2.6747112300512,166.883187367417,592.34551999408,-1.0
39.0,0.0,1.0000000002165,0.1580675901273,1.910396590722,-2.6818145378096,166.93388136501198,591.65979365984,-1.0
39.04,0.0,1.0000000002165,0.15882714815428,1.9743160552824,-2.680179649516,167.012375296772,591.21130913792,-1.0
39.08,0.0,1.0000000002165,0.15958670618126,2.0357439065316,-2.6795595194736,167.159224360773,591.09756306352,-1.0
39.12,0.0,1.0000000002165,0.16199425833898,2.0982259018739997,-2.6767407465536,167.272386445727,590.99681654048,-1.0
39.16,0.0,1.0000000002165,0.16069176713748,2.1614745474659998,-2.6686790560024,167.322099269175,590.69132708352,-1.0
39.2,0.0,1.0000000002165,0.15980333103372002,2.222327411028,-2.6684535541688,167.38260500824,590.5515819064,-1.0
39.24,0.0,1.0000000002165,0.16179408600696002,2.2862468755884,-2.6605046145344002,167.48399300343,590.56458145776,-1.0
39.28,0.0,1.0000000002165,0.1629622149582,2.3480580519623997,-2.6496241510632,167.574588083003,590.60358011184,-1.0
39.32,0.0,1.0000000002165,0.16125115283244001,2.4107317098672,-2.6487221437288,167.66551022062498,590.67507764432,-1.0
39.36,0.0,1.0000000002165,0.16282785270794,2.4751303308336,-2.6365450447144,167.841467450987,591.06831407296,-1.0
39.4,0.0,1.0000000002165,0.16646111763844001,2.5317666180228,-2.6372779256736,167.927810775923,591.18206014736,-1.0
39.44,0.0,1.0000000002165,0.16516136852368002,2.5945361072088,-2.6420134641792,167.921596672992,590.93831855936,-1.0
39.48,0.0,1.0000000002165,0.16386161940892002,2.6567306087076,-2.6406604531776,167.888563810043,590.6978268592,-1.0
39.52,0.0,1.0000000002165,0.16666677414394002,2.7193084353312,-2.6397020703848,167.882676765161,590.54183224288,-1.0
39.56,0.0,1.0000000002165,0.16864930285696,2.7835153937352,-2.6363195428808,167.82740395488,590.2070937953599,-1.0
39.6,0.0,1.0000000002165,0.1673495537422,2.8445599198596,-2.63282426446,167.850625076359,590.17459491696,-1.0
39.64,0.0,1.0000000002165,0.16892076944422002,2.9086710469823998,-2.631978632584,167.761665287031,589.67086230176,-1.0
39.68,0.0,1.0000000002165,0.17213175301676,2.9707697172,-2.6282578523296003,167.710971289436,589.3978717232,-1.0
39.72,0.0,1.0000000002165,0.17124057482626,3.0332517125423997,-2.6211545445712,167.746947674826,589.4076213867199,-1.0
39.76,0.0,1.0000000002165,0.16789522900346002,3.0974586709464,-2.6164753815240003,167.781942886069,589.38812205968,-1.0
39.8,0.0,1.0000000002165,0.16905513169448,3.1585031970707997,-2.6132619803952,167.85226036660399,589.48886858272,-1.0
39.84,0.0,1.0000000002165,0.17430348571484,3.2226143241936,-2.6191814035272003,167.902300248101,589.47261914352,-1.0
39.88,0.0,1.0000000002165,0.1717780238273,3.2862462949104,-2.619857909028,167.901973190052,589.35562318128,-1.0
39.92,0.0,1.0000000002165,0.17007244587502002,3.3489199528152,-2.6137129840624,167.814975749018,588.85839034176,-1.0
39.96,0.0,1.0000000002165,0.17449817387338,3.413031079938,-2.6123599730608,167.737790049454,588.47490357664,-1.0
40.0,0.0,1.0000000002165,0.1732039089321,3.4742672686248,-2.6070606799712,167.66845374306598,588.10116647504,-1.0
40.04,0.0,1.0000000002165,0.16864107659674002,3.5387617208724,-2.6081881891392,167.60042566887398,587.71442982208,-1.0
40.08,0.0,1.0000000002165,0.16734681165546,3.6010520536524,-2.6049747880104,167.611872700589,587.65268195312,-1.0
40.12,0.0,1.0000000002165,0.17258145524212,3.6637257115571997,-2.5986043612112,167.670089033311,587.7079300464,-1.0
40.16,0.0,1.0000000002165,0.16924981985302,3.7281243325236,-2.5918393062032,167.64098086695,587.47393812192,-1.0
40.2,0.0,1.0000000002165,0.16551235562640002,3.7889771960856,-2.5863708867384,167.691674864545,587.55518531792,-1.0
40.24,0.0,1.0000000002165,0.16748117390572,3.8531841544896,-2.5745320404744,167.80058519486198,587.85092511136,-1.0
40.28,0.0,1.0000000002165,0.16944999218504,3.915186993426,-2.5691199964680003,167.839505102693,587.90942309248,-1.0
40.32,0.0,1.0000000002165,0.16490361237012,3.9773814949247996,-2.5672032308824,167.859128585633,587.92567253168,-1.0
40.36,0.0,1.0000000002165,0.16320626067806002,4.0420676097348,-2.5571120238288,167.850625076359,587.94842174656,-1.0
40.4,0.0,1.0000000002165,0.16761553615598002,4.1032079671404,-2.5608891795416002,167.78128876997098,587.76317813968,-1.0
40.44,0.0,1.0000000002165,0.16429486911384,4.1655941312016,-2.5568301465368,167.697561909427,587.62993273824,-1.0
40.48,0.0,1.0000000002165,0.16056837323418,4.2275011388568,-2.5577321538712,167.579493953738,587.41869002864,-1.0
40.52,0.0,1.0000000002165,0.1600967343149,4.288928990106,-2.5663575990064,167.405826129719,587.1489493379199,-1.0
40.56,0.0,1.0000000002165,0.15515823609616,4.3529442859476,-2.5610019304584,167.200760732996,586.95070617968,-1.0
40.6,0.0,1.0000000002165,0.14859916461408001,4.41303049926,-2.5562663919528,167.059471655828,587.03520326352,-1.0
40.64,0.0,1.0000000002165,0.14285723498052,4.476279144852,-2.5590851648728,166.83641806641,586.9962046094399,-1.0
40.68,0.0,1.0000000002165,0.14279965115898,4.5378028273824,-2.5518691061976,166.604860967718,587.04820281488,-1.0
40.72,0.0,1.0000000002165,0.13544263243556,4.5996140037563995,-2.5515872289056,166.222203050388,586.73621358224,-1.0
40.76,0.0,1.0000000002165,0.13092915766152,4.6638209621604,-2.558408659372,165.819921650118,586.61921762,-1.0
40.8,0.0,1.0000000002165,0.12722734056252,4.7246738257224,-2.562918696044,165.389840315683,586.60946795648,-1.0
40.84,0.0,1.0000000002165,0.123531007637,4.7895516030948,-2.5745320404744,164.767121790387,586.13823421968,-1.0
40.88,0.0,1.0000000002165,0.12267273448738,4.8534710676551995,-2.5779709434368,164.105810415309,585.74499779104,-1.0
40.92,0.0,1.0000000002165,0.11169616126716,4.9164322194036,-2.5674851081744,163.417026164115,585.481756876,-1.0
40.96,0.0,1.0000000002165,0.09627740752814,4.9809266716512,-2.552207358948,162.745575989518,585.481756876,-1.0
41.0,0.0,1.0000000002165,0.08774677568,5.041587872650799,-2.5429617837704,162.04174706807,585.4655074368,-1.0
41.04,0.0,1.0000000002165,0.08407512153514,5.1055073372112,-2.5140411736112,161.31208056075099,585.57275373552,-1.0
41.08,0.0,1.0000000002165,0.07555545803396001,5.1324359272284,-2.5128009135264002,160.406129765021,585.22501573664,-1.0
41.12,0.0,1.0000000002165,0.06987111222194001,5.1955887415392,-2.5175928274904003,159.51129894295698,585.13726876496,-1.0
41.16,0.0,1.0000000002165,0.06741968667638,5.2598915312244,-2.5168599465312003,158.535030666692,584.87402784992,-1.0
41.2,0.0,1.0000000002165,0.06577991880586001,5.32342767066,-2.4632468855928003,157.689912668076,585.18601708256,-1.0
41.24,0.0,1.0000000002165,0.0649463244369,5.386101328564799,-2.4311128743048,156.88077105485,585.61825216528,-1.0
41.28,0.0,1.0000000002165,0.06290346981560001,5.45040411825,-2.399711743976,156.08569293773098,585.98223960336,-1.0
41.32,0.0,1.0000000002165,0.0657003982904,5.513173607435999,-2.3917628043416,155.11105995171098,585.74824767888,-1.0
41.36,0.0,1.0000000002165,0.0709103630964,5.5765180843092,-2.3759213005312,154.243047889665,585.80024588432,-1.0
41.4,0.0,1.0000000002165,0.07289563389616001,5.6395750673388,-2.384490370208,153.31027833391698,585.57275373552,-1.0
41.44,0.0,1.0000000002165,0.07930663269428001,5.7004279309007995,-2.3856178793760003,152.374892313777,585.17951730688,-1.0
41.48,0.0,1.0000000002165,0.09859172873670001,5.7638682390552,-2.3792474525768,151.518981399544,584.8480287472,-1.0
41.52,0.0,1.0000000002165,0.11705419875712,5.826062740554,-2.3786273225344,150.710493902416,584.4905410848,-1.0
41.56,0.0,1.0000000002165,0.1166072386185,5.88883222974,-2.3612636813472,149.967418015088,583.97705880608,-1.0
41.6,0.0,1.0000000002165,0.11776439922278001,5.9512183938011995,-2.346436935788,149.412400505935,583.86331273168,-1.0
41.64,0.0,1.0000000002165,0.1217349408223,6.0132212327376,-2.3361766023592,148.939474567081,583.66506957344,-1.0
41.68,0.0,1.0000000002165,0.13172710490286002,6.0759907219236,-2.3285659154752,148.70497394594798,583.94131003984,-1.0
41.72,0.0,1.0000000002165,0.13729354098506,6.1378018982975995,-2.3266491498896,148.47178155701098,583.80481475056,-1.0
41.76,0.0,1.0000000002165,0.14325757964456,6.200092231077599,-2.3249578861376,148.317083099834,583.50907495712,-1.0
41.8,0.0,1.0000000002165,0.15242711770312,6.262382563857599,-2.3229847450936,148.268024392484,583.22958460288,-1.0
41.84,0.0,1.0000000002165,0.15076267105194,0.040919957072399996,-2.3097365123696,148.340304221313,582.98584301488,-1.0
41.88,0.0,1.0000000002165,0.14388825959476,0.10512691547639999,-2.3159378127936003,148.51789674192,582.6868533336,-1.0
41.92,0.0,1.0000000002165,0.13942414238204,0.16693809185039998,-2.3245068824704003,148.87700647972198,582.66735400656,-1.0
41.96,0.0,1.0000000002165,0.13135692319296,0.229515918474,-2.3295242982680002,149.348951244429,582.61860568896,-1.0
42.0,0.0,1.0000000002165,0.13290620220106,0.2921895763788,-2.3318920675208,149.89644641845499,582.51785916592,-1.0
42.04,0.0,1.0000000002165,0.1288506559126,0.3546715717212,-2.3463241848712,150.524397872535,582.36836432528,-1.0
42.08,0.0,1.0000000002165,0.11039915423914001,0.4185910362816,-2.3547241281728,151.326671266732,582.54710815648,-1.0
42.12,0.0,1.0000000002165,0.07996747559862001,0.48155218803,-2.356866395592,152.154128130702,582.51785916592,-1.0
42.16,0.0,1.0000000002165,0.07513866084948001,0.5451841587467999,-2.3495375860000003,153.097036485969,582.70960254848,-1.0
42.2,0.0,1.0000000002165,0.06911703836844,0.6095827797132,-2.3343725876904,154.055316569539,582.78110008096,-1.0
42.24,0.0,1.0000000002165,0.068689272837,0.6731189191488,-2.3382624943200003,154.97075204869,582.51785916592,-1.0
42.28,0.0,1.0000000002165,0.06786390472826001,0.7378050339587999,-2.3462678094128,155.828625311217,582.0693746439999,-1.0
42.32,0.0,1.0000000002165,0.0682368285249,0.8012453421132,-2.3718622675264003,156.670472729343,581.52014359904,-1.0
42.36,0.0,1.0000000002165,0.06741146041616,0.8646856502675999,-2.3910862988408,157.468167310854,580.82141771344,-1.0
42.4,0.0,1.0000000002165,0.06897993403144001,0.9285092835468,-2.4010647549776003,158.316228831911,580.3469340888,-1.0
42.44,0.0,1.0000000002165,0.06895251316404,0.9897454722336,-2.3967238446808,159.14303157978298,579.794453156,-1.0
42.48,0.0,1.0000000002165,0.07211139708852,1.0532816116691999,-2.39040979334,159.974086082292,579.41096639088,-1.0
42.52,0.0,1.0000000002165,0.07566788359030001,1.1172010762295999,-2.3793602034936,160.898679186815,579.46296459632,-1.0
42.56,0.0,1.0000000002165,0.08439594568372001,1.18112054079,-2.3986969857248,161.745759533725,579.41421627872,-1.0
42.6,0.0,1.0000000002165,0.09391098667152001,1.2456149930376,-2.425362577548,162.538221186452,579.388217176,-1.0
42.64,0.0,1.0000000002165,0.10381814606314001,1.31049277041,-2.4474617572408,163.364696876275,579.61245943696,-1.0
42.68,0.0,1.0000000002165,0.11371707919454001,1.3746038975327999,-2.4694481860168,164.015869451834,579.36546796112,-1.0
42.72,0.0,1.0000000002165,0.11208279549750001,1.4386191933744,-2.4667421640136,164.59868689515199,579.1314760366399,-1.0
42.76,0.0,1.0000000002165,0.12077795255004001,1.5024428266535998,-2.4545086895408,165.138332676002,579.03397940144,-1.0
42.8,0.0,1.0000000002165,0.12549708382958,1.565403978402,-2.4439101033616,165.570049300682,578.72524005664,-1.0
42.84,0.0,1.0000000002165,0.12703539449072002,1.6290359491188,-2.4415423341088003,166.006671796097,578.64399286064,-1.0
42.88,0.0,1.0000000002165,0.12698329484266,1.6935304013663999,-2.43832893298,166.445256639806,578.7707384864,-1.0
42.92,0.0,1.0000000002165,0.13883459373294002,1.7560123967088,-2.439174564856,166.71213600779,578.47174880512,-1.0
42.96,0.0,1.0000000002165,0.1447273381372,1.8191652110196,-2.431563877972,166.96691422796098,578.29300497392,-1.0
43.0,0.0,1.0000000002165,0.14427215173836,1.8817430376431998,-2.4351155318512,167.222673622279,578.28975508608,-1.0
43.04,0.0,1.0000000002165,0.15768644007044,1.9454708396412,-2.4334806435576,167.371157976525,578.0557631616,-1.0
43.08,0.0,1.0000000002165,0.1596031587017,2.0088153165144,-2.4286887295936,167.556926948357,578.06876271296,-1.0
43.12,0.0,1.0000000002165,0.16033255377454,2.0717764682628,-2.4281249750096,167.766244099717,578.250756432,-1.0
43.16,0.0,1.0000000002165,0.16224653031906,2.1347376200112,-2.4242350683800002,167.746947674826,577.74052404112,-1.0
43.2,0.0,1.0000000002165,0.1598088152072,2.1975071091972,-2.4207961654176002,167.788484047049,577.50653211664,-1.0
43.24,0.0,1.0000000002165,0.16053821028004,2.2608515860704,-2.4124525975744002,167.874173255887,577.52928133152,-1.0
43.28,0.0,1.0000000002165,0.16205458424726002,2.3240044003811997,-2.4009520040608,168.059288111621,577.88351910608,-1.0
43.32,0.0,1.0000000002165,0.16120179527112,2.3863905644424,-2.4074351817768003,168.064193982356,577.6332777424,-1.0
43.36,0.0,1.0000000002165,0.16271816923834,2.4487767285035997,-2.4126217239496,167.966403625705,577.10029613664,-1.0
43.4,0.0,1.0000000002165,0.16620610357162,2.5355998692707997,-2.408449940028,167.927156659825,576.78180712832,-1.0
43.44,0.0,1.0000000002165,0.16495571201818002,2.59702772052,-2.4073788063184,167.874173255887,576.46656800784,-1.0
43.48,0.0,1.0000000002165,0.16370806255148002,2.6593180533,-2.4132982294504,167.813667516822,576.09283090624,-1.0
43.52,0.0,1.0000000002165,0.1664035338169,2.7224708676108,-2.4210216672512,167.732230062621,575.69634458976,-1.0
43.56,0.0,1.0000000002165,0.1683092841012,2.7851445255155998,-2.4124525975744002,167.815629865116,575.87183853312,-1.0
43.6,0.0,1.0000000002165,0.16706163463450002,2.8477223521392,-2.4028687696464,167.90589788664,576.0050839345599,-1.0
43.64,0.0,1.0000000002165,0.1685697823415,2.91087516645,-2.4010647549776003,167.943836620324,575.94658595344,-1.0
43.68,0.0,1.0000000002165,0.17165462992400002,2.9734529930736,-2.4074351817768003,167.900010841758,575.60859761808,-1.0
43.72,0.0,1.0000000002165,0.17119121726494002,3.0366058073844,-2.4005573758520002,167.896740261268,575.45260300176,-1.0
43.76,0.0,1.0000000002165,0.16797749160566,3.0992794652891997,-2.3949762054704,167.841794509036,575.13736388128,-1.0
43.8,0.0,1.0000000002165,0.16869866041828002,3.1616656293504,-2.395765461888,167.842775683183,574.99761870416,-1.0
43.84,0.0,1.0000000002165,0.17374135793314002,3.2248184436611997,-2.3917628043416,167.848008611967,574.88062274192,-1.0
43.88,0.0,1.0000000002165,0.17170947165880002,3.288929570784,-2.3880983995456,167.893469680778,574.8708730784,-1.0
43.92,0.0,1.0000000002165,0.17006970378828,3.3519865538136,-2.390127916048,167.887582635896,574.71812834992,-1.0
43.96,0.0,1.0000000002165,0.17353844351438,3.4143727178748,-2.379416578952,167.996165908164,574.97161960144,-1.0
44.0,0.0,1.0000000002165,0.17268565453824,3.4765672193736,-2.3776125642832002,167.987989456939,574.7831261067199,-1.0
44.04,0.0,1.0000000002165,0.16830105784098,3.5391450459972,-2.3710166356504,168.064193982356,574.90987173248,-1.0
44.08,0.0,1.0000000002165,0.16666677414394002,3.6012437162147997,-2.3727642748608,168.05438224088599,574.69537913504,-1.0
44.12,0.0,1.0000000002165,0.17169850331184,3.664109036682,-2.3715803902344,168.045224615514,574.55238407008,-1.0
44.16,0.0,1.0000000002165,0.16888786440334,3.7260160443371997,-2.36785960998,168.028871713064,574.350891024,-1.0
44.2,0.0,1.0000000002165,0.16529573077394,3.7883063771171996,-2.361376432264,168.00401530134,574.19164651984,-1.0
44.24,0.0,1.0000000002165,0.16679839430746002,3.8510758663031996,-2.357712027468,168.01840585549598,574.15264786576,-1.0
44.28,0.0,1.0000000002165,0.16907981047514,3.9130787052395997,-2.349819463292,168.07367866577698,574.25014450096,-1.0
44.32,0.0,1.0000000002165,0.16471166629832001,3.9762315195504,-2.3511724742936,168.045224615514,574.12989865088,-1.0
44.36,0.0,1.0000000002165,0.16347224309184,4.038809346174,-2.3496503369168,167.90916846713,573.6684145776,-1.0
44.4,0.0,1.0000000002165,0.16731939078806002,4.1018663292036,-2.3504395933344,167.687423109908,572.99568779472,-1.0
44.44,0.0,1.0000000002165,0.16451697813978,4.1636775055776,-2.3516798534192,167.54613403273999,572.6609493472,-1.0
44.48,0.0,1.0000000002165,0.16132793126116002,4.2263511634824,-2.345027549328,167.421197858022,572.47895562816,-1.0
44.52,0.0,1.0000000002165,0.16087548694906,4.2895039777932,-2.346155058496,167.34335804236,572.56020282416,-1.0
44.56,0.0,1.0000000002165,0.15495806376414,4.3518901418544,-2.3400101335304,167.220057157887,572.54395338496,-1.0
44.6,0.0,1.0000000002165,0.14904338266596,4.414947124884,-2.3401228844472,167.037558766545,572.47570574032,-1.0
44.64,0.0,1.0000000002165,0.14664679885520002,4.4780999391947995,-2.3367403569432,166.783761720521,572.30021179696,-1.0
44.68,0.0,1.0000000002165,0.13723321507678002,4.540677765818399,-2.3330759521472,166.546317576947,572.37170932944,-1.0
44.72,0.0,1.0000000002165,0.13562086807366,4.6039264114103995,-2.3264800235144003,166.219586585996,572.29696190912,-1.0
44.76,0.0,1.0000000002165,0.13128288685098,4.6663125754716,-2.335161844108,165.831695739882,572.21246482528,-1.0
44.8,0.0,1.0000000002165,0.12733702403212,4.7290820646576,-2.339390003488,165.432030804004,572.31646123616,-1.0
44.84,0.0,1.0000000002165,0.12105764539752001,4.7914682287187995,-2.3488610804992,164.949620181729,572.29696190912,-1.0
44.88,0.0,1.0000000002165,0.12217915887418,4.8552918619979994,-2.3497630878336,164.331480469119,572.075969536,-1.0
44.92,0.0,1.0000000002165,0.11396386700114,4.917582194777999,-2.337698739736,163.742775980919,572.12146796576,-1.0
44.96,0.0,1.0000000002165,0.10458867243708,4.9796808649956,-2.329242420976,163.064784645342,572.0434706576,-1.0
45.0,0.0,1.0000000002165,0.09249881200042001,5.042162860338,-2.3113714006632,162.351471040473,572.04997043328,-1.0
45.04,0.0,1.0000000002165,0.0843054568213,5.104453193118,-2.2821125377536,161.595312831185,572.00122211568,-1.0
45.08,0.0,1.0000000002165,0.078834993775,5.1771891355488,-2.2783917574992003,160.782900637469,572.0467205454399,-1.0
45.12,0.0,1.0000000002165,0.07142861749026,5.2396711308912,-2.2851004370488,159.802053548518,571.5884863599999,-1.0
45.16,0.0,1.0000000002165,0.06752114388576,5.3025364513583995,-2.2919782429736,158.579183503307,570.49327415792,-1.0
45.2,0.0,1.0000000002165,0.06594170192352,5.3667434097624,-2.2582657188504003,157.331784104421,569.42081117072,-1.0
45.24,0.0,1.0000000002165,0.06707966792062,5.429896224073199,-2.2291759823160002,156.356169944254,569.3298143111999,-1.0
45.28,0.0,1.0000000002165,0.06627897859254,5.4936240260712,-2.202115762284,155.423073330457,569.30706509632,-1.0
45.32,0.0,1.0000000002165,0.06702756827256,5.5570643342256,-2.1926446852728,154.53576484351998,569.36881296528,-1.0
45.36,0.0,1.0000000002165,0.07242399497688,5.6199296546927995,-2.1813695935928,153.765870196174,569.80754782368,-1.0
45.4,0.0,1.0000000002165,0.07471912157826001,5.6830824690036,-2.1838501137624,153.118622317203,570.52577303632,-1.0
45.44,0.0,1.0000000002165,0.07972068779202,5.7434561761596,-2.171109260164,152.504407301181,571.15300138944,-1.0
45.48,0.0,1.0000000002165,0.09129503592156,5.8061298340644,-2.156733518272,151.809408947056,571.35774432336,-1.0
45.52,0.0,1.0000000002165,0.12219561139462001,5.868707660688,-2.1539711208104,151.057829550454,571.09450340832,-1.0
45.56,0.0,1.0000000002165,0.12833514360548,5.9311896560304,-2.1430342818808,150.35269239681,570.78251417568,-1.0
45.6,0.0,1.0000000002165,0.13060284933946,5.9946299641848,-2.1230209941488,149.687783383193,570.28528133616,-1.0
45.64,0.0,1.0000000002165,0.1301668575478,6.0570161282459996,-2.1132680398456003,149.106928288169,569.73930017904,-1.0
45.68,0.0,1.0000000002165,0.14170007437624002,6.120168942556799,-2.102331200916,148.738660924995,569.5898053384,-1.0
45.72,0.0,1.0000000002165,0.14511671445428,6.183130094305199,-2.107404992172,148.379551187193,569.01782507856,-1.0
45.76,0.0,1.0000000002165,0.14891998876266002,6.2458995834912,-2.0990614243288,148.237935051976,568.87807990144,-1.0
45.8,0.0,1.0000000002165,0.14924903917146,0.026257771048799998,-2.0969191569096,148.238262110025,568.75458416352,-1.0
45.84,0.0,1.0000000002165,0.14379228655886,0.0887397663912,-2.0807394003488,148.40015584428,568.83908124736,-1.0
45.88,0.0,1.0000000002165,0.13757323383254,0.1534258812012,-2.0756656090928,148.549621372673,568.4035962768,-1.0
45.92,0.0,1.0000000002165,0.13559344720626001,0.2162912016684,-2.0835581732688,148.904152297789,568.33209874432,-1.0
45.96,0.0,1.0000000002165,0.12437557035292,0.2790606908544,-2.0853058124792003,149.360398276144,568.29634997808,-1.0
46.0,0.0,1.0000000002165,0.12548063130914,0.3423093364464,-2.096129900492,149.857853568673,568.013609736,-1.0
46.04,0.0,1.0000000002165,0.12042970753406,0.4045996692264,-2.11135127426,150.52276258229,568.09160704416,-1.0
46.08,0.0,1.0000000002165,0.10499998544808001,0.46736915841239995,-2.1235283732744,151.233459722767,567.92911265216,-1.0
46.12,0.0,1.0000000002165,0.08535293395598001,0.5297553224736,-2.1301243019072,151.969667391066,567.5618753262399,-1.0
46.16,0.0,1.0000000002165,0.07840174407008,0.5916623301288,-2.1314209374504003,152.74283261890199,567.13938990704,-1.0
46.2,0.0,1.0000000002165,0.07222382264486,0.6539526629087999,-2.1185109574768,153.55132011602998,566.65840650672,-1.0
46.24,0.0,1.0000000002165,0.06720306182392001,0.7154763454392,-2.1168196937248,154.440590951261,566.388665816,-1.0
46.28,0.0,1.0000000002165,0.06602670661246,0.7777666782192,-2.1204277230624,155.371071100666,566.13192467664,-1.0
46.32,0.0,1.0000000002165,0.06293089068300001,0.8397695171556,-2.1467550621352,156.275059548102,565.81668555616,-1.0
46.36,0.0,1.0000000002165,0.06444178047674,0.9019640186544,-2.1619200604448,157.190822085302,565.48844688432,-1.0
46.4,0.0,1.0000000002165,0.06671771247094001,0.9645418452779999,-2.1601160457760002,158.084671733219,565.10821000704,-1.0
46.44,0.0,1.0000000002165,0.0689909023784,1.0252030462776,-2.1605106739848,159.00599425725198,564.92296640016,-1.0
46.48,0.0,1.0000000002165,0.07203187657306001,1.0875892103387998,-2.149122831388,159.865502810024,564.57847828912,-1.0
46.52,0.0,1.0000000002165,0.07545125873784,1.1495920492751999,-2.1452329247584,160.732206639874,564.4549825511999,-1.0
46.56,0.0,1.0000000002165,0.08460982844944001,1.21226570718,-2.1565643918968,161.613955139978,564.57847828912,-1.0
46.6,0.0,1.0000000002165,0.09376291398756001,1.2747477025223999,-2.1866125112240002,162.46038137079,564.72147335408,-1.0
46.64,0.0,1.0000000002165,0.10328892332232001,1.3367505414588,-2.2013828813248,163.216866638127,564.70522391488,-1.0
46.68,0.0,1.0000000002165,0.11931093614414001,1.400095018332,-2.2123760957128003,163.982836588885,564.83196954064,-1.0
46.72,0.0,1.0000000002165,0.12079440507048,1.4621936885495999,-2.2053291634128,164.583642224898,564.6987241392,-1.0
46.76,0.0,1.0000000002165,0.12113168173950001,1.525154840298,-2.1908970460624,165.111840974033,564.50048098096,-1.0
46.8,0.0,1.0000000002165,0.12605098535106002,1.5887868110148,-2.1791709507152,165.664896134892,564.63047649456,-1.0
46.84,0.0,1.0000000002165,0.13211099704646,1.651172975076,-2.1759575495864,166.163986717666,564.7799713352,-1.0
46.88,0.0,1.0000000002165,0.13549747417036,1.7161465837296,-2.1754501704608,166.500856508136,564.51023064448,-1.0
46.92,0.0,1.0000000002165,0.13696997474974001,1.7791077354779998,-2.168854241828,166.838053356655,564.48423154176,-1.0
46.96,0.0,1.0000000002165,0.14874175312456,1.8420688872264,-2.173928033084,167.084001009503,564.2274904024,-1.0
47.0,0.0,1.0000000002165,0.15364186212894002,1.9053175328184,-2.1758447986696,167.246221801807,563.92850072112,-1.0
47.04,0.0,1.0000000002165,0.15701188673240002,1.9679911907232,-2.1729132748328,167.415964929238,563.75950655344,-1.0
47.08,0.0,1.0000000002165,0.15961961122214,2.0307606799092,-2.1717293902064,167.525856433702,563.49951552624,-1.0
47.12,0.0,1.0000000002165,0.16184344356828,2.092955181408,-2.167444855368,167.555618716161,563.08352988272,-1.0
47.16,0.0,1.0000000002165,0.16102081754628,2.1560121644376,-2.1723495202488,167.587343346914,562.7162925568,-1.0
47.2,0.0,1.0000000002165,0.16019819152428,2.2190691474672,-2.1694743718704,167.750545313365,562.96978380832,-1.0
47.24,0.0,1.0000000002165,0.16051627358612,2.2821261304968,-2.1607361758184,167.93958486568698,563.2687734896,-1.0
47.28,0.0,1.0000000002165,0.16311851390238,2.3452789448076,-2.1574100237728002,168.08250923309998,563.46376676,-1.0
47.32,0.0,1.0000000002165,0.1615363298534,2.4080484339935997,-2.1568462691888,168.093629206766,563.22977483552,-1.0
47.36,0.0,1.0000000002165,0.16261396994222002,2.4708179231795997,-2.1627656923208,167.947761316912,562.51154962288,-1.0
47.4,0.0,1.0000000002165,0.1640727600879,2.5258250785884,-2.1630475696128,167.908514351032,562.25480848352,-1.0
47.44,0.0,1.0000000002165,0.16514765808998,2.5871570985564,-2.1591576629832003,167.957246000333,562.28730736192,-1.0
47.48,0.0,1.0000000002165,0.16394662409786,2.6500224190235997,-2.1594395402752,167.970655380342,562.18981072672,-1.0
47.52,0.0,1.0000000002165,0.16615948809704,2.7130794020532,-2.1567898937304,167.987008282792,562.0988138672,-1.0
47.56,0.0,1.0000000002165,0.1679939441261,2.7756572286768,-2.1512650988072,168.00728588183,562.01431678336,-1.0
47.6,0.0,1.0000000002165,0.16717131810410002,2.8388100429875998,-2.1441054155904,168.035412874044,561.96556846576,-1.0
47.64,0.0,1.0000000002165,0.16824621610618,2.9015795321735998,-2.1391443752512,168.02134937793699,561.7185769899199,-1.0
47.68,0.0,1.0000000002165,0.16893996405140002,2.9643490213595998,-2.1360437250392,168.06942691114,561.76082553184,-1.0
47.72,0.0,1.0000000002165,0.17076893590698,3.0271185105455998,-2.1258961425272,168.060596343817,561.55608259792,-1.0
47.76,0.0,1.0000000002165,0.16805427003438,3.0896963371691997,-2.1301243019072,167.997147082311,561.19534504768,-1.0
47.8,0.0,1.0000000002165,0.16836961000948,3.1527533201988,-2.1258961425272,168.037048164289,561.21159448688,-1.0
47.84,0.0,1.0000000002165,0.17322310353928,3.2154269781036,-2.1231337450656,168.051765776494,561.10109830032,-1.0
47.88,0.0,1.0000000002165,0.17126525360692002,3.2797297677887998,-2.1230209941488,168.022657610133,560.8866057028799,-1.0
47.92,0.0,1.0000000002165,0.16969129581816,3.3423075944123997,-2.1236974996496,168.040972860877,560.79560884336,-1.0
47.96,0.0,1.0000000002165,0.17076070964676002,3.404885421036,-2.1191874629776,168.081201000904,560.82485783392,-1.0
48.0,0.0,1.0000000002165,0.17220578935874,3.4678465727843997,-2.1107311442176,168.098535077501,560.70786187168,-1.0
48.04,0.0,1.0000000002165,0.16836412583600002,3.5306160619703997,-2.1083069995064,168.107038586775,560.5648668067199,-1.0
48.08,0.0,1.0000000002165,0.16641450216386,3.5932897198752,-2.1052063492944,168.094610380913,560.4121220782399,-1.0
48.12,0.0,1.0000000002165,0.17012454552308,3.6557717152176,-2.1032895837088,168.14955613314498,560.44787084448,-1.0
48.16,0.0,1.0000000002165,0.16892899570444,3.7181578792787997,-2.0996815543712,168.180953705849,560.41537196608,-1.0
48.2,0.0,1.0000000002165,0.16547396641204,3.7808315371836,-2.0957352722832,168.202212479034,560.3763733119999,-1.0
48.24,0.0,1.0000000002165,0.16654063815390002,3.8434093638071998,-2.0893084700256,168.201558362936,560.2626272376,-1.0
48.28,0.0,1.0000000002165,0.16873704963264,3.9062746842744,-2.0855313143128003,168.149229075096,560.0188856496,-1.0
48.32,0.0,1.0000000002165,0.1649090965436,3.9691400047416,-2.0820924113504002,167.988970631086,559.36565819376,-1.0
48.36,0.0,1.0000000002165,0.16334336501506,4.0317178313652,-2.085700440688,167.87940618467098,559.0699184003199,-1.0
48.4,0.0,1.0000000002165,0.16591544237718,4.0937206703016,-2.0579073396968,167.921923731041,559.2974105491201,-1.0
48.44,0.0,1.0000000002165,0.1643469687619,4.1545735338636,-2.0735233416736003,167.84833567001598,559.21616335312,-1.0
48.48,0.0,1.0000000002165,0.16127857369984,4.2164805415188,-2.0730159625480002,167.79469814998,559.23241279232,-1.0
48.52,0.0,1.0000000002165,0.15933991837466002,4.2787708742988,-2.0658562793312,167.673032555752,559.0926676152,-1.0
48.56,0.0,1.0000000002165,0.158903926583,4.3413487009224,-2.0597113543656,167.452268372677,558.74492961632,-1.0
48.6,0.0,1.0000000002165,0.14682777658004,4.4033515398588,-2.0636012609952,167.259958239865,558.67993185952,-1.0
48.64,0.0,1.0000000002165,0.14339468398156,4.466696016732,-2.0730723380064,166.891036760593,558.1761992443201,-1.0
48.68,0.0,1.0000000002165,0.14033725726646,4.5286030243872,-2.0663636584568,166.706248962908,558.426440608,-1.0
48.72,0.0,1.0000000002165,0.13240714241438,4.5911808510108,-2.0689569295432,166.38082620415298,558.35819296336,-1.0
48.76,0.0,1.0000000002165,0.12748509671608002,4.654046171478,-2.0692388068352,165.978217745834,558.22819744976,-1.0
48.8,0.0,1.0000000002165,0.12631148359136002,4.715857347851999,-2.0655180265808,165.593924538259,558.33219386064,-1.0
48.84,0.0,1.0000000002165,0.1236406911066,4.7792976560064,-2.077807876512,165.112168032082,558.35169318768,-1.0
48.88,0.0,1.0000000002165,0.11797828198850001,4.842929626723199,-2.0826561659344,164.482581287757,558.03970395504,-1.0
48.92,0.0,1.0000000002165,0.11531297367722,4.906082441034,-2.0754964827176,163.78136883070098,557.68871606832,-1.0
48.96,0.0,1.0000000002165,0.10404299717582001,4.9694269179071995,-2.0798373930144,163.040582349716,557.41572548976,-1.0
49.0,0.0,1.0000000002165,0.09203265725462001,5.031717250687199,-2.0530590502744,162.312551132642,557.3377281816,-1.0
49.04,0.0,1.0000000002165,0.08377074990700001,5.0961158716536,-2.0376685501312,161.458602566703,557.0484881638399,-1.0
49.08,0.0,1.0000000002165,0.07700876400616001,5.1377066476944,-2.026224332076,160.651096243722,557.0809870422399,-1.0
49.12,0.0,1.0000000002165,0.07324387891214,5.2018177748172,-2.0216579199456,159.71440199138598,556.8177461272,-1.0
49.16,0.0,1.0000000002165,0.06798729863156,5.265449745534,-2.0232364327808,158.795368873696,556.74299870688,-1.0
49.2,0.0,1.0000000002165,0.06571959289758,5.3275484157515995,-1.9863105075288,157.708882034918,556.20351732544,-1.0
49.24,0.0,1.0000000002165,0.06681642759358,5.3917553741556,-1.9600395439144,156.664258626412,555.8070310089599,-1.0
49.28,0.0,1.0000000002165,0.06679174881292001,5.454237369498,-1.9424504008936,155.566978872017,555.19930198288,-1.0
49.32,0.0,1.0000000002165,0.0671399938289,5.517486015089999,-1.9368128550536001,154.586131783066,554.98480938544,-1.0
49.36,0.0,1.0000000002165,0.07457104889430001,5.5816929734939995,-1.9253686369984,153.586969443371,554.63382149872,-1.0
49.4,0.0,1.0000000002165,0.0786430477032,5.6441749688364,-1.9324155692984002,152.761801985744,554.78981611504,-1.0
49.44,0.0,1.0000000002165,0.08494710511846,5.7071361205848,-1.9283001608352,151.951025082273,554.78006645152,-1.0
49.48,0.0,1.0000000002165,0.10651635941530001,5.769809778489599,-1.9243538787472,151.27499609499,555.05630691792,-1.0
49.52,0.0,1.0000000002165,0.11504150708996001,5.8329625928004,-1.9153338054032,150.54075077498499,554.90356218944,-1.0
49.56,0.0,1.0000000002165,0.11685951059858,5.8966903947984,-1.9020291972208,149.974613292166,555.0433073665599,-1.0
49.6,0.0,1.0000000002165,0.12090683062682,5.9583099086099995,-1.8835380468656,149.498743830871,555.2123015342399,-1.0
49.64,0.0,1.0000000002165,0.12941552578104001,6.0218460480455995,-1.8711918214760002,149.020584963233,554.97830960976,-1.0
49.68,0.0,1.0000000002165,0.13159822682608,6.0836572244196,-1.8666254093456,148.580364829279,554.53957475136,-1.0
49.72,0.0,1.0000000002165,0.13749645540382,6.1459475571996,-1.865836152928,148.29876784908998,554.33808170528,-1.0
49.76,0.0,1.0000000002165,0.14338645772134,6.2092920340728,-1.864144889176,148.247092677348,554.43557834048,-1.0
49.8,0.0,1.0000000002165,0.15261906377492002,6.2706240540408,-1.8527570465792,148.229431542702,554.30233293904,-1.0
49.84,0.0,1.0000000002165,0.15070508723040002,0.0506947477548,-1.8439060996104,148.306944300315,554.04234191184,-1.0
49.88,0.0,1.0000000002165,0.14397052219696002,0.114039224628,-1.8474013780312,148.458045118953,553.63610593184,-1.0
49.92,0.0,1.0000000002165,0.130934641835,0.1764253886892,-1.8545046857896001,148.731138589868,553.31436703568,-1.0
49.96,0.0,1.0000000002165,0.12977473914398,0.2397698655624,-1.8623408745072,149.153697589176,553.12587354096,-1.0
50.0,0.0,1.0000000002165,0.12972538158266,0.301389379374,-1.8745179735216,149.68843749929098,553.02512701792,-1.0
50.04,0.0,1.0000000002165,0.12708475205204,0.3648296875284,-1.8783515046928,150.311156024587,552.87238228944,-1.0
50.08,0.0,1.0000000002165,0.11592720110698,0.42683252646479997,-1.8914306110416002,150.993072056752,552.62214092576,-1.0
50.12,0.0,1.0000000002165,0.0981118635572,0.4894103530884,-1.8868078234528,151.70344213918,552.21590494576,-1.0
50.16,0.0,1.0000000002165,0.07882950960152,0.5530423238052,-1.8790280101936,152.486419108486,551.83891795632,-1.0
50.2,0.0,1.0000000002165,0.07140119662286,0.6151409940228,-1.8784078801512,153.384847569089,551.75117098464,-1.0
50.24,0.0,1.0000000002165,0.06730726112004,0.6797312775516,-1.8750253526472,154.505348444963,552.27765281472,-1.0
50.28,0.0,1.0000000002165,0.06543441587662001,0.7421174416128,-1.8826924149896,155.34915821138298,551.69267300352,-1.0
50.32,0.0,1.0000000002165,0.06319413101004,0.8050785933612,-1.907272114852,156.177269191451,551.09469364096,-1.0
50.36,0.0,1.0000000002165,0.06464743698224,0.8694772143276,-1.9277364062512001,157.092050554504,550.81845317456,-1.0
50.4,0.0,1.0000000002165,0.06683836428750001,0.9321508722324,-1.9256505142904001,158.15629744595,551.0491952112,-1.0
50.44,0.0,1.0000000002165,0.06902929159276,0.9960703367928,-1.9143754226104002,159.241476052532,551.34493500464,-1.0
50.48,0.0,1.0000000002165,0.07306290118730001,1.0597981387908,-1.8981392905912,160.277923009813,551.62442535888,-1.0
50.52,0.0,1.0000000002165,0.07856901136122,1.1240050971948,-1.8897393472896,161.218214900688,551.6634240129599,-1.0
50.56,0.0,1.0000000002165,0.08443981907156001,1.1889787058484,-1.9048479701408,161.975681342172,551.35468466816,-1.0
50.6,0.0,1.0000000002165,0.09362306756382001,1.2511732073472,-1.9377712378464,162.60428691235,550.76970485696,-1.0
50.64,0.0,1.0000000002165,0.10316827150576001,1.3166259724068,-1.9730622748048,163.398383855322,550.88995070704,-1.0
50.68,0.0,1.0000000002165,0.11381305223044001,1.379491292874,-1.9559241354512,164.091746919202,550.85745182864,-1.0
50.72,0.0,1.0000000002165,0.11082417768384001,1.4428357697471998,-1.939688003432,164.789688795768,551.02644599632,-1.0
50.76,0.0,1.0000000002165,0.12145799006156001,1.507426053276,-1.9356853458856,165.3025158166,550.75345541776,-1.0
50.8,0.0,1.0000000002165,0.12619631594828,1.5683747481191999,-1.9408155126,165.661625554402,550.1554760552,-1.0
50.84,0.0,1.0000000002165,0.12541482122738,1.6331566942103999,-1.9369256059704,166.12997268057,550.1879749336,-1.0
50.88,0.0,1.0000000002165,0.13235230067958,1.6977469777392,-1.9319645656312,166.689896060458,550.75345541776,-1.0
50.92,0.0,1.0000000002165,0.13524520219028,1.7607081294876,-1.9296531718368,167.101008028051,550.88995070704,-1.0
50.96,0.0,1.0000000002165,0.13850005915066002,1.825106750454,-1.9308370564632,167.367560337986,550.7404558664,-1.0
51.0,0.0,1.0000000002165,0.14175491611104002,1.886438770422,-1.9289202908776,167.548750497132,550.43821629728,-1.0
51.04,0.0,1.0000000002165,0.15344991605714,1.9507415601072,-1.9331484502576002,167.621684442059,549.97348233616,-1.0
51.08,0.0,1.0000000002165,0.160000761279,2.0125527364812,-1.9335430784664,167.58014806983599,549.23250790864,-1.0
51.12,0.0,1.0000000002165,0.16030787499388,2.075226394386,-1.9252558860816,167.702794838211,549.1480108247999,-1.0
51.16,0.0,1.0000000002165,0.16098242833192,2.13943335279,-1.9266652725416,167.831328651468,549.17076003968,-1.0
51.2,0.0,1.0000000002165,0.16055740488722,2.2005737101956,-1.9201820948256,167.974907134979,549.27150656272,-1.0
51.24,0.0,1.0000000002165,0.16049707897894,2.2647806685995997,-1.9155593072368,168.095264497011,549.35600364656,-1.0
51.28,0.0,1.0000000002165,0.16190376947656002,2.3268793388172,-1.9102600141472001,168.198941898544,549.41775151552,-1.0
51.32,0.0,1.0000000002165,0.16147874603186002,2.3889780090348,-1.9136425416512002,168.22445242636599,549.26500678704,-1.0
51.36,0.0,1.0000000002165,0.16288543652948,2.4528016423139998,-1.91403716986,168.17735606731,548.9530175544,-1.0
51.4,0.0,1.0000000002165,0.16575091717278,2.5378998200195997,-1.9093580068128,168.197633666348,548.8262719286399,-1.0
51.44,0.0,1.0000000002165,0.16495845410492002,2.601340128174,-1.909245255896,168.184551344388,548.64752809744,-1.0
51.48,0.0,1.0000000002165,0.1641687331238,2.6623846542983998,-1.907835869436,168.05438224088599,548.02029974432,-1.0
51.52,0.0,1.0000000002165,0.16703147168036,2.7264957814212,-1.9039459628064002,167.896413203219,547.34107318576,-1.0
51.56,0.0,1.0000000002165,0.16770054084492,2.7898402582944,-1.8989285470088,168.246692373698,548.4492849392,-1.0
51.6,0.0,1.0000000002165,0.16691081986380002,2.8518430972308,-1.8901339754984001,168.49133179435,549.05376407744,-1.0
51.64,0.0,1.0000000002165,0.1683092841012,2.9170083684468,-1.8783515046928,168.52763523778899,548.9692669936001,-1.0
51.68,0.0,1.0000000002165,0.17080184094786002,2.9783403884148,-1.8871460762032,168.590757441246,549.01151553552,-1.0
51.72,0.0,1.0000000002165,0.17074151503958002,3.0423556842563997,-1.8817340321968001,168.475960066047,548.48503370544,-1.0
51.76,0.0,1.0000000002165,0.16812556428962,3.105412667286,-1.8780132519424,168.49165885239898,548.43628538784,-1.0
51.8,0.0,1.0000000002165,0.17098007658596,3.1671280123787997,-1.8803810211952001,168.433442519677,548.07229794976,-1.0
51.84,0.0,1.0000000002165,0.17274049627304,3.2319099584699997,-1.882185035864,168.453720118715,548.02029974432,-1.0
51.88,0.0,1.0000000002165,0.17122138021908,3.2946794476559997,-1.8887245890384001,168.275146423961,547.2305769992,-1.0
51.92,0.0,1.0000000002165,0.16970226416512002,3.3585989122164,-1.8836507977824,168.245384141502,547.02908395312,-1.0
51.96,0.0,1.0000000002165,0.17255129228798,3.4212725701211997,-1.8723757061024,168.314066331792,547.13633025184,-1.0
52.0,0.0,1.0000000002165,0.17212626884328,3.4832754090575997,-1.8762092372736001,168.238842980522,546.72359449616,-1.0
52.04,0.0,1.0000000002165,0.16842445174428,3.547674030024,-1.8687113013064,168.306871054714,546.83734057056,-1.0
52.08,0.0,1.0000000002165,0.16945547635852,3.6087185561484,-1.8586764697112002,168.3441556723,546.78859225296,-1.0
52.12,0.0,1.0000000002165,0.17121041187212002,3.6729255145524,-1.8627918781744,168.303600474224,546.52860122576,-1.0
52.16,0.0,1.0000000002165,0.1689673849188,3.7351200160511997,-1.8558013213328,168.358219168407,546.56110010416,-1.0
52.2,0.0,1.0000000002165,0.16527379408002002,3.7970270237064,-1.8550684403736,168.439329564559,546.7755927016,-1.0
52.24,0.0,1.0000000002165,0.16775538257972,3.8608506569856,-1.845822865196,168.562303390983,547.08758193424,-1.0
52.28,0.0,1.0000000002165,0.16842170965754,3.9214160267039997,-1.8400161929808,168.558051636346,546.96408619632,-1.0
52.32,0.0,1.0000000002165,0.16473086090550002,3.9849521661395997,-1.8420457094832001,168.439329564559,546.51885156224,-1.0
52.36,0.0,1.0000000002165,0.16285801566208,4.047434161482,-1.8418202076496,168.195671318054,545.6836303873599,-1.0
52.4,0.0,1.0000000002165,0.16714938141018001,4.1100119881056,-1.8431168431928,167.956264826186,544.99790405312,-1.0
52.44,0.0,1.0000000002165,0.1645526252674,4.1725898147292,-1.8432295941096,167.846373321722,544.78016156784,-1.0
52.48,0.0,1.0000000002165,0.16159391367494,4.234305159822,-1.8383249292288,167.710317173338,544.5104208771199,-1.0
52.52,0.0,1.0000000002165,0.15501564758568,4.29803296182,-1.8349424017248002,167.64817614402799,544.62741683936,-1.0
52.56,0.0,1.0000000002165,0.15568471675024,4.3608982822872,-1.8369719182272,167.416291987287,544.22118085936,-1.0
52.6,0.0,1.0000000002165,0.1473048996728,4.423092783786,-1.8311088705536,167.227906551063,544.19518175664,-1.0
52.64,0.0,1.0000000002165,0.1407376019305,4.4861497668156,-1.8293612313432,167.081384545111,544.37717547568,-1.0
52.68,0.0,1.0000000002165,0.1374333874088,4.549302581126399,-1.831165246012,166.603225677473,543.58095295488,-1.0
52.72,0.0,1.0000000002165,0.13629816349844,4.6129345518432,-1.8328001343056,166.126047983982,543.0154724707199,-1.0
52.76,0.0,1.0000000002165,0.13191082471444002,4.6758957035916,-1.8391705611048002,165.78002056814,543.09996955456,-1.0
52.8,0.0,1.0000000002165,0.12138669580632001,4.7384735302152,-1.8380994273952,165.487630672334,543.56145362784,-1.0
52.84,0.0,1.0000000002165,0.12134282241848,4.8012430194012,-1.8456537388208,165.049372886674,543.68494936576,-1.0
52.88,0.0,1.0000000002165,0.11841153169342,4.8651624839615994,-1.8499946491176,164.477675417022,543.5777030670399,-1.0
52.92,0.0,1.0000000002165,0.11475907215574001,4.9277403105852,-1.839621564772,163.887662696626,543.59720239408,-1.0
52.96,0.0,1.0000000002165,0.10353571112892,4.9902223059276,-1.8349424017248002,163.164537350287,543.39895923584,-1.0
53.0,0.0,1.0000000002165,0.09195862091264001,5.0528959638324,-1.8160566231608,162.306337029711,542.84972819088,-1.0
53.04,0.0,1.0000000002165,0.08363364557,5.1155696217372,-1.7971144691384,161.408562685206,542.37849445408,-1.0
53.08,0.0,1.0000000002165,0.0749549410379,5.180639061672,-1.7870232620848001,160.585357575873,542.36224501488,-1.0
53.12,0.0,1.0000000002165,0.07312596918232,5.2435043821392,-1.7962688372624,159.676136199653,542.15425219312,-1.0
53.16,0.0,1.0000000002165,0.06769937952386,5.3063697026064,-1.8114902110304,158.620065759432,541.60502114816,-1.0
53.2,0.0,1.0000000002165,0.06659431856764,5.3687558666676,-1.7653187106008001,157.585908208494,541.2832822519999,-1.0
53.24,0.0,1.0000000002165,0.06693159523666001,5.4313336932912,-1.7370746059424,156.608331700033,541.08503909376,-1.0
53.28,0.0,1.0000000002165,0.066906916456,5.4932407009464,-1.7102962632024001,155.698456207715,541.1532867384,-1.0
53.32,0.0,1.0000000002165,0.06832183321384,5.5561060214135995,-1.7012198144000001,154.703218564608,540.8250480665599,-1.0
53.36,0.0,1.0000000002165,0.0726104568752,5.6186838480371994,-1.6990775469808002,153.752133758116,540.6658035624,-1.0
53.4,0.0,1.0000000002165,0.07869240526452001,5.6814533372232,-1.7033057063608001,152.813477157486,540.42856175008,-1.0
53.44,0.0,1.0000000002165,0.09087549665034,5.7428811884724,-1.7058989774472,151.898041678335,540.0970731904,-1.0
53.48,0.0,1.0000000002165,0.10843856222004,5.8057465089396,-1.699528550648,151.01007907529998,539.7038367617599,-1.0
53.52,0.0,1.0000000002165,0.1198840322728,5.8690909858128,-1.6891554663024,150.275179639197,539.5348425940799,-1.0
53.56,0.0,1.0000000002165,0.12055858561084001,5.9326271252484,-1.6846454296304,149.514115559174,539.01811042752,-1.0
53.6,0.0,1.0000000002165,0.12195156567476001,5.995588276996799,-1.6632227554384,149.033013169095,539.170855156,-1.0
53.64,0.0,1.0000000002165,0.12370101701488001,6.0587410913076,-1.6494671435888,148.61928473711,539.1936043708799,-1.0
53.68,0.0,1.0000000002165,0.13763355974082,6.1216064117748,-1.6521167901336,148.272276147121,539.09610773568,-1.0
53.72,0.0,1.0000000002165,0.13973399818366,6.1848550573668,-1.6463101179184,147.985446238148,538.81011760576,-1.0
53.76,0.0,1.0000000002165,0.14434070390686002,6.2481037029588,-1.6486215117128,147.880460604419,538.80036794224,-1.0
53.8,0.0,1.0000000002165,0.13856038505894,0.0275994089856,-1.6461409915432001,147.837616,538.55012657856,-1.0
53.84,0.0,1.0000000002165,0.13851102749762,0.0906563920152,-1.634696773488,147.96157100057098,538.5046281488,-1.0
53.88,0.0,1.0000000002165,0.1348832467406,0.1549591817004,-1.6343585207376001,148.230412716849,538.5533764664,-1.0
53.92,0.0,1.0000000002165,0.12982958087878002,0.2179203334488,-1.6329491342776001,148.539482573154,538.31613465408,-1.0
53.96,0.0,1.0000000002165,0.1204872913556,0.28097731647839996,-1.6327800079024,148.989514448578,538.24788700944,-1.0
54.0,0.0,1.0000000002165,0.11829910613708,0.3434593118208,-1.6407289475368,149.503322643557,538.00739530928,-1.0
54.04,0.0,1.0000000002165,0.11825523274924,0.4061329697256,-1.6494107681304,150.067824836131,537.6986559644799,-1.0
54.08,0.0,1.0000000002165,0.10999880957510001,0.4684233025056,-1.6661542792752,150.736658546336,537.42566538592,-1.0
54.12,0.0,1.0000000002165,0.09710825981036,0.5313844542539999,-1.6705515650304001,151.612520001558,537.59140966576,-1.0
54.16,0.0,1.0000000002165,0.07887338298936,0.5942497747212,-1.6627717517712,152.492633211417,537.58166000224,-1.0
54.2,0.0,1.0000000002165,0.07206478161394,0.6571150951884,-1.6495798945056,153.594491778498,538.13414093504,-1.0
54.24,0.0,1.0000000002165,0.06882911926074001,0.7199804156556,-1.6388685574096,154.636498722612,538.3453836446399,-1.0
54.28,0.0,1.0000000002165,0.06702208409908,0.7833248925288,-1.638079300992,155.68929858234299,538.47537915824,-1.0
54.32,0.0,1.0000000002165,0.06806956123376,0.846669369402,-1.6681274203192,156.65183042055,538.3421337568,-1.0
54.36,0.0,1.0000000002165,0.06946802547116,0.9102055088376,-1.6788951328736001,157.659496269519,538.3453836446399,-1.0
54.4,0.0,1.0000000002165,0.0701562892429,0.9727833354612,-1.6852091842144001,158.515407183752,537.8189018145599,-1.0
54.44,0.0,1.0000000002165,0.06906493872038,1.0333487051796,-1.6794588874576,159.336649944791,537.31516919936,-1.0
54.48,0.0,1.0000000002165,0.0733096889939,1.0957348692408,-1.669367680404,160.234097231247,537.1234258168,-1.0
54.52,0.0,1.0000000002165,0.07719796799122,1.1579293707396,-1.6622079971872001,161.094914016215,536.97068108832,-1.0
54.56,0.0,1.0000000002165,0.08428077804064,1.2214655101751999,-1.6709461932392,161.993342476818,537.1039264897599,-1.0
54.6,0.0,1.0000000002165,0.09313771821084,1.2843308306424,-1.6966534022696,162.815566412004,537.13317548032,-1.0
54.64,0.0,1.0000000002165,0.1058993898988,1.3469086572659998,-1.7230371168008,163.573032853488,537.12667570464,-1.0
54.68,0.0,1.0000000002165,0.11687322103228001,1.4107322905452,-1.7087177503672,164.356990996941,537.3184190872,-1.0
54.72,0.0,1.0000000002165,0.11967289159382001,1.4730226233252,-1.7069137356984,165.015685907627,537.3931665075199,-1.0
54.76,0.0,1.0000000002165,0.11927528901652,1.5379004006976,-1.6995849261064,165.658682031961,537.5946595536,-1.0
54.8,0.0,1.0000000002165,0.12739460785366,1.6014365401332,-1.6999795543152,166.163659659617,537.53616157248,-1.0
54.84,0.0,1.0000000002165,0.12735073446582001,1.6644935231628,-1.6980064132712,166.639202062863,537.58815977792,-1.0
54.88,0.0,1.0000000002165,0.13262376726684,1.7297546256599998,-1.6953567667264,166.951869557707,537.23392200336,-1.0
54.92,0.0,1.0000000002165,0.14356743544618,1.7917574645963998,-1.6946238857672,167.20795601007399,536.95443164912,-1.0
54.96,0.0,1.0000000002165,0.1449329946427,1.8557727604379999,-1.6883098344264,167.431009599492,536.67169140704,-1.0
55.0,0.0,1.0000000002165,0.15125624666514,1.9186380809052,-1.6905648527624,167.626263254745,536.47019836096,-1.0
55.04,0.0,1.0000000002165,0.15757675660084,1.9818867264972,-1.6917487373888,167.735173585062,536.10946081072,-1.0
55.08,0.0,1.0000000002165,0.160000761279,2.0461895161824,-1.6987956696888,167.87842501052398,535.93396686736,-1.0
55.12,0.0,1.0000000002165,0.16206555259422,2.1085756802435998,-1.6968789041032,168.029198771113,535.92421720384,-1.0
55.16,0.0,1.0000000002165,0.16130051039376,2.1735492888972,-1.685998440632,168.248327663943,536.1874581188799,-1.0
55.2,0.0,1.0000000002165,0.16018448109058,2.2365104406456,-1.683461545004,168.366722677681,536.22320688512,-1.0
55.24,0.0,1.0000000002165,0.16189554321634,2.2996632549564,-1.6787823819568,168.417416675276,536.02821361472,-1.0
55.28,0.0,1.0000000002165,0.1632501340659,2.363678550798,-1.6761327354120001,168.413491978688,535.75197314832,-1.0
55.32,0.0,1.0000000002165,0.16178037557326,2.4257772210156,-1.6694240558624,168.433442519677,535.63172729824,-1.0
55.36,0.0,1.0000000002165,0.16348869561228002,2.4903675045444,-1.6724119551576,168.407277875757,535.32948772912,-1.0
55.4,0.0,1.0000000002165,0.16590173194348,2.5407747584556,-1.6640683873144,168.439983680657,535.29698885072,-1.0
55.44,0.0,1.0000000002165,0.16513668974302,2.6014359594552,-1.6615878671448001,168.528289353887,535.42048458864,-1.0
55.48,0.0,1.0000000002165,0.16402066043984,2.6657387491404,-1.6579798378072002,168.602858589059,535.52123111168,-1.0
55.52,0.0,1.0000000002165,0.16713567097648002,2.7281249132016,-1.66175699352,168.633602045665,535.4399839156799,-1.0
55.56,0.0,1.0000000002165,0.16778280344712002,2.791565221356,-1.6591073469752,168.66794314081,535.41073492512,-1.0
55.6,0.0,1.0000000002165,0.16701776124666,2.8546222043856,-1.6492980172136,168.747091188668,535.53423066304,-1.0
55.64,0.0,1.0000000002165,0.16801588082002,2.9164333807596,-1.6433222186232002,168.69672424912198,535.17674300064,-1.0
55.68,0.0,1.0000000002165,0.17077442008046,2.9800653514763997,-1.647381251628,168.685604275456,535.00774883296,-1.0
55.72,0.0,1.0000000002165,0.17071409417218,3.042164021694,-1.6437732222904,168.659112573487,534.75425758144,-1.0
55.76,0.0,1.0000000002165,0.16784038726866002,3.1053168360048,-1.6381920519088,168.691491320338,534.74125803008,-1.0
55.8,0.0,1.0000000002165,0.17059344235562002,3.1682779877532,-1.639488687452,168.63196675542,534.40001980688,-1.0
55.84,0.0,1.0000000002165,0.17264452323714,3.2300891641272,-1.6328927588192002,168.619211491509,534.21152631216,-1.0
55.88,0.0,1.0000000002165,0.17082651972852,3.2950627727808,-1.634133018904,168.610380924186,534.05553169584,-1.0
55.92,0.0,1.0000000002165,0.16935950332262,3.3569697804359997,-1.635260528072,168.491004736301,533.4868013238399,-1.0
55.96,0.0,1.0000000002165,0.17210981632284,3.4202184260279997,-1.6396578138272,168.450776596274,533.24305973584,-1.0
56.0,0.0,1.0000000002165,0.17204949041456,3.4827962526515996,-1.638643055576,168.433115461628,533.05131635328,-1.0
56.04,0.0,1.0000000002165,0.16847929347908,3.5447032603068,-1.6357115317392001,168.440310738706,532.92782061536,-1.0
56.08,0.0,1.0000000002165,0.16912368386298002,3.6080477371799997,-1.62934110494,168.48675298166398,532.9603194937599,-1.0
56.12,0.0,1.0000000002165,0.17116928057102002,3.669858913554,-1.6320471269432,168.466475382626,532.7295774571201,-1.0
56.16,0.0,1.0000000002165,0.16865478703044,3.7330117278648,-1.6298484840656,168.515534089976,532.77507588688,-1.0
56.2,0.0,1.0000000002165,0.16544106137116002,3.7960687108944,-1.6290028521896,168.436713100167,532.3948390096,-1.0
56.24,0.0,1.0000000002165,0.16783490309518,3.8584548749556,-1.6274243393544001,168.358219168407,532.04385112288,-1.0
56.28,0.0,1.0000000002165,0.16882753849506002,3.9220868456724,-1.6252256964768002,168.370974432318,532.06335044992,-1.0
56.32,0.0,1.0000000002165,0.1652655678198,3.9842813471712,-1.617502258676,168.330419234242,531.8748569552,-1.0
56.36,0.0,1.0000000002165,0.16275930053944002,4.0470508363572,-1.6126539692536002,168.300002835685,531.79685964704,-1.0
56.4,0.0,1.0000000002165,0.16654886441412,4.1094370004184,-1.6125975937952,168.200904246838,531.49137019008,-1.0
56.44,0.0,1.0000000002165,0.16474182925246,4.169619045011999,-1.6034647695344,168.096572729207,531.26712792912,-1.0
56.48,0.0,1.0000000002165,0.16153907194014,4.2322927029168,-1.6001949929472001,168.026255248672,531.2248793872,-1.0
56.52,0.0,1.0000000002165,0.15868455964380002,4.293912216728399,-1.582549474468,167.978504773518,531.35162501296,-1.0
56.56,0.0,1.0000000002165,0.14814946238872,4.3565858746332,-1.5899910349768,167.722091263102,530.92263981808,-1.0
56.6,0.0,1.0000000002165,0.1439047121152,4.418301219726,-1.5981654764448001,167.616451513275,531.15663174256,-1.0
56.64,0.0,1.0000000002165,0.13861796888048,4.4804957212248,-1.5934863133976,167.392089691661,531.08513421008,-1.0
56.68,0.0,1.0000000002165,0.12774833704312,4.5420194037552,-1.5875105148072,167.148758503205,531.11763308848,-1.0
56.72,0.0,1.0000000002165,0.1273562186393,4.6028722673172,-1.588187020308,166.797498158579,530.92263981808,-1.0
56.76,0.0,1.0000000002165,0.12347342381546,4.6657375877844,-1.5932608115640001,166.367089766095,530.69189778144,-1.0
56.8,0.0,1.0000000002165,0.12412878254632001,4.7277404267208,-1.5968124654432,165.836928668666,530.30516112848,-1.0
56.84,0.0,1.0000000002165,0.11746276968138,4.790509915906799,-1.6083694344152,165.2698100117,530.0386703255999,-1.0
56.88,0.0,1.0000000002165,0.11846637342822,4.8550043681543995,-1.6113009582520001,164.583642224898,529.5511871496,-1.0
56.92,0.0,1.0000000002165,0.11389805691938,4.9176780260592,-1.5992929856128,163.848415730746,529.096202852,-1.0
56.96,0.0,1.0000000002165,0.09784039696994,4.9817891531819996,-1.5916822987288,163.054645845823,528.66396776928,-1.0
57.0,0.0,1.0000000002165,0.0880621156551,5.0442711485244,-1.5765736758776001,162.24125247796,528.28698077984,-1.0
57.04,0.0,1.0000000002165,0.08350750957996,5.1070406377104,-1.5566731390624,161.497195416485,528.3389789852799,-1.0
57.08,0.0,1.0000000002165,0.07478218957328,5.1789140986104,-1.555207377144,160.620352787116,528.08223784592,-1.0
57.12,0.0,1.0000000002165,0.07301902779946,5.241012768828,-1.5559966335616,159.704590249916,527.86774524848,-1.0
57.16,0.0,1.0000000002165,0.0681271450553,5.3041655831388,-1.5629308149448,158.759719546355,527.70200096864,-1.0
57.2,0.0,1.0000000002165,0.06567023533626,5.3664559159188,-1.5265122688184,157.746820768602,527.40951106304,-1.0
57.24,0.0,1.0000000002165,0.06530005362636,5.4289379112612,-1.500805059788,156.76793602794498,527.2600162224,-1.0
57.28,0.0,1.0000000002165,0.06597186487766,5.4914199066036,-1.4782548764280001,155.873105205881,527.33476364272,-1.0
57.32,0.0,1.0000000002165,0.06594992818374,5.5532310829776,-1.4625824989928,155.00672843408,527.51350747392,-1.0
57.36,0.0,1.0000000002165,0.07113247212234,5.6162880660072,-1.454013429316,154.096852941762,527.4225106143999,-1.0
57.4,0.0,1.0000000002165,0.07457379098104,5.6787700613496,-1.4656831492048001,153.065965971314,526.85053035456,-1.0
57.44,0.0,1.0000000002165,0.0825231004403,5.7394312623492,-1.4694039294592,152.209400940983,526.76603327072,-1.0
57.48,0.0,1.0000000002165,0.10190691160536,5.802200751535199,-1.4639918854528,151.363955884318,526.48329302864,-1.0
57.52,0.0,1.0000000002165,0.11781101469736001,5.8642035904715994,-1.4593127224056,150.592098888678,526.2493011041599,-1.0
57.56,0.0,1.0000000002165,0.12539014244672,5.9273564047824,-1.4497288944776001,149.919667539934,526.0120592918399,-1.0
57.6,0.0,1.0000000002165,0.12500076612964,5.990317556530799,-1.429771982204,149.291389027805,525.64157207808,-1.0
57.64,0.0,1.0000000002165,0.12945665708214002,6.0527995518732,-1.4221049198616,148.775291426483,525.33608262112,-1.0
57.68,0.0,1.0000000002165,0.1397915820052,6.1157607036216,-1.4182713886904001,148.514953219479,525.53107589152,-1.0
57.72,0.0,1.0000000002165,0.14562400050118002,6.1781468676828,-1.4169747531472001,148.236299761731,525.31333340624,-1.0
57.76,0.0,1.0000000002165,0.149032414319,6.241491344556,-1.4112808318488002,148.145377624109,525.2938340792,-1.0
57.8,0.0,1.0000000002165,0.15278358897932,0.0213703757076,-1.4099278208472001,148.12215650263,525.14433923856,-1.0
57.84,0.0,1.0000000002165,0.14374567108428002,0.0840440336124,-1.3945936961624001,148.330165421794,525.3490821724799,-1.0
57.88,0.0,1.0000000002165,0.13955027837208,0.14882597970359998,-1.3913802950336,148.628442362482,525.4888273496,-1.0
57.92,0.0,1.0000000002165,0.1377761482513,0.21159546888959999,-1.3901400349488,149.001615596391,525.5538251063999,-1.0
57.96,0.0,1.0000000002165,0.12530239567104,0.2751316083252,-1.3918312987008001,149.47617682549,525.54082555504,-1.0
58.0,0.0,1.0000000002165,0.1273287977719,0.3386677477608,-1.3938608152032002,150.13029292349,525.8625644512,-1.0
58.04,0.0,1.0000000002165,0.12590565475384,0.4018205620716,-1.4056432860088,150.712783308759,525.55707499424,-1.0
58.08,0.0,1.0000000002165,0.11034431250434,0.4650692076636,-1.4215411652776,151.235422071061,524.79335135184,-1.0
58.12,0.0,1.0000000002165,0.085141793277,0.5276470342872,-1.4285880975776,151.88953816906098,524.221371092,-1.0
58.16,0.0,1.0000000002165,0.07822076634524,0.5909915111603999,-1.418778767816,152.691811563258,523.94838051344,-1.0
58.2,0.0,1.0000000002165,0.0716507265162,0.653090181378,-1.4129157201424,153.41330161935198,523.2431548521599,-1.0
58.24,0.0,1.0000000002165,0.06990401726282,0.7147096951895999,-1.4092513153464001,154.12661522422098,522.32668648128,-1.0
58.28,0.0,1.0000000002165,0.06850281093868,0.7764250402824,-1.4185532659824,154.991356705777,521.94319971616,-1.0
58.32,0.0,1.0000000002165,0.06778986838628,0.837565397688,-1.4427383376360001,155.940152105926,521.75795610928,-1.0
58.36,0.0,1.0000000002165,0.06363834906192001,0.8999515617492,-1.4487705116848,157.003744881274,521.95944915536,-1.0
58.4,0.0,1.0000000002165,0.06602396452572,0.9619544006856,-1.4497288944776001,157.981975505833,521.86845229584,-1.0
58.44,0.0,1.0000000002165,0.07012612628876,1.0224239391228,-1.4415544530096,158.952029679167,521.78070532416,-1.0
58.48,0.0,1.0000000002165,0.07182073589408,1.0852892595899999,-1.4228941762792,160.036554169651,522.26818850016,-1.0
58.52,0.0,1.0000000002165,0.07694843809788,1.1477712549324,-1.4070526724688,161.104725757685,522.75567167616,-1.0
58.56,0.0,1.0000000002165,0.08413544744342001,1.211786550774,-1.41088620364,162.183036145238,523.4803966644799,-1.0
58.6,0.0,1.0000000002165,0.09783765488320001,1.2758018466156,-1.4375517954632,163.230603076185,524.26361963392,-1.0
58.64,0.0,1.0000000002165,0.10603923632254,1.3394338173323999,-1.4692911785424,164.1251068402,524.66660572608,-1.0
58.68,0.0,1.0000000002165,0.11526635820264,1.4022033065183999,-1.4591435960304,164.691571381068,524.13687400816,-1.0
58.72,0.0,1.0000000002165,0.11831281657078001,1.4646853018608,-1.4682200448328,165.144219720884,523.50314587936,-1.0
58.76,0.0,1.0000000002165,0.12032825032468,1.527550622328,-1.4657959001216,165.583131622642,523.0676609088,-1.0
58.8,0.0,1.0000000002165,0.12440024913358001,1.5901284489515999,-1.459087220572,166.003728273656,522.73617234912,-1.0
58.84,0.0,1.0000000002165,0.133265415564,1.6527062755752,-1.4564375740272,166.462263658354,522.70042358288,-1.0
58.88,0.0,1.0000000002165,0.13630090558518002,1.7167215714168,-1.4533932992736,166.835109834214,522.58667750848,-1.0
58.92,0.0,1.0000000002165,0.13830811307886,1.7793952293216,-1.4567194513192,167.167073753949,522.4989305368,-1.0
58.96,0.0,1.0000000002165,0.14544850694982,1.843314693882,-1.4496725190192001,167.58865157911,522.87591752624,-1.0
59.0,0.0,1.0000000002165,0.14368808726274002,1.9080966399732,-1.4448806050552,168.157078468272,523.85088387824,-1.0
59.04,0.0,1.0000000002165,0.14466427014218,1.9725910922207999,-1.4443732259296,168.520112902662,524.26686952176,-1.0
59.08,0.0,1.0000000002165,0.15179369566618,2.0358397378128,-1.4426255867192002,168.566882203669,523.78588612144,-1.0
59.12,0.0,1.0000000002165,0.16199700042572002,2.0989925521235997,-1.458523465988,168.506376464604,523.0514114696,-1.0
59.16,0.0,1.0000000002165,0.16159939784842,2.1615703787472,-1.4679945429992,168.362143864995,522.17069186496,-1.0
59.2,0.0,1.0000000002165,0.16051901567286,2.2248190243392,-1.4721099514624,168.305889880567,521.66045947408,-1.0
59.24,0.0,1.0000000002165,0.16182973313458002,2.2875885135252,-1.468107293916,168.25912057956,521.1957255129599,-1.0
59.28,0.0,1.0000000002165,0.16348046935206,2.3509329903984,-1.4516456600632,168.565573971473,521.95944915536,-1.0
59.32,0.0,1.0000000002165,0.16206006842074,2.4143732985527997,-1.4399759401744001,168.859599157524,522.69067391936,-1.0
59.36,0.0,1.0000000002165,0.16268800628420002,2.4720637298351997,-1.4460644896816,168.696070133024,521.86845229584,-1.0
59.4,0.0,1.0000000002165,0.16570155961146002,2.535695700552,-1.4392430592152001,168.570479842208,521.27047293328,-1.0
59.44,0.0,1.0000000002165,0.16530395703416,2.5967402266764,-1.4440913486376001,168.6058021115,521.28347248464,-1.0
59.48,0.0,1.0000000002165,0.16388355610284,2.6598930409871997,-1.4361987844616,168.92958958001,522.23243973392,-1.0
59.52,0.0,1.0000000002165,0.16553155023358002,2.7232375178604,-1.4252055700736002,169.145774950399,522.8011701059199,-1.0
59.56,0.0,1.0000000002165,0.16785958187584002,2.7856236819216,-1.42779884116,169.061721031806,522.32668648128,-1.0
59.6,0.0,1.0000000002165,0.16711921845604,2.8487764962324,-1.4527731692312,168.69770542326899,520.89673583168,-1.0
59.64,0.0,1.0000000002165,0.16774441423276001,2.91087516645,-1.4794951365128,168.273838191765,519.43428630368,-1.0
59.68,0.0,1.0000000002165,0.17040698045730002,2.9740279807608,-1.4667542829144,168.686258391554,520.71799200048,-1.0
59.72,0.0,1.0000000002165,0.17068941539152002,3.036893301228,-1.4465154933488,168.925991941471,521.29972192384,-1.0
59.76,0.0,1.0000000002165,0.16757440485488,3.0990878027268,-1.4594818487808001,168.511936451437,519.67802789168,-1.0
59.8,0.0,1.0000000002165,0.16785683978910002,3.1626239421624,-1.4528295446896,168.577348061237,519.7852741904,-1.0
59.84,0.0,1.0000000002165,0.17221401561896002,3.2246267810988,-1.4465154933488,168.711441861327,520.159011292,-1.0
59.88,0.0,1.0000000002165,0.17079909886112002,3.2891212333463997,-1.4298283576624,168.938420147333,520.77324009376,-1.0
59.92,0.0,1.0000000002165,0.16870414459176,3.3516032286888,-1.4251491946152,169.121572654773,521.24447383056,-1.0
59.96,0.0,1.0000000002165,0.17136122664282,3.4137977301876,-1.4465154933488,168.850768590201,520.17851061904,-1.0
60.0,0.0,1.0000000002165,0.17198093824606,3.4774297009043997,-1.4474175006832,168.519131728515,518.93705346416,-1.0
60.04,0.0,1.0000000002165,0.1688714118829,3.5401033588092,-1.4546899348168,168.096245671158,517.43885516992,-1.0
60.08,0.0,1.0000000002165,0.16644192303126001,3.6044061484944,-1.456268447652,167.659623175743,515.85940967968,-1.0
60.12,0.0,1.0000000002165,0.17146816802568002,3.6682297817736,-1.4747032225488002,167.436896644374,515.03393816832,-1.0
60.16,0.0,1.0000000002165,0.16937595584306,3.7317659212092,-1.4736884642976,167.488898874165,515.05343749536,-1.0
60.2,0.0,1.0000000002165,0.16593189489762,3.7952062293636,-1.465288520996,167.906552002738,516.3371431921599,-1.0
60.24,0.0,1.0000000002165,0.1675689206814,3.8561549242068,-1.4429074640112,168.506376464604,518.20257881232,-1.0
60.28,0.0,1.0000000002165,0.16818863228464,3.9188285821116,-1.4187223923576,168.856982693132,519.20354426704,-1.0
60.32,0.0,1.0000000002165,0.0,3.9804480959232,-1.4075600515944,168.935149566843,519.40503731312,-1.0
60.36,0.0,1.0000000002165,0.0,4.0419717784536,-1.4019225057544,168.911928445364,519.32054022928,-1.0
60.4,0.0,1.0000000002165,0.0,4.1050287614832,-1.4068271706352,168.679717230574,518.6055649044799,-1.0
60.44,0.0,1.0000000002165,0.16424551155252,4.1652108060768,-1.4067707951768,168.303600474224,517.4681041604799,-1.0
60.48,0.0,1.0000000002165,0.1618242489611,4.2292261019184,-1.4113935827656001,167.957900116431,516.5678852288,-1.0
60.52,0.0,1.0000000002165,0.15974300512544,4.2912289408548,-1.3985963537088,167.985045934498,517.0553684048,-1.0
60.56,0.0,1.0000000002165,0.14686068162092,4.3523692982604,-1.3811763370632,168.072370433581,517.73134507552,-1.0
60.6,0.0,1.0000000002165,0.13837392316062,4.4150429561652,-1.3764407985576002,168.109655051167,518.37807275568,-1.0
60.64,0.0,1.0000000002165,0.13528907557812,4.4760874822896,-1.3631361903752,167.85226036660399,518.15708038256,-1.0
60.68,0.0,1.0000000002165,0.13423337218322,4.5397194530064,-1.3644892013768,167.418254335581,517.52335225376,-1.0
60.72,0.0,1.0000000002165,0.12778124208400002,4.6024889421924,-1.35732951816,166.900194385965,516.81812659248,-1.0
60.76,0.0,1.0000000002165,0.12740009202714,4.66458761241,-1.3579496482024,166.392927351966,516.32739352864,-1.0
60.8,0.0,1.0000000002165,0.12668440738800002,4.7288904020952,-1.3717616355104,165.736848905672,515.5604199984,-1.0
60.84,0.0,1.0000000002165,0.12125233355606001,4.7907974097504,-1.3874340129456,165.156320868697,515.2516806536,-1.0
60.88,0.0,1.0000000002165,0.11818119640726,4.8558668496852,-1.3900836594904,164.615039797602,515.24518087792,-1.0
60.92,0.0,1.0000000002165,0.11309188341782,4.9183488450276,-1.3833186044824,164.01161769719698,515.202932336,-1.0
60.96,0.0,1.0000000002165,0.10262533833124,4.979585033714399,-1.383262229024,163.352595728462,515.14443435488,-1.0
61.0,0.0,1.0000000002165,0.09115244741108,5.0434086669936,-1.3693374907992,162.50944007814,514.67645050592,-1.0
61.04,0.0,1.0000000002165,0.08338959985014001,5.1908930087603995,-1.3521993514456,161.739545430794,514.6179525248,-1.0
61.08,0.0,1.0000000002165,0.07596677104496001,5.2507875595104,-1.3444759136448001,160.921573250245,514.5854536464,-1.0
61.12,0.0,1.0000000002165,0.07022758349814,5.3102987851356,-1.3488168239416,159.964274340822,514.19871699344,-1.0
61.16,0.0,1.0000000002165,0.06785293638130001,5.370864154854,-1.3551872507408,158.957589666,513.8542288824,-1.0
61.2,0.0,1.0000000002165,0.0668246538538,5.4320045122596,-1.3128492814824,157.75139958128798,512.93451062368,-1.0
61.24,0.0,1.0000000002165,0.06679997507314,5.4933365322276,-1.2902990981224,156.788213626983,512.80451511008,-1.0
61.28,0.0,1.0000000002165,0.06610622712792,5.5549560460392,-1.2769381144816,155.87670284442,512.84351376416,-1.0
61.32,0.0,1.0000000002165,0.06809698210116,5.6162880660072,-1.2728227060184,154.958323842828,512.79151555872,-1.0
61.36,0.0,1.0000000002165,0.07109408290798,5.6780992423812,-1.2667905319696,154.105683509085,512.96700950208,-1.0
61.4,0.0,1.0000000002165,0.07442297621034,5.7401020813176,-1.2720334496008001,153.1686621987,512.7167681384,-1.0
61.44,0.0,1.0000000002165,0.08244083783810001,5.8016257638479996,-1.2626751235064,152.208746824885,512.23253485024,-1.0
61.48,0.0,1.0000000002165,0.11122178026114,5.8650660720024,-1.2541060538296,151.296581926224,511.76455100128,-1.0
61.52,0.0,1.0000000002165,0.13362462892694002,5.9283147175944,-1.2576577077088,150.628729390166,511.88154696352,-1.0
61.56,0.0,1.0000000002165,0.13324347887008,5.9921383508736,-1.2391101818952,150.080253041993,512.12528855152,-1.0
61.6,0.0,1.0000000002165,0.13453774381136,6.0556744903092,-1.2272149601728,149.496127366479,511.87504718784,-1.0
61.64,0.0,1.0000000002165,0.14653711538560002,6.1200731112756,-1.2167291249104,148.97512389442198,511.52080941328,-1.0
61.68,0.0,1.0000000002165,0.14983310364708,6.1847592260856,-1.2125573409888,148.595736557582,511.3518152456,-1.0
61.72,0.0,1.0000000002165,0.1534608844041,6.2491578470519995,-1.2051157804800001,148.40473465696599,511.40706333888,-1.0
61.76,0.0,1.0000000002165,0.15040071560226,0.0305701787028,-1.2052285313968,148.36745003938,511.62155593631996,-1.0
61.8,0.0,1.0000000002165,0.1456733580625,0.0941063181384,-1.2016768775176,148.420760501367,511.69955324448,-1.0
61.84,0.0,1.0000000002165,0.13961334636710002,0.1582174452612,-1.1957574543856,148.60620241515,511.83279864592,-1.0
61.88,0.0,1.0000000002165,0.12320469931494,0.22347854775839998,-1.1914729195472,148.718383325957,511.34531546991997,-1.0
61.92,0.0,1.0000000002165,0.12049277552908001,0.2868230246316,-1.1978433463464,148.885837047045,510.7018376776,-1.0
61.96,0.0,1.0000000002165,0.11811812841224001,0.3500716702236,-1.203424516728,149.17822694285098,510.15260663263996,-1.0
62.0,0.0,1.0000000002165,0.11474261963530001,0.4119786778788,-1.2119935864048001,149.65278817195,509.82761784864,-1.0
62.04,0.0,1.0000000002165,0.10336844383778,0.4742690106588,-1.2154324893672,150.267330246021,509.71062188639996,-1.0
62.08,0.0,1.0000000002165,0.10499998544808001,0.5358885244704,-1.2215774143328,150.911307544502,509.353134224,-1.0
62.12,0.0,1.0000000002165,0.09130326218178,0.5981788572504,-1.2133465974064,151.723719738218,509.33363489696,-1.0
62.16,0.0,1.0000000002165,0.07927921182688001,0.6604691900303999,-1.2023533830184001,152.643406972006,509.44088119568,-1.0
62.2,0.0,1.0000000002165,0.07026323062576001,0.7221845351232,-1.1936151869664,153.705364457109,509.82111807295996,-1.0
62.24,0.0,1.0000000002165,0.0689086397762,0.7840915427784,-1.1867937565,154.73527025341,510.0193612312,-1.0
62.28,0.0,1.0000000002165,0.06755404892664,0.8460943817148,-1.191585670464,155.983650826443,510.85133251824,-1.0
62.32,0.0,1.0000000002165,0.06353963393928,0.9083847144948,-1.2068634196904,157.035796570076,510.9943275832,-1.0
62.36,0.0,1.0000000002165,0.06584572888762,0.9701958908688,-1.2240579345024,158.04771417368198,511.04957567648,-1.0
62.4,0.0,1.0000000002165,0.06948173590486001,1.0315279108368,-1.232457877804,158.962168478686,510.72133700463996,-1.0
62.44,0.0,1.0000000002165,0.07377858582644001,1.0908474738996,-1.2252981945872001,159.825274669997,510.32485068816,-1.0
62.48,0.0,1.0000000002165,0.07541561161022,1.150933687212,-1.2106969508616001,160.720759608159,510.12335764208,-1.0
62.52,0.0,1.0000000002165,0.07804801488062,1.210828237962,-1.2034808921864,161.501120113073,509.71387177424,-1.0
62.56,0.0,1.0000000002165,0.08399834310642,1.2711061138368,-1.221182786124,162.22162899501998,509.29138635504,-1.0
62.6,0.0,1.0000000002165,0.0929293196186,1.33205480868,-1.2822937830296,162.923495568174,508.94689824399995,-1.0
62.64,0.0,1.0000000002165,0.10218934653958,1.393386828648,-1.2782911254832001,163.656432655983,508.80715306688,-1.0
62.68,0.0,1.0000000002165,0.12271934996196,1.455198005022,-1.2720898250592,164.413244981369,508.92089914127996,-1.0
62.72,0.0,1.0000000002165,0.12732057151168,1.5176800003644,-1.2685945466384,165.143238546737,509.2393881496,-1.0
62.76,0.0,1.0000000002165,0.12761123270612001,1.5804494895504,-1.257826834084,165.762359433494,509.2881364672,-1.0
62.8,0.0,1.0000000002165,0.12789915181382,1.6436981351424,-1.2572630795000002,166.230706559662,509.07039398192,-1.0
62.84,0.0,1.0000000002165,0.14011240615378,1.7068509494532,-1.2542751802048,166.706903079006,509.12239218736,-1.0
62.88,0.0,1.0000000002165,0.1400657906792,1.770962076576,-1.2557409421232,167.120304452942,509.16464072928,-1.0
62.92,0.0,1.0000000002165,0.14630952218618,1.8331565780748,-1.251343656368,167.396668504347,508.92414902912,-1.0
62.96,0.0,1.0000000002165,0.15486483281498,1.8959260672607998,-1.2483557570728,167.612526816687,508.58941058159996,-1.0
63.0,0.0,1.0000000002165,0.15878327476644,1.9584080626031999,-1.2568684512912,167.641307924999,507.83218671488,-1.0
63.04,0.0,1.0000000002165,0.16005286092706,2.0220400333199997,-1.2539369274544,167.76199234508,507.52669725792,-1.0
63.08,0.0,1.0000000002165,0.16198328999202,2.086246991724,-1.2473409988216,167.930100182266,507.46819927679996,-1.0
63.12,0.0,1.0000000002165,0.16159939784842,2.1503581188467997,-1.24035044198,168.129278534107,507.61119434176,-1.0
63.16,0.0,1.0000000002165,0.16088645529602,2.2150442336568,-1.2363477844336,168.313739273743,507.70869097696,-1.0
63.2,0.0,1.0000000002165,0.16050256315242,2.2779095541239998,-1.2320068741368,168.431480171383,507.73793996752,-1.0
63.24,0.0,1.0000000002165,0.16342014344378,2.3427873314964,-1.2277787147568,168.511609393388,507.63719344448,-1.0
63.28,0.0,1.0000000002165,0.16237540839584,2.4070901211816,-1.21639087216,168.57963746758,507.57869546335996,-1.0
63.32,0.0,1.0000000002165,0.16265235915658,2.4708179231795997,-1.2219720425416,168.52861641193599,507.19195881039997,-1.0
63.36,0.0,1.0000000002165,0.16292930991732002,2.4748428369899997,-1.2113734563624001,168.54987518512098,507.0457138576,-1.0
63.4,0.0,1.0000000002165,0.1658414060352,2.5381873138632,-1.2126137164472,168.546604604631,506.87996957776,-1.0
63.44,0.0,1.0000000002165,0.1657865643004,2.5978902020507997,-1.2075399251912,168.49362120069298,506.52898169104,-1.0
63.48,0.0,1.0000000002165,0.16441552093040002,2.66171383533,-1.2086110589008001,168.510301161192,506.43798483152,-1.0
63.52,0.0,1.0000000002165,0.16567962291754001,2.7237166742664,-1.2066942933152,168.632620871518,506.73047473712,-1.0
63.56,0.0,1.0000000002165,0.16792813404434,2.785815344484,-1.2041010222288,168.570152784159,506.35348774768,-1.0
63.6,0.0,1.0000000002165,0.16754424190074002,2.8496389777632,-1.203424516728,168.642759671037,506.46723382208,-1.0
63.64,0.0,1.0000000002165,0.16781845057474,2.9115459854184,-1.2052285313968,168.628042058832,506.22674212192,-1.0
63.68,0.0,1.0000000002165,0.17006696170154,2.9753696186976,-1.2032553903528,168.544969314386,505.81400636624,-1.0
63.72,0.0,1.0000000002165,0.17066747869760002,3.03785161404,-1.1979560972632,168.49460237483999,505.5020171336,-1.0
63.76,0.0,1.0000000002165,0.16765392537034002,3.10014194682,-1.1962648335112,168.473343601655,505.31677352672,-1.0
63.8,0.0,1.0000000002165,0.16759908363554002,3.1636780862556,-1.1914165440888,168.477268298243,505.20627734016,-1.0
63.84,0.0,1.0000000002165,0.17214272136372,3.225680925192,-1.1860608755408,168.589122151001,505.40452049839996,-1.0
63.88,0.0,1.0000000002165,0.17110072840252,3.291325352814,-1.1798595751168,168.650609064213,505.47601803087997,-1.0
63.92,0.0,1.0000000002165,0.16874527589286,3.354094842,-1.1703884981056,168.728448879875,505.52801623632,-1.0
63.96,0.0,1.0000000002165,0.17131735325498001,3.4162893434988,-1.1732072710256,168.704900700347,505.29402431183996,-1.0
64.0,0.0,1.0000000002165,0.17191512816430002,3.4795379890908,-1.1782810622816,168.643413787135,504.96253575215997,-1.0
64.04,0.0,1.0000000002165,0.16858075068846,3.5408700090588,-1.1743347801936,168.531559934377,504.44255369776,-1.0
64.08,0.0,1.0000000002165,0.16590173194348,3.6035436669636,-1.1740529029016,168.491004736301,504.23131098816,-1.0
64.12,0.0,1.0000000002165,0.17043714341144,3.665067349494,-1.1738837765264,168.463531860185,503.98106962447997,-1.0
64.16,0.0,1.0000000002165,0.16906884212818002,3.7261118756184,-1.1706139999392,168.52730817974,504.08506603536,-1.0
64.2,0.0,1.0000000002165,0.16573994882582002,3.7893605212104,-1.1726435164416,168.573423364649,504.11431502592,-1.0
64.24,0.0,1.0000000002165,0.16601141541308,3.8517466852716,-1.164807327724,168.644722019331,504.24106065167996,-1.0
64.28,0.0,1.0000000002165,0.16890431692378,3.9162411375192,-1.1569711390064001,168.572769248551,503.94532085824,-1.0
64.32,0.0,1.0000000002165,0.16557542362142,3.9794897831112,-1.1537013624192,168.531559934377,503.71782870943997,-1.0
64.36,0.0,1.0000000002165,0.16290463113666,4.042642597422,-1.1510517158744,168.395830844042,503.31809250512,-1.0
64.4,0.0,1.0000000002165,0.16677645761354,4.1067537245448,-1.1525738532512,168.240478270767,502.85660843183996,-1.0
64.44,0.0,1.0000000002165,0.16508733218170002,4.1671274317008,-1.1514463440832001,168.107038586775,502.52511987215996,-1.0
64.48,0.0,1.0000000002165,0.16241928178368,4.2306635711364,-1.1508262140408,167.991914153527,502.3821248072,-1.0
64.52,0.0,1.0000000002165,0.16040384802978,4.2938163854472,-1.1522356005008,167.920942556894,502.42762323696,-1.0
64.56,0.0,1.0000000002165,0.15675961475232,4.3570650310392,-1.1475564374536,167.774093492893,502.35612570448,-1.0
64.6,0.0,1.0000000002165,0.15083122322044,4.4219428084115995,-1.1502060839984,167.60533153960898,502.29762772336,-1.0
64.64,0.0,1.0000000002165,0.14556093250616,4.4845206350352,-1.1471054337864,167.394706156053,502.28787805983995,-1.0
64.68,0.0,1.0000000002165,0.13507245072566001,4.548152605752,-1.1367323494408001,167.162167883214,502.34637604095997,-1.0
64.72,0.0,1.0000000002165,0.13078931123778,4.6106346010944,-1.1325041900608,166.85702272349698,502.30737738688,-1.0
64.76,0.0,1.0000000002165,0.12911663832638,4.6729249338744,-1.135210212064,166.399468512946,501.99538815424,-1.0
64.8,0.0,1.0000000002165,0.12679134877086,4.735981916904,-1.1347592083968001,165.895145001388,501.69314858511996,-1.0
64.84,0.0,1.0000000002165,0.12121120225496,4.7978889245592,-1.1390437432352,165.314616964413,501.39415890384,-1.0
64.88,0.0,1.0000000002165,0.1185678306376,4.8625750393692,-1.142257144364,164.786091157229,501.41365823088,-1.0
64.92,0.0,1.0000000002165,0.11299316829518001,4.9243862157431995,-1.1260773878032,164.224205429047,501.55015352016,-1.0
64.96,0.0,1.0000000002165,0.10416639107912,4.9867723798044,-1.122525733924,163.54948467396,501.46890632416,-1.0
65.0,0.0,1.0000000002165,0.09306916604234,5.0490627125844,-1.1088264975328,162.84303928812,501.4071584552,-1.0
65.04,0.0,1.0000000002165,0.08425609925998001,5.110969720239599,-1.0879112024664,162.044690590511,501.28691260512,-1.0
65.08,0.0,1.0000000002165,0.0,0.0,-1.087572949716,161.169810309436,501.03667124144,-1.0
65.12,0.0,1.0000000002165,0.0,0.0,-1.0986225395624,160.264186571755,500.88067662512,-1.0
65.16,0.0,1.0000000002165,0.0,0.0,-1.1104613858264,159.29773003696,500.65643436415996,-1.0
65.2,0.0,1.0000000002165,0.0,0.0,-1.0532402955504,158.244930177229,500.2209493936,-1.0
65.24,0.0,1.0000000002165,0.0,0.0,-1.023023049848,157.270624249258,500.07145455296,-1.0
65.28,0.0,1.0000000002165,0.0,0.0,-1.0108459508336,156.253473716868,499.71396689055996,-1.0
65.32,0.0,1.0000000002165,0.0,0.0,-0.9982178481520001,155.226511443008,499.30773091056,-1.0
65.36,0.0,1.0000000002165,0.07105843578036,5.551506119916,-0.9939333133136001,154.138062255936,498.65775334256,-1.0
65.4,0.0,1.0000000002165,0.07460395393518,5.615233921914,-1.0029533866576001,153.17618453382698,498.34576410991997,-1.0
65.44,0.0,1.0000000002165,0.08268488355796,5.6773325921316,-1.0043627731176001,152.220520914649,497.93302835424,-1.0
65.48,0.0,1.0000000002165,0.09918950364602,5.740197912598799,-1.0022768811568001,151.476136795125,497.97527689616,-1.0
65.52,0.0,1.0000000002165,0.1092036044205,5.8028715705036,-0.9946661942728001,150.808611317116,498.06627375567996,-1.0
65.56,0.0,1.0000000002165,0.11013865599884001,5.865353565846,-0.9783736867952,150.12473293665698,497.79003328928,-1.0
65.6,0.0,1.0000000002165,0.12046535466168001,5.9274522360635995,-0.9701992453272001,149.475195651343,497.36429798224,-1.0
65.64,0.0,1.0000000002165,0.12139766415328,5.9896467375624,-0.9576275181040002,148.96923684954,497.10430695504,-1.0
65.68,0.0,1.0000000002165,0.12330067235084001,6.0514579139363995,-0.9575711426456,148.597044789778,496.96131189007997,-1.0
65.72,0.0,1.0000000002165,0.13782002163914,6.1131732590292,-0.9539067378496,148.393941741349,497.00681031984,-1.0
65.76,0.0,1.0000000002165,0.14585981996082,6.1746969415596,-0.9493403257192001,148.358946530106,497.1985537024,-1.0
65.8,0.0,1.0000000002165,0.1513083463132,6.2360289615276,-0.9355847138696001,148.41650874673,497.35129843088,-1.0
65.84,0.0,1.0000000002165,0.15707769681416,0.0146621860236,-0.9235203657720001,148.57349661025,497.37079775792,-1.0
65.88,0.0,1.0000000002165,0.14733506262694002,0.0778150003344,-0.9138801623856001,148.709552758634,496.97431144144,-1.0
65.92,0.0,1.0000000002165,0.14437909312122002,0.1397220079896,-0.9199123364344,148.961714514413,496.61682377904,-1.0
65.96,0.0,1.0000000002165,0.14013434284770002,0.20162901564479999,-0.9223364811456001,149.398009951779,496.48682826543995,-1.0
66.0,0.0,1.0000000002165,0.13976690322454,0.2638235171436,-0.9227311093544,149.86243238135899,496.16508936928,-1.0
66.04,0.0,1.0000000002165,0.13004072155776,0.326784668892,-0.9325968145744001,150.53584490424998,496.21058779904,-1.0
66.08,0.0,1.0000000002165,0.11741889629354,0.39003331448399997,-0.9384034867896001,151.339753588692,496.42833028432,-1.0
66.12,0.0,1.0000000002165,0.08062009224274,0.45347362263839996,-0.9397001223328001,152.152492840457,496.37958196671997,-1.0
66.16,0.0,1.0000000002165,0.07543480621740001,0.51748891848,-0.9330478182416,152.950187421968,496.04809340703997,-1.0
66.2,0.0,1.0000000002165,0.06993143813022,0.5815042143215999,-0.9245914994816,153.859735856237,496.0123446408,-1.0
66.24,0.0,1.0000000002165,0.0686207206685,0.6458070040068,-0.9145002924280001,154.716955002666,495.62560798784,-1.0
66.28,0.0,1.0000000002165,0.06731000320678,0.7103972875355999,-0.9218854774784,155.73279730286,495.72310462304,-1.0
66.32,0.0,1.0000000002165,0.06793245689676,0.7748917397831999,-0.9406585051256,156.73980903573099,495.73935406223995,-1.0
66.36,0.0,1.0000000002165,0.06919930097064,0.8391945294684,-0.9506369612623999,157.806018275471,495.94084710832,-1.0
66.4,0.0,1.0000000002165,0.0694981884253,0.9043598006843999,-0.9535684850992001,158.93109796403098,496.36008263968,-1.0
66.44,0.0,1.0000000002165,0.07397875815846,0.9675126149951999,-0.9512007158464,159.912926227129,496.2885851072,-1.0
66.48,0.0,1.0000000002165,0.07652615673992,1.0324862236488,-0.9434772780456,160.812335861879,496.11634105167997,-1.0
66.52,0.0,1.0000000002165,0.08132480853492001,1.0974598323023999,-0.9395309959576001,161.605451630704,495.7198547352,-1.0
66.56,0.0,1.0000000002165,0.08386946502964,1.1615709594252,-0.9513698422216001,162.325306396553,495.2648704376,-1.0
66.6,0.0,1.0000000002165,0.09283608866944,1.2265445680787999,-0.9809669578816,163.021612982874,494.92688210224,-1.0
66.64,0.0,1.0000000002165,0.10308326681682001,1.2914223454512,-1.0234176780568,163.754223012634,494.81313602783996,-1.0
66.68,0.0,1.0000000002165,0.11107644966392001,1.3565876166672,-1.0037426430752001,164.588548095633,495.20312256863997,-1.0
66.72,0.0,1.0000000002165,0.11168245083346001,1.4212737314772,-1.0088164343312,165.251494760956,495.19662279296,-1.0
66.76,0.0,1.0000000002165,0.11293010030016,1.484905702194,-1.009774817124,165.789505251561,495.03412840095996,-1.0
66.8,0.0,1.0000000002165,0.12443863834794,1.5487293354732,-1.0147922329216001,166.232668907956,494.73838860752,-1.0
66.84,0.0,1.0000000002165,0.12600162778974,1.6114988246592,-1.013157344628,166.58098573014098,494.31590318832,-1.0
66.88,0.0,1.0000000002165,0.13205067113818,1.6755141205008,-1.018513013176,166.810907538588,493.74717281632,-1.0
66.92,0.0,1.0000000002165,0.13329009434466002,1.7376127907184,-1.0164834966736,167.067321049004,493.4124343688,-1.0
66.96,0.0,1.0000000002165,0.14638081644142,1.7993281358111999,-1.010338571708,167.368868570182,493.43843347152,-1.0
67.0,0.0,1.0000000002165,0.14601337681826002,1.8620976249971999,-1.0081963042888,167.687423109908,493.59442808784,-1.0
67.04,0.0,1.0000000002165,0.15236953388158,1.9244837890584,-1.0023896320736,167.973271844734,493.78292158256,-1.0
67.08,0.0,1.0000000002165,0.15519936739726,1.9871574469631998,-0.9975977181096001,168.157078468272,493.77642180687997,-1.0
67.12,0.0,1.0000000002165,0.16058756784136,2.0495436110244,-0.9932004323544001,168.25552294102098,493.54567977024,-1.0
67.16,0.0,1.0000000002165,0.1624549289113,2.1114506186796,-0.9943279415224,168.392887321601,493.57167887296,-1.0
67.2,0.0,1.0000000002165,0.1620847472014,2.1735492888972,-0.9929749305208,168.387981450866,493.17194266864,-1.0
67.24,0.0,1.0000000002165,0.16043401098392002,2.2351688027087997,-0.9861535000544,168.431480171383,492.99319883744,-1.0
67.28,0.0,1.0000000002165,0.16230137205386,2.296596653958,-0.9815307124656001,168.432788403579,492.75270713727997,-1.0
67.32,0.0,1.0000000002165,0.16384516688848,2.3581203364884,-0.9806850805896001,168.46058833774399,492.6324612872,-1.0
67.36,0.0,1.0000000002165,0.16283607896816002,2.419260693894,-0.9768515494184,168.47170831141,492.50896554928,-1.0
67.4,0.0,1.0000000002165,0.16342288553052,2.4812635328304,-0.9721723863712,168.471381253361,492.28472328832,-1.0
67.44,0.0,1.0000000002165,0.16560284448882,2.5943444446463997,-0.9712703790368,168.502778826065,492.2587241856,-1.0
67.48,0.0,1.0000000002165,0.16427567450666,2.6576889215196,-0.9689589852424001,168.593373905638,492.36597048432,-1.0
67.52,0.0,1.0000000002165,0.16517782104412002,2.719691760456,-0.9645053240288,168.644067903233,492.38546981136,-1.0
67.56,0.0,1.0000000002165,0.16767586206426002,2.7833237311728,-0.9608972946912,168.658458457389,492.31397227888,-1.0
67.6,0.0,1.0000000002165,0.16730293826762002,2.8459015577963998,-0.9610664210664,168.619211491509,492.00523293407997,-1.0
67.64,0.0,1.0000000002165,0.16725083861956,2.9087668782636,-0.9608409192328,168.579964525629,491.74849179472,-1.0
67.68,0.0,1.0000000002165,0.16974613755296,2.9721113551368,-0.9544704924336,168.557070462199,491.50475020672,-1.0
67.72,0.0,1.0000000002165,0.17032745994184,3.0341141940732,-0.9526664777648,168.582580990021,491.46900144048,-1.0
67.76,0.0,1.0000000002165,0.16772796171232002,3.0976503335088,-0.9513134667631999,168.561976332934,491.24800906736,-1.0
67.8,0.0,1.0000000002165,0.16735503791568002,3.1602281601324,-0.9537939869328,168.538428153406,491.00101759152,-1.0
67.84,0.0,1.0000000002165,0.17175608713338,3.2231893118808,-0.9548087451839999,168.57636688709,491.01076725504,-1.0
67.88,0.0,1.0000000002165,0.1710650812749,3.2880670892532,-0.9468034300912,168.616595027117,490.98801804016,-1.0
67.92,0.0,1.0000000002165,0.16878640719396001,3.3500699281896,-0.9478181883424,168.659112573487,491.00751736719997,-1.0
67.96,0.0,1.0000000002165,0.1709553978053,3.4136060676252,-0.9416732633768001,168.713404209621,491.03351646991996,-1.0
68.0,0.0,1.0000000002165,0.17185480225602,3.4760880629676,-0.9395309959576001,168.675792533986,490.75727600352,-1.0
68.04,0.0,1.0000000002165,0.16862462407630002,3.5388575521536,-0.9382907358728001,168.666634908614,490.61428093856,-1.0
68.08,0.0,1.0000000002165,0.16571527004516,3.6019145351832,-0.9355283384112001,168.674157243741,490.48428542496,-1.0
68.12,0.0,1.0000000002165,0.1701053509159,3.6637257115571997,-0.9333296955336001,168.664345502271,490.33804047216,-1.0
68.16,0.0,1.0000000002165,0.16909900508232,3.7272618509927997,-0.9327659409496001,168.66172903787898,490.19829529504,-1.0
68.2,0.0,1.0000000002165,0.16587431107608,3.7900313401787997,-0.9341753274096001,168.562957507081,489.74331099744,-1.0
68.24,0.0,1.0000000002165,0.16582221142802,3.8531841544896,-0.9363739702872,168.506376464604,489.49306963376,-1.0
68.28,0.0,1.0000000002165,0.16893722196466002,3.9162411375192,-0.9300035434880001,168.513244683633,489.43457165264,-1.0
68.32,0.0,1.0000000002165,0.16571527004516,3.978435639018,-0.9250425031488001,168.495256490938,489.3338251296,-1.0
68.36,0.0,1.0000000002165,0.16281414227424001,4.0415884533288,-0.9236331166888001,168.47170831141,489.26557748496,-1.0
68.4,0.0,1.0000000002165,0.16655983276108,4.1038787861088,-0.9188412027248001,168.388308508915,489.04783499968,-1.0
68.44,0.0,1.0000000002165,0.16524088903914,4.1651149747956,-0.9164734334719999,168.267624088834,488.77159453328,-1.0
68.48,0.0,1.0000000002165,0.16234250335496,4.227596970137999,-0.9110613894655999,168.188803099025,488.70659677647996,-1.0
68.52,0.0,1.0000000002165,0.15975945764588,4.2897914716368,-0.9080734901704002,168.057979879425,488.59285070208,-1.0
68.56,0.0,1.0000000002165,0.15338410597538002,4.3525609608227995,-0.9079043637952,167.948742491059,488.60585025344,-1.0
68.6,0.0,1.0000000002165,0.1489090204157,4.4150429561652,-0.9067204791688002,167.752834719708,488.51160350608,-1.0
68.64,0.0,1.0000000002165,0.14190847296848,4.4778124453512,-0.900406427828,167.558235180553,488.5051037304,-1.0
68.68,0.0,1.0000000002165,0.13522874966984,4.540965259662,-0.9040708326239999,167.176231379321,488.04361965711996,-1.0
68.72,0.0,1.0000000002165,0.1339235163816,4.6034472550044,-0.9008010560368,166.804039319559,487.81937739616,-1.0
68.76,0.0,1.0000000002165,0.12945939916888,4.6662167441903994,-0.9028305725391998,166.413204951004,487.71213109743996,-1.0
68.8,0.0,1.0000000002165,0.12721088804208,4.7288904020952,-0.9115687685912,165.963827191678,487.63738367712,-1.0
68.84,0.0,1.0000000002165,0.1211728130406,4.791084903594,-0.9188975781832001,165.47618364061898,487.578885696,-1.0
68.88,0.0,1.0000000002165,0.11703500414994,4.855579355841599,-0.9162479316384,164.921493189515,487.5138879392,-1.0
68.92,0.0,1.0000000002165,0.11415855515968,4.9177738573404,-0.9088627465879999,164.333442817413,487.52363760272,-1.0
68.96,0.0,1.0000000002165,0.105296130816,4.9806391778076,-0.8996735468688,163.600178671555,487.24739713632,-1.0
69.0,0.0,1.0000000002165,0.09297319300644001,5.0435044982748,-0.8788146272608,162.880978021804,487.21489825791997,-1.0
69.04,0.0,1.0000000002165,0.08412173700972,5.1062739874608,-0.8600415996135999,162.01754477244398,486.82166182928,-1.0
69.08,0.0,1.0000000002165,0.07779574290054,5.1316692769787995,-0.8583503358616,161.117808079645,486.53242181151995,-1.0
69.12,0.0,1.0000000002165,0.07021387306444,5.1956845728204,-0.8508523998944,160.203026716592,486.32767887759996,-1.0
69.16,0.0,1.0000000002165,0.06893331855686001,5.2596040373808,-0.855024183816,159.236243123748,486.09368695311997,-1.0
69.2,0.0,1.0000000002165,0.06670948621072001,5.3235235019411995,-0.8026513829624,158.308052380686,486.10343661664,-1.0
69.24,0.0,1.0000000002165,0.06574427167824,5.3870596413767995,-0.7798756977688002,157.298751241472,485.78819749616,-1.0
69.28,0.0,1.0000000002165,0.06446645925740001,5.4507874433748,-0.7595805327448,156.321174733011,485.5964541136,-1.0
69.32,0.0,1.0000000002165,0.06444452256348,5.5142277515292,-0.7487000692736001,155.340654702109,485.35921230127997,-1.0
69.36,0.0,1.0000000002165,0.06882363508726,5.5773805658399995,-0.7445282853520001,154.361442903403,485.08622172272,-1.0
69.4,0.0,1.0000000002165,0.07288740763594001,5.640245886307199,-0.7530973550288,153.451567411085,484.96922576047996,-1.0
69.44,0.0,1.0000000002165,0.07946018955172,5.701482074994,-0.7575510162424002,152.588788277823,484.82623069552,-1.0
69.48,0.0,1.0000000002165,0.09544655524592001,5.7641557328988,-0.7579456444511998,151.68839746892598,484.40049538847995,-1.0
69.52,0.0,1.0000000002165,0.1170733933643,5.8268293908036,-0.7543376151136001,150.957095671362,484.27699965056,-1.0
69.56,0.0,1.0000000002165,0.12017469346724001,5.8894072174272,-0.7371994757600002,150.273544348952,484.07550660448,-1.0
69.6,0.0,1.0000000002165,0.124216529322,5.951793381488399,-0.7263190122887999,149.639051733892,483.679020288,-1.0
69.64,0.0,1.0000000002165,0.13044929248202,6.014083714268399,-0.7117177685631999,149.138979976971,483.41577937296,-1.0
69.68,0.0,1.0000000002165,0.1338549642131,6.076374047048399,-0.7131271550232001,148.728522125476,483.14603868224,-1.0
69.72,0.0,1.0000000002165,0.13788857380764,6.1385685485472,-0.7129016531896002,148.425012256004,482.84704900096,-1.0
69.76,0.0,1.0000000002165,0.1459886980376,6.2008588813272,-0.7106466348536,148.293534920306,482.77230158064,-1.0
69.8,0.0,1.0000000002165,0.15440142015592,6.2629575515448,-0.7063057245567999,148.268351450533,482.62930651568,-1.0
69.84,0.0,1.0000000002165,0.1505954037608,0.0419741011656,-0.6914226035392002,148.446271029189,482.76255191712,-1.0
69.88,0.0,1.0000000002165,0.14710472734078,0.10579773444479999,-0.6900695925376001,148.700395133262,482.785301132,-1.0
69.92,0.0,1.0000000002165,0.14612031820112,0.1682797297872,-0.6942413764592001,149.06408368375,482.76255191712,-1.0
69.96,0.0,1.0000000002165,0.13262376726684,0.230953387692,-0.7000480486743998,149.526216706987,482.74305259007997,-1.0
70.0,0.0,1.0000000002165,0.13320783174246,0.2935312143156,-0.7051218399304,150.076001287356,482.67805483328,-1.0
70.04,0.0,1.0000000002165,0.1344170919948,0.3566840286264,-0.7128452777312,150.7484326361,482.7203033752,-1.0
70.08,0.0,1.0000000002165,0.10656297488988001,0.4196451803748,-0.7211888455744,151.451934499499,482.59030786159997,-1.0
70.12,0.0,1.0000000002165,0.08091349552392,0.4827021634044,-0.7178063180704002,152.20384095415,482.37256537632,-1.0
70.16,0.0,1.0000000002165,0.07557739472788,0.54623830284,-0.7034305761784001,153.081664757666,482.38231503984,-1.0
70.2,0.0,1.0000000002165,0.07055937599368,0.6098702735568,-0.6937339973336001,154.050737756853,482.49931100208,-1.0
70.24,0.0,1.0000000002165,0.06772680039126,0.674173063242,-0.6846011730727999,155.145728104905,482.92829619696,-1.0
70.28,0.0,1.0000000002165,0.06520956476394,0.7386675154896,-0.6905769716632002,156.184464468529,483.03879238352,-1.0
70.32,0.0,1.0000000002165,0.06799826697852,0.8026828113312,-0.7117741440216001,157.087144683769,482.69105438464,-1.0
70.36,0.0,1.0000000002165,0.06735387659462,0.866793938454,-0.7291377852087999,157.948615584835,482.22307053568,-1.0
70.4,0.0,1.0000000002165,0.06951464094574,0.9306175717331999,-0.7313928035448001,158.863396947888,481.94033029359997,-1.0
70.44,0.0,1.0000000002165,0.07042775583016,0.9924287481071999,-0.722541856576,159.770001859716,481.71608803263996,-1.0
70.48,0.0,1.0000000002165,0.07570078863118,1.0562523813864,-0.7126761513559998,160.64520919884,481.4203482392,-1.0
70.52,0.0,1.0000000002165,0.07816866669718,1.1192135331347999,-0.7113231403544003,161.42687793595,480.9816133808,-1.0
70.56,0.0,1.0000000002165,0.08374881321308,1.1827496725703999,-0.7250787522039999,162.20527609257,480.72487224144,-1.0
70.6,0.0,1.0000000002165,0.09274834189376001,1.2473399560992,-0.7705737471328002,163.14098917075898,481.10835900656,-1.0
70.64,0.0,1.0000000002165,0.10547710854084001,1.3111635893784,-0.7980285953736002,163.943916681054,481.15385743632,-1.0
70.68,0.0,1.0000000002165,0.11166325622628001,1.3755622103448,-0.7912071649071999,164.681432581549,481.19285609039997,-1.0
70.72,0.0,1.0000000002165,0.11225006278864001,1.4385233620931999,-0.7820179651879999,165.31886871905,481.18310642688,-1.0
70.76,0.0,1.0000000002165,0.12092054106052001,1.5018678389664,-0.7729415163855999,165.868653299419,481.04011136191997,-1.0
70.8,0.0,1.0000000002165,0.12492124561418001,1.5655956409643998,-0.7720395090512002,166.308546375324,480.75737111984,-1.0
70.84,0.0,1.0000000002165,0.1264376195814,1.627694311182,-0.7738435237200001,166.602898619424,480.17239130864,-1.0
70.88,0.0,1.0000000002165,0.12888081886674,1.6931470762415999,-0.7730542673023999,166.960373066981,480.01964658016,-1.0
70.92,0.0,1.0000000002165,0.14063888680786002,1.755629071584,-0.7736743973447999,167.209918358368,479.67840835696,-1.0
70.96,0.0,1.0000000002165,0.14680309779938,1.8183027294888,-0.774689155596,167.44474603755,479.41191755408,-1.0
71.0,0.0,1.0000000002165,0.1467564823248,1.8820305314868,-0.7736180218864002,167.726670075788,479.47691531088,-1.0
71.04,0.0,1.0000000002165,0.15818824194386,1.9435542140172,-0.7705173716744,167.94154721398098,479.42491710544,-1.0
71.08,0.0,1.0000000002165,0.15938104967576,2.0069945221716,-0.7676422232959998,168.182261938045,479.60366093664,-1.0
71.12,0.0,1.0000000002165,0.16057111532092,2.0689015298268,-0.7595241572864002,168.317663970331,479.54841284336,-1.0
71.16,0.0,1.0000000002165,0.16238089256932,2.1324376692624,-0.7543376151136001,168.68102546276998,480.26013828032,-1.0
71.2,0.0,1.0000000002165,0.16108936971478,2.195494652292,-0.7516879685687998,168.749380595011,480.08464433695997,-1.0
71.24,0.0,1.0000000002165,0.16042030055022,2.2553892030419997,-0.7764931702647999,168.271875843471,478.15421096,-1.0
71.28,0.0,1.0000000002165,0.16223007779862,2.3188295111964,-0.7688824833807999,168.221835961974,477.78697363407997,-1.0
71.32,0.0,1.0000000002165,0.16372725715866002,2.3801615311643998,-0.7540557378216,168.341212149859,478.05021454911997,-1.0
71.36,0.0,1.0000000002165,0.16243847639086,2.4423560326632,-0.7498275784416002,168.367376793779,477.90071970848,-1.0
71.4,0.0,1.0000000002165,0.16548219267226,2.530904136492,-0.7428933970584,168.45862598944998,478.05346443696,-1.0
71.44,0.0,1.0000000002165,0.1654300930242,2.5906070246796,-0.7492074483992002,168.55085635926798,478.09896286672,-1.0
71.48,0.0,1.0000000002165,0.1641413122564,2.6551973082084,-0.7392853677208002,168.734335924757,478.51494851024,-1.0
71.52,0.0,1.0000000002165,0.1650187800132,2.717775134832,-0.7286867815416,169.098351533294,479.57766183392,-1.0
71.56,0.0,1.0000000002165,0.16744004260462,2.7809279491428,-0.7223163547424001,169.271365241215,479.96439848688,-1.0
71.6,0.0,1.0000000002165,0.16707808715494002,2.844751582422,-0.7358464647584002,169.011027034211,478.9341840416,-1.0
71.64,0.0,1.0000000002165,0.166718873792,2.9057002772652,-0.7559725034072002,168.471054195312,476.96150212272,-1.0
71.68,0.0,1.0000000002165,0.16944450801156,2.9700030669504,-0.7483618165232002,168.351350949378,476.53251692784,-1.0
71.72,0.0,1.0000000002165,0.17031649159488002,3.0317184120431997,-0.7534919832376001,167.990605921331,475.26831055808,-1.0
71.76,0.0,1.0000000002165,0.16779651388082,3.0947753950728,-0.7437954043928001,168.099516251648,475.52830158528,-1.0
71.8,0.0,1.0000000002165,0.167130186803,3.158599028352,-0.7375377285104001,168.56164927488499,476.9030041416,-1.0
71.84,0.0,1.0000000002165,0.17139413168370002,3.2196435544764,-0.7352827101744,168.504741174359,476.47076905888,-1.0
71.88,0.0,1.0000000002165,0.17103217623402,3.2856713072232,-0.7263190122887999,168.618230317362,476.69501131984,-1.0
71.92,0.0,1.0000000002165,0.16882205432158,3.347386652316,-0.7201740873231999,168.646684367625,476.61701401168,-1.0
71.96,0.0,1.0000000002165,0.16876995467352002,3.4107311291892,-0.7265445141223998,168.542025791945,476.14253038704,-1.0
72.0,0.0,1.0000000002165,0.1721070742361,3.4747464250308,-0.7230492357016001,168.386019102572,475.50880225824,-1.0
72.04,0.0,1.0000000002165,0.16897561117902002,3.5358867824363998,-0.7141982887328,168.443908377245,475.58354967855996,-1.0
72.08,0.0,1.0000000002165,0.1655397764938,3.600381234684,-0.7115486421880002,168.57636688709,475.93128767743997,-1.0
72.12,0.0,1.0000000002165,0.16979275302754002,3.6618090859332,-0.7049527135551998,168.721580660846,476.26277623711997,-1.0
72.16,0.0,1.0000000002165,0.16912642594972002,3.72544105665,-0.7056292190560001,168.600896240765,475.69404586511996,-1.0
72.2,0.0,1.0000000002165,0.16600044706612002,3.788689702242,-0.7054037172224001,168.647011425674,475.76554339759997,-1.0
72.24,0.0,1.0000000002165,0.16564123370318,3.8498300596476,-0.7079406128504,168.562303390983,475.37230696896,-1.0
72.28,0.0,1.0000000002165,0.16866301329066,3.9146120057387996,-0.7034869516367999,168.48479063336998,475.07331728767997,-1.0
72.32,0.0,1.0000000002165,0.16584689020868001,3.9757523631444,-0.700837305092,168.494929432889,475.03106874575997,-1.0
72.36,0.0,1.0000000002165,0.16272639549856002,4.03928850258,-0.6917044808311998,168.515861148025,475.1318152688,-1.0
72.4,0.0,1.0000000002165,0.16635966042906,4.1026329794532,-0.6850521767400002,168.437040158216,474.87507412944,-1.0
72.44,0.0,1.0000000002165,0.1653889617231,4.1619525425159996,-0.6777797426064001,168.329111002046,474.62483276576,-1.0
72.48,0.0,1.0000000002165,0.16257558072786002,4.2273094762943995,-0.6850521767400002,168.099843309697,474.08535138432,-1.0
72.52,0.0,1.0000000002165,0.15976768390610002,4.2878748460128,-0.6786253744824,168.115215038,474.4330893832,-1.0
72.56,0.0,1.0000000002165,0.15358702039414002,4.3515068167296,-0.6747354678528001,168.0170976233,474.51108669136,-1.0
72.6,0.0,1.0000000002165,0.145879014568,4.4145637997591995,-0.6731569550176002,167.898702609562,474.60208355087997,-1.0
72.64,0.0,1.0000000002165,0.1400109489444,4.474841675634,-0.6701690557224,167.753815893855,474.7905770456,-1.0
72.68,0.0,1.0000000002165,0.13506970863892,4.538569477632,-0.6524107863264001,167.64098086695,475.21631235264,-1.0
72.72,0.0,1.0000000002165,0.12890275556066,4.5992306786316,-0.6416994492304,167.163149057361,474.58908399951997,-1.0
72.76,0.0,1.0000000002165,0.12855725263142,4.6627668180672,-0.6356108997232002,166.637566772618,474.03660306672,-1.0
72.8,0.0,1.0000000002165,0.12760026435916,4.7262071262216,-0.6436725902744,166.044283471732,473.46787269472,-1.0
72.84,0.0,1.0000000002165,0.1235858493718,4.7889766154075994,-0.6696053011384002,165.184447860911,472.22641553984,-1.0
72.88,0.0,1.0000000002165,0.11957143438444001,4.8558668496852,-0.6782871217320001,164.46197663067,471.6381858408,-1.0
72.92,0.0,1.0000000002165,0.11158647779756001,4.9173905322156,-0.6659972718008,163.98447187913,472.0444218208,-1.0
72.96,0.0,1.0000000002165,0.10177254935510001,4.981118334213599,-0.6550040574128002,163.498790676365,472.5969027536,-1.0
73.0,0.0,1.0000000002165,0.0944100464582,5.0433128357124,-0.6315518667184001,163.032405898491,473.31837785408,-1.0
73.04,0.0,1.0000000002165,0.08582731496200001,5.1045490243991996,-0.6101855679848001,162.308299378005,473.40612482576,-1.0
73.08,0.0,1.0000000002165,0.07755718135416001,5.1428815368792,-0.6145264782816002,161.269563014381,472.55465421168,-1.0
73.12,0.0,1.0000000002165,0.07020838889096001,5.206513507596,-0.6259706963367999,160.208586703425,471.91767619504,-1.0
73.16,0.0,1.0000000002165,0.06896622359774,5.2691871655008,-0.6299733538832002,159.30100061745,471.94042540991995,-1.0
73.2,0.0,1.0000000002165,0.06589508644894,5.3345440992792,-0.5702717434375999,158.135365730814,471.16370221616,-1.0
73.24,0.0,1.0000000002165,0.06556877812688,5.3971219259028,-0.5552194960448,157.088125857916,470.7769655632,-1.0
73.28,0.0,1.0000000002165,0.06402498329226,5.4611372217444,-0.5396034940679999,156.247913730035,470.97845860928,-1.0
73.32,0.0,1.0000000002165,0.06644350379694,5.5254400114296,-0.533120316352,155.221932630322,470.64047027391996,-1.0
73.36,0.0,1.0000000002165,0.0709926256986,5.5870595252412,-0.5250022503423999,154.320233589229,470.65346982528,-1.0
73.4,0.0,1.0000000002165,0.0731040324884,5.651649808769999,-0.5240438675496,153.41624514179298,470.49747520896,-1.0
73.44,0.0,1.0000000002165,0.07947664207216,5.7122151784884,-0.5215069719216001,152.559353053413,470.39672868592,-1.0
73.48,0.0,1.0000000002165,0.09041208399128,5.7750804989555995,-0.5140654114127998,151.852580609524,470.61122128336,-1.0
73.52,0.0,1.0000000002165,0.11259830780462,5.8384249758288,-0.49145885259440014,151.293638403783,471.08245502015995,-1.0
73.56,0.0,1.0000000002165,0.12534352697214002,5.8989903455472,-0.48204415104160026,150.726846804866,471.1994509824,-1.0
73.6,0.0,1.0000000002165,0.12682425381174,5.9627181475452,-0.4631019970192001,150.066843661984,470.71846758208,-1.0
73.64,0.0,1.0000000002165,0.13499567229694,6.0243376613568,-0.45165777896399995,149.519675546007,470.32523115344,-1.0
73.68,0.0,1.0000000002165,0.13860151636004,6.0868196566992,-0.44635848587439986,149.112488275002,470.06524012624,-1.0
73.72,0.0,1.0000000002165,0.14250898996454,6.1501641335723995,-0.4495155115448002,148.748799724514,469.62975515567996,-1.0
73.76,0.0,1.0000000002165,0.15340330058256002,6.2106336720096,-0.4511503998383999,148.57480484244599,469.36976412847997,-1.0
73.8,0.0,1.0000000002165,0.15639217512916,6.2743614740076,-0.44957188700319994,148.465240396031,468.96027826064,-1.0
73.84,0.0,1.0000000002165,0.15239695474898002,0.052994698503599995,-0.4377894161975999,148.549948430722,468.78803420511997,-1.0
73.88,0.0,1.0000000002165,0.15083396530718002,0.1172016569076,-0.43181361760720005,148.875371189477,469.05777489584,-1.0
73.92,0.0,1.0000000002165,0.13925961717764002,0.1809294589056,-0.4251049380576002,149.378386468839,469.51925896911996,-1.0
73.96,0.0,1.0000000002165,0.13648736748350002,0.24168649118639998,-0.43079885935599993,149.801272526196,469.32101581088,-1.0
74.0,0.0,1.0000000002165,0.13311185870656,0.3057976183092,-0.44201757557760013,150.221542119161,468.85628184975997,-1.0
74.04,0.0,1.0000000002165,0.13398110020314,0.3681837823704,-0.45684432113680007,150.793566646862,468.5832912712,-1.0
74.08,0.0,1.0000000002165,0.1069688037274,0.4310491028376,-0.46868316740079985,151.487910884889,468.44679598192,-1.0
74.12,0.0,1.0000000002165,0.08118770419792,0.4952560612416,-0.4730804531560002,152.270560796146,468.33629979536,-1.0
74.16,0.0,1.0000000002165,0.07419812509766001,0.556779743772,-0.4669355281904002,153.182398636758,468.42404676703995,-1.0
74.2,0.0,1.0000000002165,0.07054292347324001,0.621465858582,-0.45718257388719996,154.127923456417,468.49879418736,-1.0
74.24,0.0,1.0000000002165,0.06870572535744,0.6843311790491999,-0.45058664525440006,155.048264806303,468.30055102912,-1.0
74.28,0.0,1.0000000002165,0.06777615795258,0.7473881620788,-0.4511503998383999,156.016029573294,468.23880316016,-1.0
74.32,0.0,1.0000000002165,0.06805859288680001,0.8119784456076,-0.466879152732,157.03318010568398,468.28430158992,-1.0
74.36,0.0,1.0000000002165,0.06743339711008,0.8737896219815999,-0.4813676455408,157.984264912176,468.079558656,-1.0
74.4,0.0,1.0000000002165,0.06952835137944001,0.9389548931976,-0.4837917902519999,158.987351948459,468.10555775872,-1.0
74.44,0.0,1.0000000002165,0.07434345569488,1.0011493946963999,-0.4805220136648001,159.95511671545,468.00156134784,-1.0
74.48,0.0,1.0000000002165,0.07673729741890001,1.064685534132,-0.4689650446928,160.866300439964,467.8683159464,-1.0
74.52,0.0,1.0000000002165,0.08124528801946,1.130329961754,-0.46952879927680025,161.788931196193,467.87156583423996,-1.0
74.56,0.0,1.0000000002165,0.08846520240588,1.1933869447835999,-0.4792253781215998,162.684089076306,467.97881213296,-1.0
74.6,0.0,1.0000000002165,0.0977965235821,1.2590313724056,-0.5175606898336,163.54719526761698,468.1445564128,-1.0
74.64,0.0,1.0000000002165,0.1062147298739,1.3217050303103999,-0.5365592193144,164.055770533812,467.19883905136,-1.0
74.68,0.0,1.0000000002165,0.11372530545476,1.3839953630904,-0.5389833640255999,164.52738824047,466.45136484816,-1.0
74.72,0.0,1.0000000002165,0.11369240041388001,1.447531502526,-0.5473269318687999,165.008490630549,465.94763223296,-1.0
74.76,0.0,1.0000000002165,0.12692296893438001,1.5082885348068,-0.5485108164952002,165.482724801599,465.58364479488,-1.0
74.8,0.0,1.0000000002165,0.12748509671608002,1.572112168086,-0.5526262249584,165.965789539972,465.42765017856,-1.0
74.84,0.0,1.0000000002165,0.12895485520872002,1.6340191757412,-0.5538664850432,166.376247391467,465.20015802976,-1.0
74.88,0.0,1.0000000002165,0.14096519512992,1.6980344715828,-0.5600114100088001,166.82987690543,465.34640298256,-1.0
74.92,0.0,1.0000000002165,0.13911428658042002,1.7626247551115999,-0.5433806497808003,167.374428557015,465.88263447616,-1.0
74.96,0.0,1.0000000002165,0.14057856089958,1.8244359314856,-0.5321055581007998,167.734192410915,466.02887942895995,-1.0
75.0,0.0,1.0000000002165,0.14384712829366,1.8888345524519998,-0.535093457396,167.927810775923,465.79163761664,-1.0
75.04,0.0,1.0000000002165,0.15824308367866,1.9508373913883998,-0.5434370252392,168.038029338436,465.39515130016,-1.0
75.08,0.0,1.0000000002165,0.16029964873366,2.0123610739188,-0.5540356114184002,168.068118678944,464.91741778768,-1.0
75.12,0.0,1.0000000002165,0.16055192071374,2.0758972133544,-0.5464249245344002,168.204174827328,464.81017148896,-1.0
75.16,0.0,1.0000000002165,0.16170633923128,2.1366542456352,-0.5471578054936002,168.305235764469,464.72567440512,-1.0
75.2,0.0,1.0000000002165,0.1613580942153,2.1995195661024,-0.5381377321495999,168.439329564559,464.7646730592,-1.0
75.24,0.0,1.0000000002165,0.16040933220326,2.2623848865696,-0.5225781056312,168.589122151001,464.9434168904,-1.0
75.28,0.0,1.0000000002165,0.16216152563012,2.3244835567871998,-0.5187445744599999,168.601223298814,464.72242451728,-1.0
75.32,0.0,1.0000000002165,0.1624137976102,2.3880196962227997,-0.5200412100032001,168.606129169549,464.49818225632,-1.0
75.36,0.0,1.0000000002165,0.16236444004888,2.4498308725968,-0.5230854847568001,168.499508245575,463.97170042624,-1.0
75.4,0.0,1.0000000002165,0.16531766746786,2.5389539641128,-0.5174479389168001,168.594355079785,464.07244694928,-1.0
75.44,0.0,1.0000000002165,0.16526830990654,2.6004776466432,-0.525509629468,168.635891452008,464.0334482952,-1.0
75.48,0.0,1.0000000002165,0.16431680580776,2.6620971604548,-0.5264680122607999,168.627387942734,463.83520513696,-1.0
75.52,0.0,1.0000000002165,0.16636788668928001,2.7254416373279997,-0.5176170652920002,168.54366108219,463.38997050288,-1.0
75.56,0.0,1.0000000002165,0.16721519149194,2.787252813702,-0.5249458748840001,168.48152005288,463.06823160672,-1.0
75.6,0.0,1.0000000002165,0.16686694647596,2.8508847844188,-0.5224089792559998,168.47988476263498,462.92848642959996,-1.0
75.64,0.0,1.0000000002165,0.16681758891464002,2.9142292612919998,-0.5195338308776001,168.647338483723,463.35747162448,-1.0
75.68,0.0,1.0000000002165,0.16916207307734002,2.9766154253532,-0.5109083857423999,168.711768919376,463.40946982992,-1.0
75.72,0.0,1.0000000002165,0.17030826533466,3.0408223837571997,-0.5117540176183999,168.736298273051,463.30872330688,-1.0
75.76,0.0,1.0000000002165,0.16786232396258,3.1027293914124,-0.49557426105759994,168.859926215573,463.58821366112,-1.0
75.8,0.0,1.0000000002165,0.1690085162199,3.166265530848,-0.4947850046400002,168.812175740419,463.25672510144,-1.0
75.84,0.0,1.0000000002165,0.1713530003826,3.2294183451587997,-0.4949541310151999,168.808905159929,463.12347969999996,-1.0
75.88,0.0,1.0000000002165,0.17070312582522001,3.2929544845943997,-0.49523600830720005,168.92304841903,463.29247386768,-1.0
75.92,0.0,1.0000000002165,0.16855881399454,3.3569697804359997,-0.4906132207184002,168.970798894184,463.2697246528,-1.0
75.96,0.0,1.0000000002165,0.17030278116118,3.4185892942476,-0.4921353580951999,168.887726149738,462.86023878495996,-1.0
76.0,0.0,1.0000000002165,0.17174511878642001,3.4818379398396,-0.49055684526,168.839648616535,462.6034976456,-1.0
76.04,0.0,1.0000000002165,0.1687068866785,3.5448949228692,-0.48683606500559984,168.709806571082,462.08676547903997,-1.0
76.08,0.0,1.0000000002165,0.16537250920266,3.6069935930868,-0.48305890929279993,168.724851241336,461.97301940464,-1.0
76.12,0.0,1.0000000002165,0.16980097928776,3.6713922140532,-0.47358783228159984,168.66271021202598,461.67402972336,-1.0
76.16,0.0,1.0000000002165,0.16915384681712,3.7330117278648,-0.4664845245231999,168.68691250765198,461.61228185439995,-1.0
76.2,0.0,1.0000000002165,0.16612109888268,3.7964520360192,-0.4597194695151998,168.75101588525598,461.71302837743997,-1.0
76.24,0.0,1.0000000002165,0.16666677414394002,3.8591256939239997,-0.45752082663759985,168.72681358963,461.54728409759997,-1.0
76.28,0.0,1.0000000002165,0.16870414459176,3.9207452077356,-0.46073422776639994,168.776526413078,461.61228185439995,-1.0
76.32,0.0,1.0000000002165,0.16597028411198,3.9842813471712,-0.45419467459200025,168.880857930709,461.92102119919997,-1.0
76.36,0.0,1.0000000002165,0.16294302035102,4.0458050297016,-0.4545893028007999,168.792879315528,461.61553174224,-1.0
76.4,0.0,1.0000000002165,0.16557542362142,4.1086703501688,-0.4514886525888002,168.76573349746099,461.5960324152,-1.0
76.44,0.0,1.0000000002165,0.16493103323752,4.1694273824496,-0.4362109033624,168.670559605202,461.3522908272,-1.0
76.48,0.0,1.0000000002165,0.16279768975380002,4.231430221386,-0.43559077331999996,168.386346160621,460.5885671848,-1.0
76.52,0.0,1.0000000002165,0.15590682577618,4.2955413485088,-0.43936792903279986,168.216930091239,460.37082469951997,-1.0
76.56,0.0,1.0000000002165,0.14931484925322,4.3566817059144,-0.4402135609087998,168.152172597537,460.5560683064,-1.0
76.6,0.0,1.0000000002165,0.14599966638456,4.42021784535,-0.44049543820079995,168.041299918926,460.75756135247997,-1.0
76.64,0.0,1.0000000002165,0.1400109489444,4.482987334535999,-0.43288475131679993,167.865015630515,460.77706067952,-1.0
76.68,0.0,1.0000000002165,0.13224261720998,4.5455651611596,-0.4277545846024,167.51996938882,460.45532178336,-1.0
76.72,0.0,1.0000000002165,0.13160919517304,4.6095804570012,-0.42104590505280015,167.045408159721,459.88334152352,-1.0
76.76,0.0,1.0000000002165,0.12889727138718002,4.6706249831256,-0.42865659193680017,166.659152603852,459.78259500048,-1.0
76.8,0.0,1.0000000002165,0.12797044606906,4.7342569538424,-0.44979738883679987,165.992935358039,459.00262191888,-1.0
76.84,0.0,1.0000000002165,0.12169655160794,4.794918154842,-0.4534617936327998,165.475529524521,458.85962685391996,-1.0
76.88,0.0,1.0000000002165,0.12077246837656001,4.8594126070896,-0.45543493467679985,164.715446618645,458.08940343584,-1.0
76.92,0.0,1.0000000002165,0.11124371695506001,4.9226612526816,-0.4362109033624,164.144076207042,458.14790141696,-1.0
76.96,0.0,1.0000000002165,0.1011281589712,4.9842807664932,-0.42893846922879986,163.4709907422,458.04390500607997,-1.0
77.0,0.0,1.0000000002165,0.0898307616024,5.0492543751468,-0.4079104232456001,162.797578219309,458.13815175343996,-1.0
77.04,0.0,1.0000000002165,0.08328265846728,5.1106822263959995,-0.3916179157680002,161.965542542653,457.84566184784,-1.0
77.08,0.0,1.0000000002165,0.0761477487698,5.167222682304,-0.3932528040615999,160.980443699065,457.26068203664,-1.0
77.12,0.0,1.0000000002165,0.07257206766084,5.230950484301999,-0.38941927289040024,160.067951742355,457.10468742032,-1.0
77.16,0.0,1.0000000002165,0.06899638655188,5.291803347864,-0.3887991428480002,159.274508915481,457.43617598,-1.0
77.2,0.0,1.0000000002165,0.06690417436926001,5.3546686683311995,-0.32278348106160015,158.553345917436,458.13165197776,-1.0
77.24,0.0,1.0000000002165,0.0657003982904,5.4156173631744,-0.2978655284488001,157.71542319589798,458.31689558464,-1.0
77.28,0.0,1.0000000002165,0.06627349441906,5.4783868523604,-0.29031121702319984,156.70415970839,457.98215713712,-1.0
77.32,0.0,1.0000000002165,0.06477357297228001,5.54144383539,-0.287041440436,155.567960046164,457.23143304608,-1.0
77.36,0.0,1.0000000002165,0.0709652048312,5.6033508430452,-0.27565359783920007,154.409193378557,456.43196063744,-1.0
77.4,0.0,1.0000000002165,0.07330694690716,5.6665036573559995,-0.2629691196991999,153.61019056485,456.69520155248,-1.0
77.44,0.0,1.0000000002165,0.07978649787378,5.7266857019496,-0.26139060686399995,152.800394835526,456.71795076736,-1.0
77.48,0.0,1.0000000002165,0.09069451892550001,5.7902218413852,-0.2657315171608001,151.922898090059,456.34096377791997,-1.0
77.52,0.0,1.0000000002165,0.11636045081190001,5.8534704869772,-0.2546255518559999,151.249485567168,456.37346265632,-1.0
77.56,0.0,1.0000000002165,0.13374802283024,5.9154733259136,-0.24256120375840018,150.721940934131,456.67245233759996,-1.0
77.6,0.0,1.0000000002165,0.13311734288004,5.9790094653492,-0.2336538813311999,150.18262221133,456.6399534592,-1.0
77.64,0.0,1.0000000002165,0.13838763359432002,6.040628979160799,-0.21657211743600024,149.747962064209,456.6074545808,-1.0
77.68,0.0,1.0000000002165,0.0,6.104165118596399,-0.21183657893039998,149.320497194166,456.32146445088,-1.0
77.72,0.0,1.0000000002165,0.0,6.1673179329072,-0.20845405142640017,149.041516678369,456.0712230872,-1.0
77.76,0.0,1.0000000002165,0.0,6.229512434406,-0.21651574197760004,148.736371518652,455.39199652864,-1.0
77.8,0.0,1.0000000002165,0.15915071438960002,0.0099664532448,-0.20078698908399994,148.924102838778,456.02247476959997,-1.0
77.84,0.0,1.0000000002165,0.15615909775626,0.0719692921812,-0.18314147060480002,149.091883617915,456.14922039536,-1.0
77.88,0.0,1.0000000002165,0.14580223613928,0.1372303946784,-0.17440327455279991,149.274054951208,455.9574770128,-1.0
77.92,0.0,1.0000000002165,0.14016450580184,0.20028737770799998,-0.17434689909440015,149.542569609437,455.64873766799997,-1.0
77.96,0.0,1.0000000002165,0.1362954214117,0.2626735417692,-0.17643279105520016,149.89644641845499,455.31724910831997,-1.0
78.0,0.0,1.0000000002165,0.12713410961336,0.3262096812048,-0.18827163731919994,150.323911288498,454.84276548368,-1.0
78.04,0.0,1.0000000002165,0.12503641325726,0.38811668886,-0.1978554652472,150.864865301544,454.51452681183997,-1.0
78.08,0.0,1.0000000002165,0.107352695871,0.4517486595768,-0.2012943682096,151.554630726885,454.36178208335997,-1.0
78.12,0.0,1.0000000002165,0.0817416057194,0.5148056426063999,-0.20236550191919989,152.36180999181698,454.29678432656,-1.0
78.16,0.0,1.0000000002165,0.07583789296818,0.5768084815428,-0.19588232420319995,153.15557987674,454.00429442096,-1.0
78.2,0.0,1.0000000002165,0.0705264709528,0.6402487896972,-0.19075215748880003,154.06153067246998,453.89704812224,-1.0
78.24,0.0,1.0000000002165,0.06874137248506,0.70196413479,-0.1808300768104001,155.007382550178,453.83855014112,-1.0
78.28,0.0,1.0000000002165,0.06784196803434,0.7655002742256,-0.1829159687712001,156.014394283049,453.87104901952,-1.0
78.32,0.0,1.0000000002165,0.06811617670834,0.8288447510988,-0.1925561721575999,157.117888140375,454.19603780351997,-1.0
78.36,0.0,1.0000000002165,0.06750743345206,0.8913267464411999,-0.20845405142640017,158.152045691313,454.27403511168,-1.0
78.4,0.0,1.0000000002165,0.06954206181314,0.9542878981895999,-0.21149832618000008,158.99683663188,453.71180451536,-1.0
78.44,0.0,1.0000000002165,0.0689360606436,1.0137032925336,-0.21640299106080008,159.720943152366,452.8700835648,-1.0
78.48,0.0,1.0000000002165,0.07272836660502001,1.076664444282,-0.20839767596799996,160.555268235365,452.47034736048,-1.0
78.52,0.0,1.0000000002165,0.07681133376088001,1.1388589457808,-0.20388763929600007,161.414776788137,452.317602632,-1.0
78.56,0.0,1.0000000002165,0.08382284955506,1.2003826283112,-0.21228758259759983,162.307318203858,452.42484893072,-1.0
78.6,0.0,1.0000000002165,0.09287996205728001,1.2632479487783999,-0.23523239416639985,163.214577231784,452.7075891728,-1.0
78.64,0.0,1.0000000002165,0.10544694558670001,1.3252507877147999,-0.2827005301391998,163.95143901618098,452.60359276191997,-1.0
78.68,0.0,1.0000000002165,0.112151347666,1.3897452399624,-0.25614768923280007,164.72035248938,452.6750902944,-1.0
78.72,0.0,1.0000000002165,0.12119474973452,1.4533772106792,-0.2559785628575999,165.313962848315,452.47034736048,-1.0
78.76,0.0,1.0000000002165,0.1229140381205,1.51653002499,-0.2558094364824002,165.824173404755,452.20710644544,-1.0
78.8,0.0,1.0000000002165,0.12580419754446,1.5805453208316,-0.2505101433928001,166.323918103627,452.10960981024,-1.0
78.84,0.0,1.0000000002165,0.12723008264926,1.6426439910492,-0.24831150051520012,166.694474873144,451.79112080192,-1.0
78.88,0.0,1.0000000002165,0.13771856442976002,1.7084800812335998,-0.2549638046064002,167.059471655828,451.6351261856,-1.0
78.92,0.0,1.0000000002165,0.1414779653503,1.7701954263264,-0.24932625876640024,167.27304056182498,451.14114323392,-1.0
78.96,0.0,1.0000000002165,0.14757362417332,1.832294096544,-0.24267395467520014,167.465023636588,450.7089081512,-1.0
79.0,0.0,1.0000000002165,0.15892586327692002,1.8951594170111998,-0.24222295100799984,167.638364402558,450.45541689968,-1.0
79.04,0.0,1.0000000002165,0.1606314412292,1.9562997744168,-0.2385585462119999,167.78325111826499,450.18242632112,-1.0
79.08,0.0,1.0000000002165,0.16029142247344,2.0208900579456,-0.2351760187080001,167.977523599371,450.20192564816,-1.0
79.12,0.0,1.0000000002165,0.16053821028004,2.0834678845692,-0.21882713577199997,168.266969972736,450.62441106736,-1.0
79.16,0.0,1.0000000002165,0.16165698166996,2.1460457111927997,-0.22356267427760024,168.359200342554,450.41316835776,-1.0
79.2,0.0,1.0000000002165,0.16131970500094,2.2096776819096,-0.2211949050248001,168.512590567535,450.56591308624,-1.0
79.24,0.0,1.0000000002165,0.16039562176956002,2.2708180393151998,-0.22046202406560012,168.572442190502,450.44241734831996,-1.0
79.28,0.0,1.0000000002165,0.16326658658634,2.3358874792499997,-0.20710104042480015,168.7039195262,450.58216252543997,-1.0
79.32,0.0,1.0000000002165,0.16263590663614,2.3984653058736,-0.21008893971999987,168.751342943305,450.5139148808,-1.0
79.36,0.0,1.0000000002165,0.16229588788038002,2.4522266546268,-0.20986343788639994,168.69672424912198,450.0914294616,-1.0
79.4,0.0,1.0000000002165,0.16312399807586,2.5159544566248,-0.2183197566463999,168.59926095052,449.62994538832,-1.0
79.44,0.0,1.0000000002165,0.16540541424354002,2.5753698509688,-0.21025806609520004,168.604493879304,449.48695032335996,-1.0
79.48,0.0,1.0000000002165,0.16419341190446002,2.6394809780916,-0.20766479500879997,168.596971544177,449.30495660432,-1.0
79.52,0.0,1.0000000002165,0.16472537673202,2.701962973434,-0.2090178060104,168.617249143215,449.22370940832,-1.0
79.56,0.0,1.0000000002165,0.16642547051082002,2.7640616436516,-0.19813734253920012,168.643740845184,449.1327125488,-1.0
79.6,0.0,1.0000000002165,0.16695743533838,2.827981108212,-0.2044513938799999,168.649300832017,449.07421456768,-1.0
79.64,0.0,1.0000000002165,0.16661741658262,2.8890256343364,-0.19734808612159993,168.72877593792398,449.15546176367997,-1.0
79.68,0.0,1.0000000002165,0.16686146230248,2.9531367614592,-0.19531856961920013,168.75395940769698,449.09696378256,-1.0
79.72,0.0,1.0000000002165,0.16913739429668,3.0155229255203997,-0.1916541648232002,168.724197125238,448.85322219456,-1.0
79.76,0.0,1.0000000002165,0.16763473076316002,3.0774299331756,-0.19644607878720022,168.783721690156,448.86622174592,-1.0
79.8,0.0,1.0000000002165,0.16671613170526,3.1412535664548,-0.19357093040880002,168.880203814611,449.02221636224,-1.0
79.84,0.0,1.0000000002165,0.16898932161272,3.2022980925791997,-0.19734808612159993,168.95313775953798,449.08396423119996,-1.0
79.88,0.0,1.0000000002165,0.1706811891313,3.2680383514824,-0.19131591207279985,168.784702864303,448.39823789696,-1.0
79.92,0.0,1.0000000002165,0.16859994529564,3.3307120093872,-0.19864472166480018,168.60907269199,447.69626212352,-1.0
79.96,0.0,1.0000000002165,0.16855332982106,3.3929065108859997,-0.20078698908399994,168.440637796755,447.04303466768,-1.0
80.0,0.0,1.0000000002165,0.17053311644734,3.4570176380088,-0.19419106045120005,168.440637796755,446.94553803248,-1.0
80.04,0.0,1.0000000002165,0.16874527589286,3.5179663328519997,-0.18607299444159997,168.543334024141,447.14053130288,-1.0
80.08,0.0,1.0000000002165,0.16550687145292,3.5822691225371996,-0.18511461164880005,168.58944920905,447.14703107855996,-1.0
80.12,0.0,1.0000000002165,0.16777731927364,3.6447511178795997,-0.17716567201440014,168.604166821255,447.03003511632,-1.0
80.16,0.0,1.0000000002165,0.16917852559778002,3.7067539568159997,-0.17451602546959988,168.578329235384,446.83504184592,-1.0
80.2,0.0,1.0000000002165,0.16623352443902,3.7711525777824,-0.17051336792320004,168.540717559749,446.61079958496,-1.0
80.24,0.0,1.0000000002165,0.16560558657556002,3.8325804290315997,-0.1797025676424,168.41774373332498,446.13306607248,-1.0
80.28,0.0,1.0000000002165,0.16700405081296002,3.897458206404,-0.18686225085920016,168.34775331083898,445.86007549391996,-1.0
80.32,0.0,1.0000000002165,0.1660881938418,3.9612818396832,-0.18094282772720005,168.259447637609,445.5090876072,-1.0
80.36,0.0,1.0000000002165,0.16343659596422,4.0236680037444,-0.1821267123535999,168.215294800994,445.38884175711996,-1.0
80.4,0.0,1.0000000002165,0.16454714109392002,4.0888332749603995,-0.17344489176,168.19697955025,445.35634287872,-1.0
80.44,0.0,1.0000000002165,0.16536702502918002,4.1489194882728,-0.15715238428240008,168.270240553226,445.67808177487996,-1.0
80.48,0.0,1.0000000002165,0.16300608834604,4.2125514589896,-0.15365710586159986,168.254868824923,445.83082650335996,-1.0
80.52,0.0,1.0000000002165,0.1603572325552,4.2758959358628,-0.14745580543760006,168.123064431176,445.65533256,-1.0
80.56,0.0,1.0000000002165,0.1614677776849,4.3378987747992,-0.14610279443600005,167.959535406676,445.55458603696,-1.0
80.6,0.0,1.0000000002165,0.15189241078882001,4.4030640460152,-0.15461548865440022,167.709335999191,445.23609702863996,-1.0
80.64,0.0,1.0000000002165,0.1501155385813,4.4656418726388,-0.1569832579071999,167.413348464846,444.924107796,-1.0
80.68,0.0,1.0000000002165,0.14487815290790002,4.5301363248864,-0.15461548865440022,167.071245745592,444.61536845119997,-1.0
80.72,0.0,1.0000000002165,0.1384890908037,4.5932891391972,-0.14925982010639993,166.832166311773,444.80386194592,-1.0
80.76,0.0,1.0000000002165,0.1303725140533,4.6548128217275995,-0.1542772359039999,166.619251521874,445.25884624352,-1.0
80.8,0.0,1.0000000002165,0.12543127374782,4.7183489611631995,-0.16177517187119994,166.27387822213,445.411590972,-1.0
80.84,0.0,1.0000000002165,0.1251077075125,4.77958514985,-0.17913881305840018,165.736194789574,445.21009792591997,-1.0
80.88,0.0,1.0000000002165,0.11786859851890001,4.844175433378799,-0.1830850951463998,165.140295024296,444.98260577712,-1.0
80.92,0.0,1.0000000002165,0.11235974625824001,4.9066574287212,-0.17947706580880007,164.460341340425,444.68361609583997,-1.0
80.96,0.0,1.0000000002165,0.10138317303802001,4.96885193022,-0.1797025676424,163.692409041373,444.3066291064,-1.0
81.0,0.0,1.0000000002165,0.08954832666818001,5.0323880696556,-0.1605912872448001,162.920552045733,444.06613740624,-1.0
81.04,0.0,1.0000000002165,0.08318942751812,5.0950617275604,-0.13708272109199982,161.98647425778898,443.47790770719996,-1.0
81.08,0.0,1.0000000002165,0.07597225521844,5.2019136060984,-0.1382102302599999,161.143645665516,443.35441196927997,-1.0
81.12,0.0,1.0000000002165,0.07019467845726,5.26353311991,-0.14023974676240014,160.255028946383,443.24716567056,-1.0
81.16,0.0,1.0000000002165,0.06902380741928,5.325631790127599,-0.1476813072712,159.441962636569,443.52340613696,-1.0
81.2,0.0,1.0000000002165,0.06699192114494,5.3877304603452,-0.09542125733439999,158.480411972509,443.3316627544,-1.0
81.24,0.0,1.0000000002165,0.0661117113014,5.4498291305628,-0.07783211431359982,157.555491809937,443.31866320304,-1.0
81.28,0.0,1.0000000002165,0.06494358235016,5.5114486443744,-0.06013022037600013,156.629590473218,443.23741600704,-1.0
81.32,0.0,1.0000000002165,0.06492438774298,5.5729723269048,-0.05060276790639984,155.678178608677,443.11392026912,-1.0
81.36,0.0,1.0000000002165,0.06777615795258,5.6354543222472,-0.03780553884960014,154.749660807566,443.01967352176,-1.0
81.4,0.0,1.0000000002165,0.07464782732302,5.6977446550272,-0.042822954647200095,153.75736668689999,442.60368787824,-1.0
81.44,0.0,1.0000000002165,0.08036782026266001,5.7590766749952,-0.04378133744000001,152.767689030626,442.10970492655997,-1.0
81.48,0.0,1.0000000002165,0.09870963846652,5.8223253205872,-0.03989143081040014,151.88463229832598,441.74246760064,-1.0
81.52,0.0,1.0000000002165,0.12507206038488,5.8852864723356,-0.03526864322159984,151.088245949011,441.46622713424,-1.0
81.56,0.0,1.0000000002165,0.12876290913692,5.9488226117712,-0.013902344488000207,150.482534442263,441.52472511535996,-1.0
81.6,0.0,1.0000000002165,0.13073446950298,6.0120712573632,0.003574047615999998,149.919340481885,441.41422892879996,-1.0
81.64,0.0,1.0000000002165,0.13814907204794,6.0756073967988,0.016878655798399755,149.432678104973,441.22248554623997,-1.0
81.68,0.0,1.0000000002165,0.14240753275516002,6.1392393675156,0.014003507420000005,148.997690899803,440.85849810816,-1.0
81.72,0.0,1.0000000002165,0.14752152452526002,6.2024880131076,0.018062540424800044,148.765479685013,440.88124732304,-1.0
81.76,0.0,1.0000000002165,0.15377896646594,6.2662158151056,0.016484027589600103,148.5898495127,440.63100595936,-1.0
81.8,0.0,1.0000000002165,0.15029925839288,0.0460948462572,0.022459826179999975,148.587887164406,440.6017569688,-1.0
81.84,0.0,1.0000000002165,0.14510574610732002,0.1095351544116,0.03903421094960002,148.77398319428698,440.78050079999997,-1.0
81.88,0.0,1.0000000002165,0.13075914828364002,0.1745087630652,0.039597965533599844,149.00194265444,440.71875293104,-1.0
81.92,0.0,1.0000000002165,0.1295773088987,0.2372782522512,0.03379129331840014,149.278633763894,440.46851156736,-1.0
81.96,0.0,1.0000000002165,0.1241068458524,0.30043106656199997,0.020712186969599866,149.58443303970898,439.90628097104,-1.0
82.0,0.0,1.0000000002165,0.12206947540458,0.3626255680608,0.009888098956799762,149.974613292166,439.39279869231996,-1.0
82.04,0.0,1.0000000002165,0.11231861495714,0.425490888528,0.005096184992800179,150.67190105263398,439.56179285999997,-1.0
82.08,0.0,1.0000000002165,0.10628602412914001,0.4881645464328,-0.004262141101599948,151.508842600025,439.88353175616,-1.0
82.12,0.0,1.0000000002165,0.08197742517904,0.550550710494,-0.007137289480000142,152.388955809884,440.06877536304,-1.0
82.16,0.0,1.0000000002165,0.07567062567704,0.6130327058364,-0.006517159437600117,153.235382040696,439.90628097104,-1.0
82.2,0.0,1.0000000002165,0.07079519545332,0.6742688945231999,-0.006460783979199913,153.981074392416,439.31155149631996,-1.0
82.24,0.0,1.0000000002165,0.06763631152884,0.7362717334596,-0.0013869927232001977,154.87917579497,439.074309684,-1.0
82.28,0.0,1.0000000002165,0.06562087777494001,0.7970287657403999,-0.012154705277600097,155.74947726335898,438.69407280672,-1.0
82.32,0.0,1.0000000002165,0.06389062104200001,0.8578816293024,-0.03526864322159984,156.636458692247,438.32358559296,-1.0
82.36,0.0,1.0000000002165,0.06472695749770001,0.9195969743951999,-0.05488730274480025,157.576750583122,438.11884265903996,-1.0
82.4,0.0,1.0000000002165,0.06698917905820001,0.9807373318007999,-0.05268865986719984,158.624644572118,438.30733615376,-1.0
82.44,0.0,1.0000000002165,0.06896622359774,1.04216518305,-0.030871357466399907,159.783084181676,438.82081843248,-1.0
82.48,0.0,1.0000000002165,0.07549787421242,1.1047430096736,-0.01023793969199982,160.91012621853,439.34730026256,-1.0
82.52,0.0,1.0000000002165,0.08088881674326001,1.167225005016,-0.005446025728000237,161.903728571392,439.56829263568,-1.0
82.56,0.0,1.0000000002165,0.08712980616350001,1.2294195065148,-0.02072377495440003,162.647785632867,439.14905710432,-1.0
82.6,0.0,1.0000000002165,0.09279769945508,1.2912306828888,-0.07743748610480017,163.362734527981,438.85656719872,-1.0
82.64,0.0,1.0000000002165,0.10671653174732,1.3537126782312,-0.0818347718600001,164.078991655291,438.64207460128,-1.0
82.68,0.0,1.0000000002165,0.11835120578514001,1.41590717973,-0.08036900994160012,164.741284204516,438.51532897552,-1.0
82.72,0.0,1.0000000002165,0.12258224562496,1.478676668916,-0.08628843307360023,165.333913389304,438.33333525648,-1.0
82.76,0.0,1.0000000002165,0.12339938747348,1.5411586642583999,-0.08318778286160011,165.88337091162398,438.21958918208,-1.0
82.8,0.0,1.0000000002165,0.13558796303278,1.6033531657572,-0.08984008695280021,166.255890029435,437.70285701552,-1.0
82.84,0.0,1.0000000002165,0.14123391963044002,1.665547667256,-0.09248973349760004,166.511322365704,436.98138191504,-1.0
82.88,0.0,1.0000000002165,0.14488637916812,1.7293713005351998,-0.09750714929519999,166.694147815095,436.28915580512,-1.0
82.92,0.0,1.0000000002165,0.15620571323084,1.7922366210023999,-0.09739439837840003,166.930610784522,435.8569207224,-1.0
82.96,0.0,1.0000000002165,0.15729706375336,1.854814447626,-0.09119309795440023,167.20206896519198,435.71717554528,-1.0
83.0,0.0,1.0000000002165,0.16094129703082,1.9177755993744,-0.08408979019599983,167.46829421707798,435.6781768912,-1.0
83.04,0.0,1.0000000002165,0.16089742364298001,1.9805450885604,-0.08217302461039999,167.688731342104,435.62292879792,-1.0
83.08,0.0,1.0000000002165,0.16056837323418,2.043122915184,-0.07495696593520007,167.890853216386,435.68467666687997,-1.0
83.12,0.0,1.0000000002165,0.16222459362514,2.1065632233383997,-0.07236369484880001,168.045551673563,435.61967891008,-1.0
83.16,0.0,1.0000000002165,0.1618928011296,2.169141049962,-0.06210336142000017,168.202212479034,435.70417599392,-1.0
83.2,0.0,1.0000000002165,0.1615637507208,2.232389695554,-0.060975852252000085,168.278417004451,435.58393014384,-1.0
83.24,0.0,1.0000000002165,0.1620847472014,2.2948716908963998,-0.05680406833040008,168.309487519106,435.3694375464,-1.0
83.28,0.0,1.0000000002165,0.1634557905714,2.3573536862388,-0.05488730274480025,168.263045276148,434.9632015664,-1.0
83.32,0.0,1.0000000002165,0.16284430522838,2.4208898256744,-0.05838258116560002,168.225106542464,434.61546356752,-1.0
83.36,0.0,1.0000000002165,0.16251525481958,2.4566348935619997,-0.049193381446400064,168.248654721992,434.51146715664,-1.0
83.4,0.0,1.0000000002165,0.16331594414766,2.5183502386548,-0.040511560852800166,168.233282993689,434.26122579296,-1.0
83.44,0.0,1.0000000002165,0.16525185738610002,2.5800655837476,-0.04141356818719988,168.179972531702,433.92973723328,-1.0
83.48,0.0,1.0000000002165,0.16435519502212,2.6416850975592,-0.041751820937600215,168.10867387702,433.55275024383997,-1.0
83.52,0.0,1.0000000002165,0.16487619150272,2.7044545867452,-0.04327395831439995,168.118812676539,433.43250439376,-1.0
83.56,0.0,1.0000000002165,0.16624175069924002,2.7668407508064,-0.03876392164240006,168.167871383889,433.45850349648,-1.0
83.6,0.0,1.0000000002165,0.16704244002732002,2.8287477584616,-0.03865117072560009,168.190765447319,433.35125719776,-1.0
83.64,0.0,1.0000000002165,0.16671338961852,2.8922838978972,-0.03042035379920005,168.256831173217,433.43250439376,-1.0
83.68,0.0,1.0000000002165,0.16694920907816002,2.9541909055524,-0.031096859299999835,168.218238323435,433.13676460031996,-1.0
83.72,0.0,1.0000000002165,0.16887963814312001,3.0173437198632,-0.02912371825600024,168.199923072691,432.93852144208,-1.0
83.76,0.0,1.0000000002165,0.16770054084492,3.0800173777679998,-0.027996209088000157,168.18389722829,432.75977761088,-1.0
83.8,0.0,1.0000000002165,0.16680662056768,3.1423077105479997,-0.032055242092800196,168.15348082973298,432.49653669584,-1.0
83.84,0.0,1.0000000002165,0.16873704963264,3.2062271751084,-0.030533104716000015,168.1479208429,432.36329129439997,-1.0
83.88,0.0,1.0000000002165,0.17066199452412,3.2700508083876,-0.023937176083200118,168.154134945831,432.20404679024,-1.0
83.92,0.0,1.0000000002165,0.16892351153096,3.333491116542,-0.018299630243200138,168.166890209742,432.1195497064,-1.0
83.96,0.0,1.0000000002165,0.16859446112216,3.3959731118843997,-0.016270113740799896,168.361816806946,432.60053310672,-1.0
84.0,0.0,1.0000000002165,0.17023697107942,3.458550938508,-0.012718459861599918,168.277108772255,432.14554880912,-1.0
84.04,0.0,1.0000000002165,0.16849848808626,3.5228537281932,-0.012887586236800086,168.155770236076,431.62231686688,-1.0
84.08,0.0,1.0000000002165,0.16591544237718,3.5858148799415996,-0.025064685251200203,167.871229733446,430.56610331888,-1.0
84.12,0.0,1.0000000002165,0.16812282220288,3.6505968260327997,-0.0357760223471999,167.59748214643298,429.56513786415996,-1.0
84.16,0.0,1.0000000002165,0.16920046229170002,3.714420459312,-0.032337119384799884,167.463715404392,429.02890637056,-1.0
84.2,0.0,1.0000000002165,0.16662015866936,3.7777649361852,-0.017848626575999837,167.573279850807,429.27589784639997,-1.0
84.24,0.0,1.0000000002165,0.16601141541308,3.8421635571515997,-0.007644668605600202,167.745966500679,429.7633810224,-1.0
84.28,0.0,1.0000000002165,0.168775438847,3.9051247089,-0.004938646602400176,167.796660498274,429.81862911568,-1.0
84.32,0.0,1.0000000002165,0.1661978773114,3.9690441734604,-0.004149390184799984,167.852587424653,429.96162418064,-1.0
84.36,0.0,1.0000000002165,0.16390275071002,4.032676144177199,0.004025051283199854,167.735173585062,429.54563853712,-1.0
84.4,0.0,1.0000000002165,0.16498039079884,4.0961164523316,7.876919519977932e-05,167.628225603039,429.243398968,-1.0
84.44,0.0,1.0000000002165,0.16577559595344002,4.15907760408,0.020543060594400142,167.6900395743,429.54888842496,-1.0
84.48,0.0,1.0000000002165,0.16404533922050002,4.222326249672,0.028604751145600016,167.73746299140498,429.89012664816,-1.0
84.52,0.0,1.0000000002165,0.16175295470586,4.287012364482,0.03046514127280009,167.517679982477,429.48389066816,-1.0
84.56,0.0,1.0000000002165,0.16311028764216,4.3506443351988,0.034749676111200056,167.392743807759,429.46764122896,-1.0
84.6,0.0,1.0000000002165,0.15941669680338,4.4131263305412,0.03790670178159994,167.379007369701,429.93562507792,-1.0
84.64,0.0,1.0000000002165,0.15263825838210002,4.476758301258,0.04314961941279982,167.301821670137,430.30286240384,-1.0
84.68,0.0,1.0000000002165,0.14502074141838,4.538569477632,0.04478450770639997,167.120304452942,430.49135589855996,-1.0
84.72,0.0,1.0000000002165,0.13432386104564,4.6019139545052,0.06068238697519979,166.911314359631,430.787095692,-1.0
84.76,0.0,1.0000000002165,0.1340057789838,4.6656417565032,0.0690823302768,166.49660475349899,430.50760533775997,-1.0
84.8,0.0,1.0000000002165,0.1325661834453,4.7289862333764,0.06406491447920004,165.91051672969098,429.95187451712,-1.0
84.84,0.0,1.0000000002165,0.12552450469698,4.7942473358735995,0.03531343069519988,165.171365538951,429.0971540152,-1.0
84.88,0.0,1.0000000002165,0.11960708151206001,4.8582626317152,0.031592650440800174,164.695496077656,429.28564750992,-1.0
84.92,0.0,1.0000000002165,0.10865244498576,4.9225654214003995,0.047321403334399825,164.093382209447,429.26289829504,-1.0
84.96,0.0,1.0000000002165,0.0968642140905,4.98562240443,0.04478450770639997,163.481783657817,429.31814638832,-1.0
85.0,0.0,1.0000000002165,0.08955929501514001,5.0476252433664,0.06265552801919982,162.85906513252098,429.568387752,-1.0
85.04,0.0,1.0000000002165,0.08422045213236,5.1103947325523995,0.10730489107199981,162.283115908232,430.08511991856,-1.0
85.08,0.0,1.0000000002165,0.07776283785966001,5.2356462170808,0.12060949925440001,161.344786365651,429.62363584528,-1.0
85.12,0.0,1.0000000002165,0.07214704421614,5.2964990806428,0.1080377720311998,160.431967350892,429.4221427992,-1.0
85.16,0.0,1.0000000002165,0.0687715354392,5.3575436067672,0.09039225355199987,159.436729707785,429.11665334224,-1.0
85.2,0.0,1.0000000002165,0.06595815444396,5.4205047585156,0.13656375398160003,158.174939754743,428.06368968208,-1.0
85.24,0.0,1.0000000002165,0.06538231622856,5.4814534533587995,0.15054486766480002,157.195400897988,427.86869641168,-1.0
85.28,0.0,1.0000000002165,0.06592250731634,5.5446062676696,0.1554495325456,156.110549349455,427.3422145816,-1.0
85.32,0.0,1.0000000002165,0.06785842055478,5.6067049378872,0.16193271026159994,155.159137484914,427.25771749776,-1.0
85.36,0.0,1.0000000002165,0.07342211455024,5.668899439386,0.17721045948800018,154.12563405007398,426.81248286368,-1.0
85.4,0.0,1.0000000002165,0.07703070070008,5.7325314101027995,0.17659032944560016,153.219356196295,426.68898712576,-1.0
85.44,0.0,1.0000000002165,0.08621669127908001,5.7929051172588,0.17799971590559993,152.33564534789699,426.47774441615996,-1.0
85.48,0.0,1.0000000002165,0.11325092444874,5.8570162443816,0.1864560346655999,151.570656571286,426.50699340671997,-1.0
85.52,0.0,1.0000000002165,0.13329557851814,5.9198815648488,0.2025230403095999,150.939434536716,426.73448555552,-1.0
85.56,0.0,1.0000000002165,0.13520955506266,5.982938547878399,0.2241712163352001,150.498560286664,427.33571480591996,-1.0
85.6,0.0,1.0000000002165,0.13907589736606002,6.0474330001259995,0.24880729165600002,150.038389611721,427.537207852,-1.0
85.64,0.0,1.0000000002165,0.14042774612888,6.110010826749599,0.2599696324192,149.613214148021,427.56320695472,-1.0
85.68,0.0,1.0000000002165,0.15236679179484,6.175080266684399,0.2591803760015998,149.17201283992,427.2284685072,-1.0
85.72,0.0,1.0000000002165,0.15538857138232,6.2384247435576,0.2617736470879999,148.893686440221,427.03672512464,-1.0
85.76,0.0,1.0000000002165,0.15618103445018,0.01916625624,0.2574891122495999,148.70759041034,426.81898263936,-1.0
85.8,0.0,1.0000000002165,0.14333435807328002,0.08346904592519999,0.2708500958903999,148.61928473711,426.47124464048,-1.0
85.84,0.0,1.0000000002165,0.13633929479954002,0.14614270383,0.2790809128167999,148.643159974687,426.08125809968,-1.0
85.88,0.0,1.0000000002165,0.13101416235046,0.2126496129828,0.28466208319840014,148.963676862707,426.38024778095996,-1.0
85.92,0.0,1.0000000002165,0.12235739451228,0.2754191021688,0.28556409053279985,149.361052392242,426.45174531344,-1.0
85.96,0.0,1.0000000002165,0.11732018117090001,0.3383802539172,0.2697789621808,149.565790730916,425.60027469936,-1.0
86.0,0.0,1.0000000002165,0.11367320580670001,0.4009580805408,0.2564743539983998,149.919340481885,424.93729758,-1.0
86.04,0.0,1.0000000002165,0.11086530898494,0.4622901005088,0.2457630169024001,150.552524864749,424.92754791647997,-1.0
86.08,0.0,1.0000000002165,0.10416639107912,0.5249637584136,0.23538993255679985,151.210892717386,424.69030610415996,-1.0
86.12,0.0,1.0000000002165,0.09747295734678,0.5856249594132,0.2278919965895998,151.970648565213,424.49856272159997,-1.0
86.16,0.0,1.0000000002165,0.07939986364344001,0.6477236296308,0.238377831852,152.929255706832,424.81055195424,-1.0
86.2,0.0,1.0000000002165,0.07216075464984001,0.70915148088,0.24903279348959995,153.911738086028,424.94054746783996,-1.0
86.24,0.0,1.0000000002165,0.06881266674030001,0.770483500848,0.24559389052719993,154.939681534035,425.1322908504,-1.0
86.28,0.0,1.0000000002165,0.06768292700342,0.8330613274716,0.24689052607040018,155.979399071806,425.25253670048,-1.0
86.32,0.0,1.0000000002165,0.06822037600446,0.8934350346276,0.2341496724719998,156.993606081755,425.28828546671997,-1.0
86.36,0.0,1.0000000002165,0.06930898444024,0.9546712233143999,0.2213524434152001,157.942728539953,425.09654208416,-1.0
86.4,0.0,1.0000000002165,0.06984369135454001,1.0150449304704,0.22310008262559977,158.961187304539,425.09004230848,-1.0
86.44,0.0,1.0000000002165,0.0701014475081,1.0736936745648,0.22563697825360007,159.925027374942,425.05429354224,-1.0
86.48,0.0,1.0000000002165,0.07257480974758,1.1348340319704,0.22642623467119982,160.732206639874,424.5310616,-1.0
86.52,0.0,1.0000000002165,0.07670987655150001,1.1948244140016,0.2286812530072,161.525322408699,424.1573244984,-1.0
86.56,0.0,1.0000000002165,0.08416286831082001,1.2553897837199999,0.2178571649943999,162.231113678441,423.62759278048,-1.0
86.6,0.0,1.0000000002165,0.09244397026562,1.3166259724068,0.1756883221112,163.093565753654,423.77058784544,-1.0
86.64,0.0,1.0000000002165,0.10293245204612,1.3767121857192,0.1325047209768,163.708761943823,423.25060579104,-1.0
86.68,0.0,1.0000000002165,0.1114795364147,1.437948374406,0.1516160013743999,164.266722975417,422.68837519472,-1.0
86.72,0.0,1.0000000002165,0.12804174032430002,1.4985137441243999,0.15832468092399976,164.729183056703,422.1098951592,-1.0
86.76,0.0,1.0000000002165,0.13630090558518002,1.5608999081855999,0.1736024301504,165.320504009295,422.09364572,-1.0
86.8,0.0,1.0000000002165,0.13819842960926002,1.6231902409655998,0.15561865892080018,165.749604169583,421.74265783327996,-1.0
86.84,0.0,1.0000000002165,0.14341113650200002,1.6855764050267998,0.15246163325039985,166.203233683546,421.69390951568,-1.0
86.88,0.0,1.0000000002165,0.15055153037296,1.7507416762427999,0.16153808205279985,166.639202062863,421.76215716032,-1.0
86.92,0.0,1.0000000002165,0.15299747174504,1.8135111654287999,0.16542798868240016,167.050968146554,421.89540256175997,-1.0
86.96,0.0,1.0000000002165,0.15350749987868,1.8779097863952,0.1672883788095998,167.424141380463,422.0773962808,-1.0
87.0,0.0,1.0000000002165,0.16091661825016002,1.9411584319872,0.16193271026159994,167.659623175743,421.96690009424,-1.0
87.04,0.0,1.0000000002165,0.16087274486232,2.00526955911,0.17382793198399993,167.976869483273,422.26588977552,-1.0
87.08,0.0,1.0000000002165,0.16082887147448,2.0692848549516,0.18538490095600002,168.148902017047,422.16514325248,-1.0
87.12,0.0,1.0000000002165,0.16243847639086,2.1328209943872,0.18521577458079985,168.263372334197,422.00589874831996,-1.0
87.16,0.0,1.0000000002165,0.16156649280754,2.1973154466348,0.17822521773919986,168.230012413199,421.44041826416,-1.0
87.2,0.0,1.0000000002165,0.16097145998496,2.2605640922268,0.1840318899544,168.251925302482,421.14792835855997,-1.0
87.24,0.0,1.0000000002165,0.1623041141406,2.325825194724,0.19925326372240004,168.46255068603799,421.524915348,-1.0
87.28,0.0,1.0000000002165,0.16280865810076,2.3902238156904,0.20038077289040013,168.633602045665,421.77190682383997,-1.0
87.32,0.0,1.0000000002165,0.16276478471292,2.4541432802508,0.20117002930799988,168.55870575244398,421.32342230192,-1.0
87.36,0.0,1.0000000002165,0.16299511999908,2.4758969810832,0.2050035604792,168.665326676418,421.4599175912,-1.0
87.4,0.0,1.0000000002165,0.16542735093746,2.5394331205188,0.20872434073360013,168.68396898521098,421.38517017088,-1.0
87.44,0.0,1.0000000002165,0.16538347754962002,2.601340128174,0.22028130970559978,168.744147666227,421.37217061952,-1.0
87.48,0.0,1.0000000002165,0.16451149396630002,2.6647804363284,0.22930138304960002,168.68887485594598,421.02443262063997,-1.0
87.52,0.0,1.0000000002165,0.1661156147092,2.7275499255144,0.22749736838080015,168.61397856272498,420.64094585552,-1.0
87.56,0.0,1.0000000002165,0.16717131810410002,2.7908944023876,0.22710274017200005,168.646030251527,420.58569776224,-1.0
87.6,0.0,1.0000000002165,0.16712470262952,2.8539513854172,0.21813904228640002,168.549548127072,420.14696290384,-1.0
87.64,0.0,1.0000000002165,0.16707808715494002,2.9169125371656,0.21943567782959983,168.539082269504,419.93572019424,-1.0
87.68,0.0,1.0000000002165,0.1684052571371,2.9799695201952,0.22101419066479977,168.496891781183,419.67572916704,-1.0
87.72,0.0,1.0000000002165,0.16973242711926,3.0423556842563997,0.22541147642000015,168.479230646537,419.48723567231997,-1.0
87.76,0.0,1.0000000002165,0.16776360883994001,3.1055084985672,0.23166915230240015,168.446197783588,419.23049453296,-1.0
87.8,0.0,1.0000000002165,0.16826815280010002,3.1682779877532,0.2278919965895998,168.456336583107,419.15249722479996,-1.0
87.84,0.0,1.0000000002165,0.17069215747826,3.2310474769392,0.2192665514544001,168.446524841637,418.92825496384,-1.0
87.88,0.0,1.0000000002165,0.17064554200368,3.2955419291868,0.2258624800872,168.41087551429598,418.68451337583997,-1.0
87.92,0.0,1.0000000002165,0.16895093239836,3.3576405994044,0.225129599128,168.537446979259,418.9412545152,-1.0
87.96,0.0,1.0000000002165,0.16945547635852,3.420697582434,0.23843420731039977,168.604820937353,418.9412545152,-1.0
88.0,0.0,1.0000000002165,0.1710513708412,3.4831795777764,0.2432824967328,168.60907269199,418.85025765567997,-1.0
88.04,0.0,1.0000000002165,0.16853961938736,3.5454699105564,0.24643952240319988,168.570806900257,418.60001629199996,-1.0
88.08,0.0,1.0000000002165,0.16547945058552002,3.6072810869303997,0.2534864547032001,168.66794314081,418.78850978672,-1.0
88.12,0.0,1.0000000002165,0.1692690144602,3.668421444336,0.24875091619759981,168.59271978953998,418.3725241432,-1.0
88.16,0.0,1.0000000002165,0.16894819031162,3.73023262071,0.2517951909512002,168.57636688709,418.23277896608,-1.0
88.2,0.0,1.0000000002165,0.16643918094452,3.7917563032404,0.25495221662160006,168.570479842208,418.10278345247997,-1.0
88.24,0.0,1.0000000002165,0.16639256546994,3.8538549734579997,0.2579964913752,168.563938681228,417.9662881632,-1.0
88.28,0.0,1.0000000002165,0.16853687730062,3.9157619811132,0.25562872212239984,168.462223627989,417.5925510616,-1.0
88.32,0.0,1.0000000002165,0.16602786793352,3.9773814949247996,0.25529046937199995,168.39059791525798,417.29356138032,-1.0
88.36,0.0,1.0000000002165,0.16379580932716,4.0393843338612,0.2624501525888001,168.28855580396998,416.9913218112,-1.0
88.4,0.0,1.0000000002165,0.16566317039710002,4.1008121851104,0.2742889988527999,168.27481936591198,416.98157214767997,-1.0
88.44,0.0,1.0000000002165,0.16534508833526002,4.1613775548288,0.2838164513224002,168.318318086429,417.19931463296,-1.0
88.48,0.0,1.0000000002165,0.1633872384029,4.2231887312028,0.2900177517464,168.28364993323498,417.27081216543996,-1.0
88.52,0.0,1.0000000002165,0.16061224662202,4.2839457634836,0.28488758503200007,168.18847604097598,417.17981530592,-1.0
88.56,0.0,1.0000000002165,0.15729157957988002,4.346427758826,0.28111042931920016,167.981775354008,416.90682472736,-1.0
88.6,0.0,1.0000000002165,0.15233388675396,4.4084305977624,0.28460570773999994,167.803201659254,416.82232764352,-1.0
88.64,0.0,1.0000000002165,0.15038152099508,4.471966737198,0.2816178084447998,167.40909671020898,416.17235007552,-1.0
88.68,0.0,1.0000000002165,0.14515784575538002,4.5353112140712,0.2763748908135999,167.041483463133,415.78561342256,-1.0
88.72,0.0,1.0000000002165,0.13857135340590002,4.5980807032571995,0.27829165639920017,166.657190255558,415.49312351696,-1.0
88.76,0.0,1.0000000002165,0.1341703041882,4.661712673974,0.2794191655671998,166.274205280179,415.44437519935997,-1.0
88.8,0.0,1.0000000002165,0.13086060549302,4.7236196816291995,0.26436691817439995,165.878792098938,415.47687407776,-1.0
88.84,0.0,1.0000000002165,0.1310991670394,4.7859100144091995,0.2592931269183998,165.433011978151,415.5451217224,-1.0
88.88,0.0,1.0000000002165,0.11989225853302,4.8502128040944,0.26650918559360015,164.966627200277,415.6913666752,-1.0
88.92,0.0,1.0000000002165,0.11277654344272,4.9117364866247994,0.2816741839032,164.358299229137,415.57437071296,-1.0
88.96,0.0,1.0000000002165,0.10130639460930001,4.9748893009356,0.2924418964575999,163.687830228687,415.49312351696,-1.0
89.0,0.0,1.0000000002165,0.09229589758166,5.036892139872,0.3087907793936,163.041236465814,415.62311903055996,-1.0
89.04,0.0,1.0000000002165,0.08437675107654001,5.10061994187,0.3224336403264001,162.239617187715,415.44437519935997,-1.0
89.08,0.0,1.0000000002165,0.07836609694246001,5.1253444124196,0.3235611494944002,161.316659373437,415.03488933152,-1.0
89.12,0.0,1.0000000002165,0.07263239356912,5.1888805518552,0.32113700478319984,160.394355675257,414.81714684624,-1.0
89.16,0.0,1.0000000002165,0.06880718256682,5.2537583292276,0.32418127953679976,159.503449549781,414.8463958368,-1.0
89.2,0.0,1.0000000002165,0.06688497976208001,5.3160486620076,0.38636341015200015,158.618430469187,414.93739269632,-1.0
89.24,0.0,1.0000000002165,0.06550571013186,5.3787223199123995,0.410604857264,157.764154845199,415.15188529375996,-1.0
89.28,0.0,1.0000000002165,0.06576072419868001,5.441012652692399,0.44589589422239984,157.114617559885,415.98710646864,-1.0
89.32,0.0,1.0000000002165,0.06492712982972,5.5018655162544,0.4694044603752001,156.395089852085,416.59483549472,-1.0
89.36,0.0,1.0000000002165,0.06708241000736001,5.5652099931276,0.4799466710960001,155.387751061165,416.19184940255997,-1.0
89.4,0.0,1.0000000002165,0.07032355653404,5.6268295069392,0.46681118928880005,154.172076293032,415.03488933152,-1.0
89.44,0.0,1.0000000002165,0.07871982613192001,5.6879698643448,0.44950392356,153.020831960552,414.04042365248,-1.0
89.48,0.0,1.0000000002165,0.09117986827848,5.7509310160932,0.4478690352663999,152.124365848243,413.6764362144,-1.0
89.52,0.0,1.0000000002165,0.10933248249728,5.812646361186,0.44420463047039993,151.182438667123,412.92571212336,-1.0
89.56,0.0,1.0000000002165,0.11988129018606,5.8761825006216,0.4577911159447998,150.517529653506,412.81196604896,-1.0
89.6,0.0,1.0000000002165,0.12445783295512,5.937897845714399,0.47492925529840013,150.08777537712,413.13045505727996,-1.0
89.64,0.0,1.0000000002165,0.12713410961336,6.0000923472132,0.4948297921135998,149.835286563292,413.72843441983997,-1.0
89.68,0.0,1.0000000002165,0.14010966406704,6.062766005118,0.5025532299143998,149.58410598166,413.96242634431997,-1.0
89.72,0.0,1.0000000002165,0.14521817166366,6.1240021938048,0.499678081536,149.255739700464,413.63093778463997,-1.0
89.76,0.0,1.0000000002165,0.14978374608576,6.1870591768344,0.5048646237088001,149.015679092498,413.2214519168,-1.0
89.8,0.0,1.0000000002165,0.15570116927068,6.248678690646,0.5089800321719999,148.92344872268,412.92571212336,-1.0
89.84,0.0,1.0000000002165,0.15241066518268,0.027695240266799998,0.5164779681392,148.889761743633,412.42197950816,-1.0
89.88,0.0,1.0000000002165,0.14695665465682,0.0921896925144,0.5156323362632,149.04707666520198,412.17498803232,-1.0
89.92,0.0,1.0000000002165,0.14637533226794,0.15361754376359998,0.5153504589711999,149.309704278549,411.88249812672,-1.0
89.96,0.0,1.0000000002165,0.14065533932830002,0.21686618935559998,0.5075706457120002,149.75744674762998,411.81100059424,-1.0
90.0,0.0,1.0000000002165,0.13331477312532,0.2792523534168,0.49843782145119997,150.304941921656,411.79475115504,-1.0
90.04,0.0,1.0000000002165,0.13355059258496002,0.3424051677276,0.48180706122320016,150.961674484048,411.79800104288,-1.0
90.08,0.0,1.0000000002165,0.10729785413620001,0.40661212613159997,0.48118693118080014,151.824126559261,412.20423702287997,-1.0
90.12,0.0,1.0000000002165,0.08241067488396,0.4693816153176,0.4801721729296,152.584209465137,411.98324464975997,-1.0
90.16,0.0,1.0000000002165,0.07455459637386,0.5340677301276,0.4854150905607999,153.425075709116,411.78500149152,-1.0
90.2,0.0,1.0000000002165,0.07048259756496,0.5973163757196,0.4907143836504,154.247626702351,411.47626214672,-1.0
90.24,0.0,1.0000000002165,0.06857410519392,0.6611400089988,0.49815594415919984,155.148998685395,411.25851966144,-1.0
90.28,0.0,1.0000000002165,0.06774599499844,0.7260177863712,0.4968029331575998,156.100737607985,411.13177403568,-1.0
90.32,0.0,1.0000000002165,0.06826699147904,0.788691444276,0.4736326197551999,157.048224775938,410.97577941936,-1.0
90.36,0.0,1.0000000002165,0.06932817904742,0.8530900652423999,0.45734011227759996,157.901846283828,410.4427978136,-1.0
90.4,0.0,1.0000000002165,0.06904025993972,0.9163387108344,0.44691065247359996,158.762008952698,410.00406295519997,-1.0
90.44,0.0,1.0000000002165,0.06902106533254,0.9776707308024,0.44764353343279994,159.602548138628,409.48083101296,-1.0
90.48,0.0,1.0000000002165,0.07196880857804,1.0413985328004,0.45796024232,160.343334619613,408.79185479088,-1.0
90.52,0.0,1.0000000002165,0.07733781441496,1.1035930342992,0.46015888519759995,161.114537499155,408.34012038111996,-1.0
90.56,0.0,1.0000000002165,0.08324426925292,1.1675124988596,0.4534502056480001,161.98353073534798,408.34012038111996,-1.0
90.6,0.0,1.0000000002165,0.08887651541688,1.2305694818892,0.4126907492248,162.729223087068,408.13537744719997,-1.0
90.64,0.0,1.0000000002165,0.10177803352858,1.294201452606,0.3809513661456001,163.699604318451,408.69760804352,-1.0
90.68,0.0,1.0000000002165,0.11224732070190001,1.3587917361347999,0.39126807503280014,164.411609691124,408.65210961376,-1.0
90.72,0.0,1.0000000002165,0.11410097133814001,1.4223278755703999,0.40372705133919995,165.115438612572,408.8178538936,-1.0
90.76,0.0,1.0000000002165,0.11568589747386,1.4874931467863999,0.41590415035360007,165.724747757859,408.86985209904,-1.0
90.8,0.0,1.0000000002165,0.12802528780386,1.55007097341,0.4078424598024002,166.073391638093,408.25237340944,-1.0
90.84,0.0,1.0000000002165,0.12906728076506,1.6138946066892,0.4000062710847998,166.440023711022,407.8916358592,-1.0
90.88,0.0,1.0000000002165,0.1333339677325,1.6796348655923998,0.3953271080376002,166.821046338107,407.80713877536,-1.0
90.92,0.0,1.0000000002165,0.13813536161424,1.7418293670912,0.39825863187440014,167.159878476871,407.69014281311996,-1.0
90.96,0.0,1.0000000002165,0.14750232991808002,1.8059404942139998,0.4015847839200002,167.47908713269499,407.70314236447996,-1.0
91.0,0.0,1.0000000002165,0.15175804853856,1.8676558393068,0.40243041579600014,167.762973519227,407.72264169152,-1.0
91.04,0.0,1.0000000002165,0.15332926424058002,1.9311919787424,0.40959009901279986,168.08577981359,408.00863182143996,-1.0
91.08,0.0,1.0000000002165,0.16080419269382001,1.9925239987104,0.4010210293359999,167.949723665206,406.97191760047997,-1.0
91.12,0.0,1.0000000002165,0.16103178589324002,2.0528018745852,0.3964546172055998,167.756105300198,405.77595887536,-1.0
91.16,0.0,1.0000000002165,0.16259751742178,2.1160505201772,0.40378342679760015,167.87319208174,405.762959324,-1.0
91.2,0.0,1.0000000002165,0.16228491953342,2.1774783714264,0.4121833700991999,168.18847604097598,406.43243621903997,-1.0
91.24,0.0,1.0000000002165,0.16090016572972002,2.2413978359868,0.4101538535968001,168.55478105585598,407.31965559936,-1.0
91.28,0.0,1.0000000002165,0.16246589725826002,2.3039756626103998,0.4073914561351999,168.804980463341,407.84288754159996,-1.0
91.32,0.0,1.0000000002165,0.16376290428628001,2.3631993943919998,0.37689233314080006,168.343501556202,406.06194900528,-1.0
91.36,0.0,1.0000000002165,0.16318432398414,2.4271188589524,0.3975821263735999,168.229031239052,405.52246762384,-1.0
91.4,0.0,1.0000000002165,0.16367515751060002,2.4874925661083997,0.41658065585439985,168.320607492772,405.64271347391997,-1.0
91.44,0.0,1.0000000002165,0.16550687145292,2.574028213032,0.43929996558959994,168.639162032498,406.50068386367997,-1.0
91.48,0.0,1.0000000002165,0.16412211764922002,2.6355518955623998,0.4366503190448001,168.569498668061,406.13019664992,-1.0
91.52,0.0,1.0000000002165,0.16488167567620002,2.6972672406552,0.4401455974655999,168.635891452008,406.15619575264,-1.0
91.56,0.0,1.0000000002165,0.16617594061748,2.7618575241839998,0.4433026231359998,168.571788074404,405.79220831456,-1.0
91.6,0.0,1.0000000002165,0.16720148105824,2.8221354000587997,0.44234424034319986,168.46516715043,405.30797502639996,-1.0
91.64,0.0,1.0000000002165,0.1666229007561,2.8874923338372,0.44144223300880014,168.328783943997,404.73274487872,-1.0
91.68,0.0,1.0000000002165,0.16684500978204,2.9493993414924,0.45187169281280015,168.67775488228,405.74345999696,-1.0
91.72,0.0,1.0000000002165,0.1684052571371,3.0108271927416,0.44409187955359997,168.492312968497,404.96348691535997,-1.0
91.76,0.0,1.0000000002165,0.16755795233444,3.0756091388328,0.44521938872160005,168.387654392817,404.47600373936,-1.0
91.8,0.0,1.0000000002165,0.16671064753178,3.13607867727,0.44865829168400007,168.427882532844,404.47275385152,-1.0
91.84,0.0,1.0000000002165,0.16826815280010002,3.201243948486,0.4550850939415998,168.283322875186,403.90727336736,-1.0
91.88,0.0,1.0000000002165,0.17036036498272,3.2646842566404,0.4690098321664,168.520112902662,404.49225317855996,-1.0
91.92,0.0,1.0000000002165,0.16818040602442,3.3261121078895997,0.46979908858399977,168.66369138617299,404.78149319632,-1.0
91.96,0.0,1.0000000002165,0.16786780813606,3.3908940539807997,0.4746473780064,168.677427824231,404.68399656112,-1.0
92.0,0.0,1.0000000002165,0.16942257131764002,3.4509802672932,0.4798339201792001,168.761481742824,404.787992972,-1.0
92.04,0.0,1.0000000002165,0.16804604377416002,3.5163372010716,0.4657400555792002,168.69770542326899,404.48900329072,-1.0
92.08,0.0,1.0000000002165,0.16560010240208,3.5785317025704,0.46111726799039987,168.53384934072,403.80652684432,-1.0
92.12,0.0,1.0000000002165,0.16742084799744,3.640151216382,0.45598710127599995,168.395830844042,403.23129669664,-1.0
92.16,0.0,1.0000000002165,0.16870962876524,3.7064664629724,0.44161135938399987,167.964114219362,401.72009885104,-1.0
92.2,0.0,1.0000000002165,0.16653241189368,3.766648507566,0.46438704457760016,168.113579747755,402.10358561616,-1.0
92.24,0.0,1.0000000002165,0.16542460885072,3.8314304536572,0.4791574146783999,168.511609393388,403.28979467775997,-1.0
92.28,0.0,1.0000000002165,0.16617868270422,3.8935291238747998,0.49787406686720015,168.594028021736,403.43928951839996,-1.0
92.32,0.0,1.0000000002165,0.16586882690260002,3.9562027817796,0.45564884852560006,168.051111660396,401.63885165504,-1.0
92.36,0.0,1.0000000002165,0.16396033453156,4.0216555468392,0.4752675080488,167.941220155932,401.32036264672,-1.0
92.4,0.0,1.0000000002165,0.1641824435575,4.0810709411832,0.5123625596760002,168.237207690277,402.35382697984,-1.0
92.44,0.0,1.0000000002165,0.16573446465234,4.1445112493376,0.5200296220184,168.40629670161,402.94205667887996,-1.0
92.48,0.0,1.0000000002165,0.16382871436804,4.2072807385235995,0.49815594415919984,168.182916054143,402.37332630687996,-1.0
92.52,0.0,1.0000000002165,0.16139374134292,4.2696669025848,0.49877607420159986,167.909822583228,401.7980961592,-1.0
92.56,0.0,1.0000000002165,0.16188183278264,4.3352154989256,0.5003545870367998,167.754142951904,401.71034918751997,-1.0
92.6,0.0,1.0000000002165,0.15227081875894,4.3951100496755995,0.5054847537512002,167.691020748447,401.96059055119997,-1.0
92.64,0.0,1.0000000002165,0.14745023027002002,4.4593170080796,0.5130954406352002,167.526837607849,402.06133707424,-1.0
92.68,0.0,1.0000000002165,0.13970657731626002,4.519882377798,0.5235249004392002,167.481703597087,402.675565876,-1.0
92.72,0.0,1.0000000002165,0.1409981001708,4.5825560357028,0.5183947337247998,166.90837083719,401.79159638351996,-1.0
92.76,0.0,1.0000000002165,0.13087431592672,4.646762994106799,0.5139410725112001,166.492025940813,401.55760445903996,-1.0
92.8,0.0,1.0000000002165,0.13110465121288,4.7066575448567995,0.5145048270952,166.042321123438,401.46010782383996,-1.0
92.84,0.0,1.0000000002165,0.12868064653472,4.7721103099164,0.5172672245568002,165.479454221109,401.14486870336,-1.0
92.88,0.0,1.0000000002165,0.12599340152952002,4.8340173175715995,0.5136591952192,165.095815129632,401.61285255231996,-1.0
92.92,0.0,1.0000000002165,0.11429291740994,4.8971701318824,0.5310228364063998,164.523790601931,401.64860131856,-1.0
92.96,0.0,1.0000000002165,0.10127348956842,4.9624312343796,0.5136028197607998,163.666898513551,400.91087677888,-1.0
93.0,0.0,1.0000000002165,0.08984995620958,5.0232840979416,0.5247087850656,162.779590026614,400.30639764064,-1.0
93.04,0.0,1.0000000002165,0.08426158343346,5.0880660440328,0.5594360674400001,162.236346607225,400.94012576944,-1.0
93.08,0.0,1.0000000002165,0.07788074758948,5.168947645365599,0.5682870144088001,161.41216032374498,400.86212846128,-1.0
93.12,0.0,1.0000000002165,0.07256384140062,5.2332504350508,0.5786037232960002,160.505555411917,400.67038507871996,-1.0
93.16,0.0,1.0000000002165,0.06936656826178,5.2960199242368,0.5369986349968001,159.429534430707,400.0431567256,-1.0
93.2,0.0,1.0000000002165,0.06723048269132001,5.35696861908,0.5747138166663999,158.549421220848,400.238149996,-1.0
93.24,0.0,1.0000000002165,0.0650971392076,5.4229005405456,0.6013794084896,157.410932152279,399.51667489552,-1.0
93.28,0.0,1.0000000002165,0.06613639008206,5.4849992107632,0.6114142400847999,156.265247806632,398.81144923424,-1.0
93.32,0.0,1.0000000002165,0.06770760578408,5.5504519758228,0.6432663740807998,155.285381891828,398.60020652464,-1.0
93.36,0.0,1.0000000002165,0.07086100553508,5.613796452696,0.6640125427719998,154.494882587395,398.93494497216,-1.0
93.4,0.0,0.0,0.07560207350854001,5.6753201352264,0.6518918192159999,153.543470722854,398.67820383279997,-1.0
93.44,0.0,0.0,0.08086688004934,5.7383771182559995,0.6505951836728001,152.751336128176,398.81144923424,-1.0
93.48,0.0,0.0,0.09828187293508,5.7986549941308,0.6756258872024001,152.077269489187,399.09418947631997,-1.0
93.52,0.0,0.0,0.11674708504224,5.8637244340656,0.6679024494016002,151.093478877795,398.11272334864,-1.0
93.56,0.0,0.0,0.12595775440190002,5.92716474222,0.6864499752151998,150.336012436311,397.69023792944,-1.0
93.6,0.0,0.0,0.12724379308296,5.9885925934692,0.7063505120303999,149.904295811631,398.03797592832,-1.0
93.64,0.0,0.0,0.13222616468954002,6.0537578646852,0.721233633048,149.625642353883,398.53195888,-1.0
93.68,0.0,0.0,0.14511945654102001,6.114323234403599,0.7354966240232002,149.28648315707,398.53195888,-1.0
93.72,0.0,0.0,0.14718973202972002,6.179680168182,0.7355529994815999,148.961714514413,398.22971931088,-1.0
93.76,0.0,0.0,0.15321683868424002,6.2428329824928,0.7352711221895998,148.823696017735,398.17122132976,-1.0
93.8,0.0,0.0,0.15106704268008,0.0211787131452,0.7236014023008002,148.431553416984,396.8582666424,-1.0
93.84,0.0,0.0,0.14153829125858,0.0861523217988,0.7363422558992001,148.562376636584,396.98176238032,-1.0
93.88,0.0,0.0,0.13623235341668,0.148059329454,0.7413032962383999,148.765806743062,397.0207610344,-1.0
93.92,0.0,0.0,0.13461452224008,0.21351209451359998,0.7432200618240001,149.28321257657998,397.67398849024,-1.0
93.96,0.0,0.0,0.1285216055038,0.276473246262,0.7492522358727998,149.977229756558,398.59370674895996,-1.0
94.0,0.0,0.0,0.12638277784660001,0.3380927600736,0.7356657503983999,150.496924996419,398.57745730976,-1.0
94.04,0.0,0.0,0.12082182593788,0.4022997184776,0.7238269041344001,150.882199378141,397.85923209712,-1.0
94.08,0.0,0.0,0.11263121284550001,0.4621942692276,0.7032498618183998,151.565096584453,397.88848108767996,-1.0
94.12,0.0,0.0,0.08734643101596,0.5272637091624,0.6910727628040001,152.448807432851,398.25896830144,-1.0
94.16,0.0,0.0,0.07943276868432,0.588883222974,0.7083236530743999,153.231457344108,398.13222267568,-1.0
94.2,0.0,0.0,0.07099536778534,0.650215242942,0.7140739498311999,154.044523653922,397.85273232144,-1.0
94.24,0.0,0.0,0.06808601375420001,0.7137513823775999,0.7080417757823998,154.864785240814,397.47249544415996,-1.0
94.28,0.0,0.0,0.06649011927152,0.772879282878,0.687126480716,155.756018424339,397.29375161295997,-1.0
94.32,0.0,0.0,0.06647366675108,0.8384278792188,0.676697020912,156.91674744024,397.9957273864,-1.0
94.36,0.0,0.0,0.0696078718949,0.9002390555927999,0.666267561108,157.995711943891,398.37921415152,-1.0
94.4,0.0,0.0,0.06985191761476,0.9622418945292,0.6677333230264,158.950721446971,398.29796695552,-1.0
94.44,0.0,0.0,0.06930898444024,1.0252988775588,0.6741601252840002,159.797801793881,397.98272783504,-1.0
94.48,0.0,0.0,0.0729669281514,1.0858642472772,0.6835748268368,160.727627827188,398.01847660128,-1.0
94.52,0.0,0.0,0.07688262801612,1.151412843618,0.7014458471495999,161.507661274053,397.73573635919996,-1.0
94.56,0.0,0.0,0.08341976280428,1.2130323574296,0.677542652788,162.136266844231,397.14100688447996,-1.0
94.6,0.0,0.0,0.09257833251588,1.2753226902096,0.6353738099048001,162.990869526268,397.39124824815997,-1.0
94.64,0.0,0.0,0.09884674280352,1.3384755045204,0.5940505988976001,163.717592511146,397.33600015487997,-1.0
94.68,0.0,0.0,0.11585864893848001,1.3992325368012,0.6053820660359999,164.45968722432698,397.50174443471997,-1.0
94.72,0.0,0.0,0.12290306977354001,1.4639186516112,0.6077498352888,165.131464456973,397.71623703216,-1.0
94.76,0.0,0.0,0.12732605568516,1.5255381654228,0.6133873811288,165.638077374874,397.56349230368,-1.0
94.8,0.0,0.0,0.12834062777896002,1.58840348589,0.5970384981927999,166.076008102485,397.38799836032,-1.0
94.84,0.0,0.0,0.13668479772878,1.6518437940444,0.5988988883199999,166.506416494969,397.4269970144,-1.0
94.88,0.0,0.0,0.14162329594752002,1.7155715960423998,0.6023377912824,167.014664703115,397.81048377952,-1.0
94.92,0.0,0.0,0.14184814706020002,1.780545204696,0.6074679579967999,167.342376868213,397.82348333088,-1.0
94.96,0.0,0.0,0.15384751863444002,1.8422605497887998,0.608482716248,167.57556925715,397.6707386024,-1.0
95.0,0.0,0.0,0.15929878707356002,1.9051258702559999,0.6060585715368001,167.77507466704,397.5894914064,-1.0
95.04,0.0,0.0,0.16030239082040001,1.9686620096915999,0.6021122894488,167.937949575442,397.53424331312,-1.0
95.08,0.0,0.0,0.16078499808664,2.0322939804084,0.6027887949495998,168.15446200387998,397.7032374808,-1.0
95.12,0.0,0.0,0.16230959831408,2.0969800952184,0.6031834231583999,168.22445242636599,397.56024241584,-1.0
95.16,0.0,0.0,0.16226846701298,2.1596537531232,0.597207624568,168.32158866691898,397.55374264016,-1.0
95.2,0.0,0.0,0.16170359714454,2.2229023987152,0.6063968242872,168.37359089671,397.50174443471997,-1.0
95.24,0.0,0.0,0.16244396056434002,2.2851927314952,0.618066544176,168.41872490747198,397.47249544415996,-1.0
95.28,0.0,0.0,0.16370806255148002,2.3479622206812,0.6107941100423999,168.395503785993,397.26775251024,-1.0
95.32,0.0,0.0,0.16314319268304,2.4123608416476,0.5928103388128001,168.39256026355199,397.16050621152,-1.0
95.36,0.0,0.0,0.1628388210549,2.4745553431464,0.5941633498144001,168.52959758608299,397.53099342528,-1.0
95.4,0.0,0.0,0.16383968271500002,2.5258250785884,0.6034089249919998,168.61234327248,397.7682352376,-1.0
95.44,0.0,0.0,0.1653615408557,2.5865821108692,0.6128236265448002,168.739568853541,398.14522222704,-1.0
95.48,0.0,0.0,0.16427567450666,2.6491599374928,0.6123726228775999,168.725832415483,398.08347435807997,-1.0
95.52,0.0,0.0,0.16501603792646,2.713462727178,0.6166007822576001,168.74643707257,398.1419723392,-1.0
95.56,0.0,0.0,0.16705889254776002,2.7761363850828,0.6125981247111998,168.635891452008,397.72598669568,-1.0
95.6,0.0,0.0,0.16701501915992,2.8389058742688,0.6140075111712,168.691164262289,397.96647839584,-1.0
95.64,0.0,0.0,0.16671064753178,2.90129203833,0.6123162474192001,168.634583219812,397.75523568624,-1.0
95.68,0.0,0.0,0.16692727238424002,2.9633907085475997,0.6100612290831999,168.633929103714,397.77148512544,-1.0
95.72,0.0,0.0,0.1692278831591,3.0279809920764,0.6115833664600001,168.59664448612799,397.65123927536,-1.0
95.76,0.0,0.0,0.16762102032946,3.0903671561376,0.6110196118759998,168.543988140239,397.45624600496,-1.0
95.8,0.0,0.0,0.16679565222072001,3.1530408140424,0.6103431063752001,168.58290804807,397.63173994832,-1.0
95.84,0.0,0.0,0.17013551387004,3.2152353155411997,0.6076934598303998,168.568844551963,397.56674219152,-1.0
95.88,0.0,0.0,0.17035213872250002,3.2790589488204,0.6022250403656,168.485444749468,397.29050172512,-1.0
95.92,0.0,0.0,0.1684875197393,3.3437450636304,0.6005901520719998,168.511282335339,397.35874936976,-1.0
95.96,0.0,0.0,0.16818314811116,3.4063228902539997,0.5951781080655998,168.451430712372,397.16375609936,-1.0
96.0,0.0,0.0,0.17073877295284,3.4694757045648,0.5939942234391999,168.345463904496,396.825767764,-1.0
96.04,0.0,0.0,0.16835589957578,3.5318618686259997,0.5897660640592002,168.310795751302,396.71202168959996,-1.0
96.08,0.0,0.0,0.16571527004516,3.5939605388436,0.5959673644832,168.396812018189,397.01101137088,-1.0
96.12,0.0,0.0,0.16904690543426001,3.6585508223724,0.6021122894488,168.429844881138,397.10525811824,-1.0
96.16,0.0,0.0,0.16874253380612,3.7195953484968,0.6034653004504,168.445216609441,397.17675565072,-1.0
96.2,0.0,0.0,0.1666229007561,3.7826523315264,0.6063968242872,168.448487189931,397.19300508992,-1.0
96.24,0.0,0.0,0.16554251858054,3.8456134832748,0.6064531997456002,168.414473152835,397.1020082304,-1.0
96.28,0.0,0.0,0.16809265924874,3.9076163222112,0.6004774011551999,168.35854622645599,397.0207610344,-1.0
96.32,0.0,0.0,0.16597576828546,3.9709607990844,0.6034653004504,168.377842651347,397.15725632368,-1.0
96.36,0.0,0.0,0.16411663347574001,4.0322928190524,0.6052129396608001,168.406623759659,397.41724735087996,-1.0
96.4,0.0,0.0,0.1643332583282,4.0955414646444,0.6159806522152,168.464513034332,397.7682352376,-1.0
96.44,0.0,0.0,0.16532863581482002,4.1566818220499995,0.6198705588447999,168.369339142073,397.6869880416,-1.0
96.48,0.0,0.0,0.16399049748570002,4.2187804922676,0.6138383847959998,168.163619629252,397.36524914544,-1.0
96.52,0.0,0.0,0.161097595975,4.2826041255468,0.6088773444568001,167.999109430605,397.232003744,-1.0
96.56,0.0,0.0,0.15743142600362,4.3446069644832,0.6064531997456002,167.834272173909,397.25800284672,-1.0
96.6,0.0,0.0,0.15273148933126002,4.4081431039188,0.6086518426232002,167.637383228411,397.26125273456,-1.0
96.64,0.0,0.0,0.14777379650534,4.4704334366988,0.6099484781664,167.518007040526,397.63823972399996,-1.0
96.68,0.0,0.0,0.14540737564872,4.5343529012592,0.6109068609591999,167.187678411036,397.49524465904,-1.0
96.72,0.0,0.0,0.13424708261692,4.5968348966015995,0.6191376778855999,166.92112610110098,397.69998759296,-1.0
96.76,0.0,0.0,0.12981587044508,4.6582627478508,0.6107377345840002,166.736665361465,398.39871347856,-1.0
96.8,0.0,0.0,0.12849144254966,4.72208638113,0.6026196685744001,166.243461823573,398.23296919872,-1.0
96.84,0.0,0.0,0.1256149935594,4.7825559195672,0.5727970510808,165.743063008603,398.30121684336,-1.0
96.88,0.0,0.0,0.11731195491068,4.8479128533455995,0.5707675345783998,165.284854681954,398.65870450576,-1.0
96.92,0.0,0.0,0.11314946723936001,4.911832317906,0.5717822928295999,164.438101393093,397.92422985392,-1.0
96.96,0.0,0.0,0.09685050365680001,4.9743143132484,0.5620857139847999,163.399692087518,396.86151653024,-1.0
97.0,0.0,0.0,0.08598087181944,5.0391920906208,0.5792802287968,162.479350737632,396.25378750415996,-1.0
97.04,0.0,0.0,0.079246306786,5.1018657485256,0.6031834231583999,161.721557238099,396.36103380288,-1.0
97.08,0.0,0.0,0.07561304185550001,5.152847990124,0.6110196118759998,161.092951667921,397.01751114655997,-1.0
97.12,0.0,0.0,0.07094875231076,5.2168632859656,0.6208289416375998,160.32796289131,397.394498136,-1.0
97.16,0.0,0.0,0.06964077693578001,5.2791536187456,0.6172209123000001,159.421030921433,397.43999656576,-1.0
97.2,0.0,0.0,0.06678626463944,5.3436480709932,0.6370650736568,158.444435587119,397.36849903328,-1.0
97.24,0.0,0.0,0.06522327519764,5.4065133914603996,0.667113192984,157.410278036181,397.1345071088,-1.0
97.28,0.0,0.0,0.06494906652364,5.4685162303968,0.6844768341712002,156.46213675213,397.17350576288,-1.0
97.32,0.0,0.0,0.06519037015676,5.5321482011136,0.7145813289567999,155.592816457888,397.47899521984,-1.0
97.36,0.0,0.0,0.06929527400654001,5.593671883643999,0.7206135030056,154.729710266577,397.77148512544,-1.0
97.4,0.0,0.0,0.0739129480767,5.6571121917984,0.7142430762064,153.866277017217,397.90148063903996,-1.0
97.44,0.0,0.0,0.08007167489474,5.7181567179228,0.7093384113256,153.038820153247,398.07372469456,-1.0
97.48,0.0,0.0,0.08468386479142001,5.779680400453199,0.71728735096,152.49884731434798,398.96744385055996,-1.0
97.52,0.0,0.0,0.10885261731778001,5.8430248773264,0.7217973876319999,151.714889170895,398.8406982248,-1.0
97.56,0.0,0.0,0.12477591501696,5.904261066013199,0.7203880011720001,150.937472188422,398.49946000159997,-1.0
97.6,0.0,0.0,0.13297201228282002,5.9677013741676,0.7382590214847999,150.327508927037,398.4182128056,-1.0
97.64,0.0,0.0,0.13756774965906002,6.03018336951,0.7587796883424001,149.959241563863,398.8244487856,-1.0
97.68,0.0,0.0,0.14010417989356,6.091802883321599,0.7610347066783998,149.702828053447,399.2144353264,-1.0
97.72,0.0,0.0,0.14649324199776,6.155339022757199,0.7731554302344001,149.48533445086198,399.40292882112,-1.0
97.76,0.0,0.0,0.1572449641053,6.2167668740063995,0.7679125126031998,149.298911362932,399.28918274672,-1.0
97.8,0.0,0.0,0.15720657489094,6.2803030134419995,0.7625568440552,149.148791718441,398.94469463568,-1.0
97.84,0.0,0.0,0.15305505556658,0.059990382031199996,0.7793003552000002,149.114777681345,398.63920517872,-1.0
97.88,0.0,0.0,0.14300256557774002,0.12343069018559999,0.7804842398264,149.24723619118998,398.46046134752,-1.0
97.92,0.0,0.0,0.13783373207284,0.1871584921836,0.7812734962439998,149.437583975708,398.0932240216,-1.0
97.96,0.0,0.0,0.13240988450112,0.24849051215159998,0.7657138697255998,149.748616180307,397.74223613488,-1.0
98.0,0.0,0.0,0.13186146715312,0.311930820306,0.7548334062544,150.202899810368,397.58624151856,-1.0
98.04,0.0,0.0,0.12054487517714,0.3748919720544,0.7413596716968001,150.82692656786,397.65448916319997,-1.0
98.08,0.0,0.0,0.11282041683056,0.43689481099079996,0.7247852869272,151.600418853745,397.93072962959997,-1.0
98.12,0.0,0.0,0.0879250113181,0.50071844427,0.7153142099159999,152.363118224013,397.92097996608,-1.0
98.16,0.0,0.0,0.07944647911802001,0.562529620644,0.7158215890416,153.131704639163,397.69998759296,-1.0
98.2,0.0,0.0,0.07276401373264,0.6263532539232,0.7149759571656,153.949022703614,397.50174443471997,-1.0
98.24,0.0,0.0,0.06813537131552,0.6894102369528,0.7189786147119999,154.827500623228,397.33275026704,-1.0
98.28,0.0,0.0,0.06632559406712,0.7517005697328,0.7092256604088001,155.73933846384,397.20925452911996,-1.0
98.32,0.0,0.0,0.06451581681872,0.8154283717308,0.6938915357240001,156.709719695223,397.26450262239996,-1.0
98.36,0.0,0.0,0.06757050144708,0.8772395481048,0.6790084147063999,157.738644317377,397.44974622928,-1.0
98.4,0.0,0.0,0.06908961750104001,0.9413506752276,0.6728071142824001,158.774764216609,397.72923658352,-1.0
98.44,0.0,0.0,0.06932817904742,1.0030660203204,0.6818835630848001,159.789625342656,397.92097996608,-1.0
98.48,0.0,0.0,0.0731451637895,1.0653563531004,0.6974995650615998,160.720105492061,397.97297817151997,-1.0
98.52,0.0,0.0,0.07696214853158001,1.1295633115044,0.7016713489831998,161.54331060139398,397.80723389167997,-1.0
98.56,0.0,0.0,0.0840998003158,1.1927161258152,0.6911855137208001,162.360301607796,397.77148512544,-1.0
98.6,0.0,0.0,0.09251252243412,1.2566355903756,0.6520609455912001,163.146222099543,397.82673321872,-1.0
98.64,0.0,0.0,0.10577325390876001,1.3209383800607999,0.5974331264016,164.029932947941,398.26871796496,-1.0
98.68,0.0,0.0,0.11443276383368,1.3831328815596,0.6115833664600001,164.595416314662,397.8657318728,-1.0
98.72,0.0,0.0,0.11465761494636001,1.4469565148388,0.6054948169527998,165.21093956288,397.88523119984,-1.0
98.76,0.0,0.0,0.12739460785366,1.5094385101812,0.6128236265448002,165.64592676805,397.51149409824,-1.0
98.8,0.0,0.0,0.12965682941416,1.5723038306483998,0.6035780513672,166.04820816832,397.21250441696,-1.0
98.84,0.0,0.0,0.12936891030646,1.6362232952087998,0.6061713224536001,166.535197603281,397.3782486968,-1.0
98.88,0.0,0.0,0.13826423969102,1.6997594346443998,0.6122598719607999,167.044099927525,397.83648288224,-1.0
98.92,0.0,0.0,0.13976141905106002,1.7634872366424,0.616939035008,167.433626063884,398.00872693776,-1.0
98.96,0.0,0.0,0.14558835337356002,1.8263525571096,0.6140075111712,167.721110088955,398.0607251432,-1.0
99.0,0.0,0.0,0.14784509076058,1.8890262150144,0.6133310056703998,167.93206253056,398.0119768256,-1.0
99.04,0.0,0.0,0.15927685037964,1.9531373421372,0.6115833664600001,168.126007953617,398.03147615264,-1.0
99.08,0.0,0.0,0.16101807545954,2.0144693621052,0.6087645935400001,168.193381911711,397.77798490111996,-1.0
99.12,0.0,0.0,0.16123195822526,2.0781971641031998,0.6155860240064,168.310468693253,397.74548602272,-1.0
99.16,0.0,0.0,0.16221088319144,2.1406791594456,0.6167135331744,168.352986239623,397.6057408456,-1.0
99.2,0.0,0.0,0.16191473782352,2.2028736609444,0.6149658939639999,168.444562493343,397.65123927536,-1.0
99.24,0.0,0.0,0.16110856432196,2.2666972942236,0.6168262840912,168.458953047499,397.50174443471997,-1.0
99.28,0.0,0.0,0.16259477533504002,2.3279334829104,0.6151350203392001,168.454047176764,397.36849903328,-1.0
99.32,0.0,0.0,0.16306367216758,2.391469622346,0.6116397419183999,168.384383812327,397.0370104736,-1.0
99.36,0.0,0.0,0.16302254086648002,2.4533766300012,0.6111887382512,168.360835632799,396.9395138384,-1.0
99.4,0.0,0.0,0.16501329583972002,2.5287000170244,0.6097229763328,168.366395619632,396.9232643992,-1.0
99.44,0.0,0.0,0.16522717860544,2.5907028559608,0.6125981247111998,168.422322546011,397.08250890336,-1.0
99.48,0.0,0.0,0.16442100510388,2.65213070721,0.6137820093376001,168.464840092381,397.20925452911996,-1.0
99.52,0.0,0.0,0.16488715984968,2.7157626779268,0.6177282914256002,168.45960716359698,397.16375609936,-1.0
99.56,0.0,0.0,0.16687791482292,2.7778613481444,0.6122034965024001,168.382421464033,396.93301406271996,-1.0
99.6,0.0,0.0,0.16683678352182002,2.8405350060492,0.6088773444568001,168.34088509181,396.78676910992,-1.0
99.64,0.0,0.0,0.16679291013398,2.9043586393283998,0.6021122894488,168.298040487391,396.65027382064,-1.0
99.68,0.0,0.0,0.16675177883288,2.9658823218587997,0.5998572711127999,168.31799102838,396.69902213823997,-1.0
99.72,0.0,0.0,0.16924707776628,3.0297059551379997,0.6015485348648002,168.339576859614,396.75102034368,-1.0
99.76,0.0,0.0,0.16768134623774,3.091996287918,0.5995190183624,168.345136846447,396.78026933423996,-1.0
99.8,0.0,0.0,0.16662564284284,3.1549574396663997,0.5978841300687998,168.368030909877,396.825767764,-1.0
99.84,0.0,0.0,0.16987775771648,3.2188769042268,0.6017176612399999,168.420360197717,397.01426125872,-1.0
99.88,0.0,0.0,0.17034117037554,3.2821255498188,0.6025069176576001,168.410221398198,396.96551294112,-1.0
99.92,0.0,0.0,0.16852590895366001,3.3461408456604,0.6018867876152001,168.407604933806,396.97851249248,-1.0
99.96,0.0,0.0,0.16797474951892,3.4083353471591997,0.5995190183624,168.408586107953,396.99801181952,-1.0
100.0,0.0,0.0,0.17046730636558,3.4712964989076,0.6034089249919998,168.33761451132,396.7770194464,-1.0
100.04,0.0,0.0,0.16839703087688002,3.535215963468,0.6045364341599999,168.299021661538,396.67627292336,-1.0
100.08,0.0,0.0,0.16582221142802,3.5969313085607997,0.5988988883199999,168.364106213289,396.85176686671997,-1.0
100.12,0.0,0.0,0.16881931223484,3.6609466044023997,0.6010411557392001,168.371301490367,396.8745160816,-1.0
100.16,0.0,0.0,0.168775438847,3.7232369371823997,0.6024505421991999,168.366068561583,396.86476641807997,-1.0
100.2,0.0,0.0,0.16670790544504002,3.7861022576496,0.6018304121567999,168.451757770421,397.14425677232,-1.0
100.24,0.0,0.0,0.16515040017672,3.849063409398,0.6053820660359999,168.673503127643,397.8982307512,-1.0
100.28,0.0,0.0,0.16763473076316002,3.9106829232096,0.6107941100423999,168.63163969737099,397.78123478896,-1.0
100.32,0.0,0.0,0.16607722549484,3.9743148939263997,0.6125981247111998,168.568190435865,397.69673770512,-1.0
100.36,0.0,0.0,0.1642647061597,4.0367010579875995,0.6042545568679998,168.450449538225,397.48224510768,-1.0
100.4,0.0,0.0,0.16523540486566002,4.1002371974231995,0.6061149469951999,168.35854622645599,397.37499880896,-1.0
100.44,0.0,0.0,0.16544654554464,4.1621442050784,0.6058330697032002,168.236880632228,397.22225408048,-1.0
100.48,0.0,0.0,0.1641413122564,4.2242428752959995,0.5893714358504001,168.057979879425,396.95251338976,-1.0
100.52,0.0,0.0,0.16182699104784,4.2881623398564,0.5872855438896001,167.923886079335,396.9557632776,-1.0
100.56,0.0,0.0,0.15749723608538002,4.3495901911056,0.6069042034128,167.914728453963,397.42374712656,-1.0
100.6,0.0,0.0,0.15291520914284001,4.4129346679788,0.6010975311975999,167.753161777757,397.54399297663997,-1.0
100.64,0.0,0.0,0.14404730062568,4.4751291694776,0.6079189616640002,167.74629355872798,398.30446673119997,-1.0
100.68,0.0,0.0,0.14022757379686002,4.5364611894456,0.6081444634976001,167.477778900499,398.369464488,-1.0
100.72,0.0,0.0,0.13186969341334,4.6000931601624,0.6207725661792001,167.197490152506,398.55145820704,-1.0
100.76,0.0,0.0,0.13133224441230001,4.6628626493484,0.603690802284,166.6107480126,397.91123030256,-1.0
100.8,0.0,0.0,0.13129933937142002,4.72687794519,0.6014357839479998,165.969060120462,397.2970015008,-1.0
100.84,0.0,0.0,0.12421378723526001,4.7907015784692,0.5946143534816,165.407828508378,397.12475744528,-1.0
100.88,0.0,0.0,0.11889139687292001,4.8530877425304,0.5985606355696,165.222386594595,398.38246403936,-1.0
100.92,0.0,0.0,0.11155905693016001,4.9174863634968,0.5913445768944001,164.314473450571,397.48224510768,-1.0
100.96,0.0,0.0,0.10095540750658001,4.9775725768092,0.6107941100423999,163.68423259014799,397.66423882672,-1.0
101.0,0.0,0.0,0.09413583778420001,5.03832960909,0.6270302420616001,163.25513242986,398.69770315984,-1.0
101.04,0.0,0.0,0.08606039233490001,5.1013865921196,0.6474945334608,162.441084945899,398.52870899216,-1.0
101.08,0.0,0.0,0.07899403480592,5.1524646649992,0.6500878045472,161.653856221956,398.7107027112,-1.0
101.12,0.0,0.0,0.074447654991,5.2171507798092,0.6442811323319999,160.658618578849,398.3857139272,-1.0
101.16,0.0,0.0,0.06965174528274,5.279824437714,0.6206598152624001,159.49069428587,397.6219902848,-1.0
101.2,0.0,0.0,0.06661625526156001,5.3420189392127995,0.6115833664600001,158.380332209515,397.17025587503997,-1.0
101.24,0.0,0.0,0.06509165503412,5.4065133914603996,0.6618702753528001,157.429247403023,397.17350576288,-1.0
101.28,0.0,0.0,0.06507520251368,5.466695436054,0.6883103653423999,156.565160037565,397.48874488335997,-1.0
101.32,0.0,0.0,0.06732097155374,5.5319565385512,0.7157652135831998,155.5561859564,397.30025138864,-1.0
101.36,0.0,0.0,0.07106940412732,5.5946301964559995,0.7207262539224,154.56192948744,397.11175789392,-1.0
101.4,0.0,0.0,0.07607371242782,5.656920529235999,0.7159907154168001,153.68345156782598,397.25150307103996,-1.0
101.44,0.0,0.0,0.08157708051500001,5.7200733435468,0.7131719424968002,152.90505341120598,397.57649185504,-1.0
101.48,0.0,0.0,0.09334885888982,5.7806387132651995,0.7276604353055998,152.299996020556,398.29471706768,-1.0
101.52,0.0,0.0,0.11415032889946,5.8449415029504,0.7425999317816001,151.760677297755,398.94794452352,-1.0
101.56,0.0,0.0,0.12239852581338001,5.9076151608552,0.7466589647864001,151.009424959202,398.67170405712,-1.0
101.6,0.0,0.0,0.13139531240732,5.9696179997916,0.7654319924336002,150.383435853416,398.53195888,-1.0
101.64,0.0,0.0,0.13462000641356,6.0339207894768,0.7772708386975999,150.015495548291,398.94469463568,-1.0
101.68,0.0,0.0,0.13784470041980001,6.094581990476399,0.7769889614055998,149.629239992422,398.98369328975997,-1.0
101.72,0.0,0.0,0.14482605325984002,6.1588847801616,0.7693218990632,149.347643012233,398.95119441136,-1.0
101.76,0.0,0.0,0.15556132284694002,6.2215584380664,0.76661587706,149.146829370147,398.86344743968,-1.0
101.8,0.0,0.0,0.15326893833230001,0.0003833251248,0.7617112121792,148.856401822635,398.044475704,-1.0
101.84,0.0,0.0,0.1502252220509,0.0645902835288,0.770280281856,148.746183260122,397.46599566848,-1.0
101.88,0.0,0.0,0.13792147884852002,0.1265931224652,0.7788493515327999,148.907422878279,397.43024690224,-1.0
101.92,0.0,0.0,0.13113207208028002,0.1908000808692,0.7688145199376,149.169396375528,397.26125273456,-1.0
101.96,0.0,0.0,0.13134869693274,0.2535695700552,0.76097833122,149.707079808084,397.6707386024,-1.0
102.0,0.0,0.0,0.13181485167854,0.3159557341164,0.7552280344632001,150.376567634387,398.1907206568,-1.0
102.04,0.0,0.0,0.12478139919044001,0.38035435508279997,0.7477864739543998,151.020544932868,398.29471706768,-1.0
102.08,0.0,0.0,0.10949974978842,0.4413988812072,0.7374133896088,151.856832364161,398.79844968288,-1.0
102.12,0.0,0.0,0.08297828683914,0.5061808272984,0.7318885946856,152.677421009102,398.95444429919996,-1.0
102.16,0.0,0.0,0.07596128687148,0.5689503164844,0.7316067173935998,153.35508528663,398.45721145967997,-1.0
102.2,0.0,0.0,0.07294499145748,0.6311448179832,0.7286188180984001,154.013780197316,397.73898624704,-1.0
102.24,0.0,0.0,0.07018096802356,0.6944892948564,0.7096202886176002,154.530204856687,396.46503021376,-1.0
102.28,0.0,0.0,0.06891412394968001,0.7548630020124,0.695582799476,155.367146404078,396.14979109328,-1.0
102.32,0.0,0.0,0.06814908174922,0.8187824665728,0.6770916491208001,156.353226421813,396.2245385136,-1.0
102.36,0.0,0.0,0.0641374088486,0.881168630634,0.6688044567359999,157.444946189375,396.62752460576,-1.0
102.4,0.0,0.0,0.0668657851549,0.9438422885387999,0.6746111289512,158.666180944341,397.4269970144,-1.0
102.44,0.0,0.0,0.06909510167452,1.0059409587563999,0.6911291382623999,159.717999629925,397.75848557408,-1.0
102.48,0.0,0.0,0.07182073589408,1.0664104971936,0.6987398251463999,160.563117628541,397.48224510768,-1.0
102.52,0.0,0.0,0.07529221770692,1.1305216243164,0.6945116657664001,161.335955798328,397.17025587503997,-1.0
102.56,0.0,0.0,0.08100672647308,1.1919494755656,0.6792339165399999,162.000537753896,396.65352370848,-1.0
102.6,0.0,0.0,0.08796340053246,1.2540481457832,0.6350919326128,162.766180646605,396.5982756152,-1.0
102.64,0.0,0.0,0.09890432662506,1.3172967913752,0.5998572711127999,163.669187919894,397.14750666016,-1.0
102.68,0.0,0.0,0.11257911319744,1.3783413174996,0.6126545001696,164.459033108229,397.45624600496,-1.0
102.72,0.0,0.0,0.11454244730328,1.4426441071848,0.6061149469951999,165.109224509641,397.58299163071996,-1.0
102.76,0.0,0.0,0.1237229537088,1.5054135963708,0.6213363207631999,165.721804235418,397.75523568624,-1.0
102.8,0.0,0.0,0.12842289038116,1.5685664106816,0.6144585148383999,166.192767825978,397.6707386024,-1.0
102.84,0.0,0.0,0.12789366764034002,1.6321983813984,0.6180101687175998,166.65293850092098,397.7682352376,-1.0
102.88,0.0,0.0,0.13830811307886,1.6948720393032,0.6200960606783998,167.048024624113,397.81048377952,-1.0
102.92,0.0,0.0,0.14200444600438,1.75850401002,0.6195323060944,167.304438134529,397.59274129424,-1.0
102.96,0.0,0.0,0.14818510951634,1.8204110176752,0.6207725661792001,167.510811763448,397.37174892112,-1.0
103.0,0.0,0.0,0.15212548816172,1.8825096878927998,0.6178974178007999,167.64621379573398,397.08900867904,-1.0
103.04,0.0,0.0,0.16028868038670002,1.9457583334847999,0.6202651870536,167.884966171504,397.27100239808,-1.0
103.08,0.0,0.0,0.16099339667888002,2.007186184734,0.6159806522152,168.113906805804,397.50174443471997,-1.0
103.12,0.0,0.0,0.16120179527112,2.0712973118568,0.6172209123000001,168.340558033761,397.85273232144,-1.0
103.16,0.0,0.0,0.16240282926324,2.1345459574488,0.6302436431904002,168.57963746758,398.30446673119997,-1.0
103.2,0.0,0.0,0.16211491015554,2.1972196153536,0.6252262273927998,168.643740845184,398.26871796496,-1.0
103.24,0.0,0.0,0.16108114345456,2.2605640922268,0.6282141266879999,168.537774037308,397.76498534975997,-1.0
103.28,0.0,0.0,0.16253170734002,2.3220877747572,0.6316530296503999,168.456990699205,397.39124824815997,-1.0
103.32,0.0,0.0,0.16298689373886002,2.3853364203492,0.6142893884632001,168.271221727373,396.72177135312,-1.0
103.36,0.0,0.0,0.1631952923311,2.4479142469728,0.6088209689983999,168.165254919497,396.32528503663997,-1.0
103.4,0.0,0.0,0.16365047872994,2.5081921228476,0.5998572711127999,168.092648032619,396.094543,-1.0
103.44,0.0,0.0,0.16509555844192,2.5698116366592,0.6013794084896,168.13810910143,396.19528952304,-1.0
103.48,0.0,0.0,0.16431132163428,2.6314311504708,0.6094410990407999,168.25748528931499,396.55277718544,-1.0
103.52,0.0,0.0,0.16476650803312,2.6948714586252,0.6140075111712,168.392887321601,396.96226305327997,-1.0
103.56,0.0,0.0,0.16571801213190002,2.7577367790924,0.6148531430472,168.378169709396,396.88751563296,-1.0
103.6,0.0,0.0,0.16691356195054,2.8201229431535997,0.6153041467143998,168.48152005288,397.2482531832,-1.0
103.64,0.0,0.0,0.16687243064944002,2.8836590825891997,0.6102303554584001,168.49264002654598,397.2482531832,-1.0
103.68,0.0,0.0,0.16658451154174,2.9454702589632,0.6079189616640002,168.49067767825198,397.2482531832,-1.0
103.72,0.0,0.0,0.16778006136038,3.0089105671175997,0.6073552070799999,168.506703522653,397.31975071568,-1.0
103.76,0.0,0.0,0.16749214225268,3.0717758875848,0.6063404488287998,168.545623430484,397.4107475752,-1.0
103.8,0.0,0.0,0.16646111763844001,3.1339703890835997,0.6122598719607999,168.570806900257,397.51799387392,-1.0
103.84,0.0,0.0,0.16765666745708002,3.1973148659568,0.6212235698463999,168.56361162317899,397.45949589279996,-1.0
103.88,0.0,0.0,0.16983936850212,3.26065934283,0.6136128829623999,168.473016543606,397.19300508992,-1.0
103.92,0.0,0.0,0.16831476827468,3.3240038197032,0.6122034965024001,168.49067767825198,397.26450262239996,-1.0
103.96,0.0,0.0,0.16777731927364,3.3868691401704,0.6102867309167999,168.48152005288,397.22550396831997,-1.0
104.0,0.0,0.0,0.16897286909228001,3.4488719791067997,0.6138383847959998,168.529270528034,397.40099791168,-1.0
104.04,0.0,0.0,0.16794184447804,3.5119289621364,0.6168826595496002,168.602858589059,397.6057408456,-1.0
104.08,0.0,0.0,0.16543283511094,3.5733568133855997,0.6260154838104,168.69181837838698,397.8982307512,-1.0
104.12,0.0,0.0,0.16687243064944002,3.6365096276964,0.6230275845151998,168.673830185692,397.81048377952,-1.0
104.16,0.0,0.0,0.16880560180114002,3.6994707794448,0.6142893884632001,168.492967084595,397.26125273456,-1.0
104.2,0.0,0.0,0.16654338024064,3.7617611122248,0.6063404488287998,168.443581319196,397.14750666016,-1.0
104.24,0.0,0.0,0.16526830990654,3.8256805767852,0.6125981247111998,168.443908377245,397.17025587503997,-1.0
104.28,0.0,0.0,0.16596754202524,3.8875875844404,0.6150786448807999,168.426901358697,397.18975520208,-1.0
104.32,0.0,0.0,0.16790071317694,3.9508362300324,0.6151913957975998,168.466802440675,397.38799836032,-1.0
104.36,0.0,0.0,0.16440729467018,4.0138932130619995,0.6185739233016001,168.474324775802,397.56999207935996,-1.0
104.4,0.0,0.0,0.16411937556248002,4.0756085581548,0.6184047969263999,168.466475382626,397.69998759296,-1.0
104.44,0.0,0.0,0.16531218329438002,4.137228071966399,0.6244933464335998,168.418397849423,397.74873591056,-1.0
104.48,0.0,0.0,0.16379306724042,4.1989434170591995,0.6231967108904,168.225760658562,397.46274578064,-1.0
104.52,0.0,0.0,0.16128954204680002,4.2620004000888,0.6137256338791999,168.023965842329,397.18975520208,-1.0
104.56,0.0,0.0,0.16149794063904002,4.325344876962,0.6172209123000001,167.911130815424,397.39124824815997,-1.0
104.6,0.0,0.0,0.1577659605859,4.3868685594924,0.6199833097615999,167.825441606586,397.72598669568,-1.0
104.64,0.0,0.0,0.1439458434163,4.4507880240528,0.6225765808479999,167.721437147004,398.11597323648,-1.0
104.68,0.0,0.0,0.14022208962338,4.5128866942704,0.6275376211872001,167.449978966334,398.14847211488,-1.0
104.72,0.0,0.0,0.13846441202304,4.5758478460187995,0.6283268776047999,167.182445482252,398.34346538528,-1.0
104.76,0.0,0.0,0.1298240967053,4.6389048290484,0.6230275845151998,166.792265229795,398.3857139272,-1.0
104.8,0.0,0.0,0.12635261489246,4.6997576926104,0.6133873811288,166.266355887003,398.13222267568,-1.0
104.84,0.0,0.0,0.12558483060526002,4.7629105069212,0.6054948169527998,165.785907613022,398.24921863791997,-1.0
104.88,0.0,0.0,0.12604550117758,4.8275966217312,0.5955727362743999,165.19458666043,398.18097099327997,-1.0
104.92,0.0,0.0,0.11495924448776,4.8889286416991995,0.6018304121567999,164.613077449308,398.31096650688,-1.0
104.96,0.0,0.0,0.10338763844496,4.952752274978399,0.6094974744992001,163.894530915655,398.24596875008,-1.0
105.0,0.0,0.0,0.09207104646898001,5.0163842456952,0.6147967675888002,163.080483431694,397.96972828368,-1.0
105.04,0.0,0.0,0.08443707698482,5.0783870846316,0.6404476011607998,162.351798098522,398.18422088112,-1.0
105.08,0.0,0.0,0.07828109225352001,5.0846161179096,0.6534139565928001,161.47528252720198,398.07372469456,-1.0
105.12,0.0,0.0,0.07311225874862,5.149973051688,0.6505388082143999,160.513404805093,397.82673321872,-1.0
105.16,0.0,0.0,0.06965997154296,5.215521648028799,0.6330624161104002,159.350386382849,397.07600912768,-1.0
105.2,0.0,0.0,0.06669851786376,5.2810702443696,0.6309765241496001,158.373791048535,397.01101137088,-1.0
105.24,0.0,0.0,0.06521230685068001,5.3442230586804,0.6744983780344,157.452468524502,397.15400643583996,-1.0
105.28,0.0,0.0,0.06519585433024,5.409196667334,0.7048283746536002,156.599174074661,397.48224510768,-1.0
105.32,0.0,0.0,0.06664916030244,5.4723494816448,0.7404576643623999,155.896980443458,398.31746628255996,-1.0
105.36,0.0,0.0,0.0685932998011,5.5351189708307995,0.7523528860847999,155.185629186883,399.04219127088,-1.0
105.4,0.0,0.0,0.0734742141983,5.599230097953599,0.7419798017392001,154.210015026716,398.80494945856,-1.0
105.44,0.0,0.0,0.08055702424772,5.660274624078,0.7272094316383999,153.071198900098,397.98272783504,-1.0
105.48,0.0,0.0,0.1013475259104,5.7244815824819995,0.719260492004,151.95756624325298,397.0370104736,-1.0
105.52,0.0,0.0,0.10915424685918,5.7875385655116,0.7209517557559999,151.14024817880198,396.87776596943996,-1.0
105.56,0.0,0.0,0.1098617052381,5.8499247295728,0.7349328694391999,150.555141329141,397.16375609936,-1.0
105.6,0.0,0.0,0.11497021283472,5.9130775438836,0.7555099117551998,150.19374218499598,397.86898176064,-1.0
105.64,0.0,0.0,0.1249706031755,5.9744095638516,0.7703930327727999,149.844444188664,398.31746628255996,-1.0
105.68,0.0,0.0,0.12836256447288,6.0372748843187996,0.7786238496992,149.431369872777,398.21671975952,-1.0
105.72,0.0,0.0,0.13395367933574,6.0989902294116,0.7725353001920001,149.124589422815,398.15497189056,-1.0
105.76,0.0,0.0,0.13734015645964,6.1601305868172,0.7759742031544001,148.889761743633,397.93072962959997,-1.0
105.8,0.0,0.0,0.1507462185315,6.222900076003199,0.7662212488511999,148.741277389387,397.63173994832,-1.0
105.84,0.0,0.0,0.15070782931714,0.000479156406,0.7712950401072001,148.699086901066,397.28725183728,-1.0
105.88,0.0,0.0,0.15018409074980002,0.06439862096639999,0.7805406152847998,148.903171123642,397.35874936976,-1.0
105.92,0.0,0.0,0.14257754213304,0.126497291184,0.7744520657776,149.348951244429,397.86248198495997,-1.0
105.96,0.0,0.0,0.14034548352668,0.1880209737144,0.7748466939864,149.92097577213,398.36296471232,-1.0
106.0,0.0,0.0,0.13909234988650002,0.2516529444312,0.7677997616863999,150.422028703198,398.33046583392,-1.0
106.04,0.0,0.0,0.13588685048744,0.3131766269616,0.7606400784696001,150.965599180636,398.16797144192,-1.0
106.08,0.0,0.0,0.1192670627563,0.3764252725536,0.7399502852367998,151.681202191848,398.24271886224,-1.0
106.12,0.0,0.0,0.08827051424734,0.4396739181456,0.7262510488456,152.397132261109,398.13222267568,-1.0
106.16,0.0,0.0,0.080206037145,0.5010059381136,0.7186403619616,153.00186259371,397.38799836032,-1.0
106.2,0.0,0.0,0.07262965148238,0.5655003903611999,0.7192041165455998,153.789091317653,397.09875834255996,-1.0
106.24,0.0,0.0,0.06895799733752,0.6286532046719999,0.7305919591424002,154.812128894925,397.41724735087996,-1.0
106.28,0.0,0.0,0.06625978398536,0.693339319482,0.7247852869272,155.860022883921,397.73898624704,-1.0
106.32,0.0,0.0,0.06478454131924001,0.7590795783852,0.7060686347383998,156.74340667427,397.48874488335997,-1.0
106.36,0.0,0.0,0.06427999735908001,0.8223282239772,0.6872392316328,157.57544235092598,397.05001002496,-1.0
106.4,0.0,0.0,0.06669851786376,0.8886434705676,0.6761332663280002,158.48335549495,396.91026484784,-1.0
106.44,0.0,0.0,0.07081987423398,0.9515087910348,0.6859425960896002,159.51228011710398,397.17350576288,-1.0
106.48,0.0,0.0,0.07177686250624,1.0151407617516,0.6974995650615998,160.470887258723,397.30350127648,-1.0
106.52,0.0,0.0,0.07540738535000001,1.080976851936,0.7056740065296001,161.366372196885,397.35224959408,-1.0
106.56,0.0,0.0,0.08317023291094,1.1434588472784,0.6884231162591998,162.043382358315,396.85501675456,-1.0
106.6,0.0,0.0,0.08898619888648,1.2091991061815999,0.6392637165344,162.82341580518,396.90376507216,-1.0
106.64,0.0,0.0,0.10160528206396001,1.2756101840532,0.6213363207631999,163.85364865953,397.79748422816,-1.0
106.68,0.0,0.0,0.10813967476538,1.3385713358016,0.6238168409328,164.578409296114,397.92097996608,-1.0
106.72,0.0,0.0,0.1146740674668,1.4045032572672,0.6198141833864002,165.219770130203,398.00872693776,-1.0
106.76,0.0,0.0,0.11610269465834,1.4668894213283998,0.6234222127239999,165.70152663637998,397.74548602272,-1.0
106.8,0.0,0.0,0.12263160318628001,1.529946404358,0.6150222694224001,166.06456107077,397.33275026704,-1.0
106.84,0.0,0.0,0.12624293142286,1.5942491940432,0.6149095185056002,166.44885427834498,397.12800733311997,-1.0
106.88,0.0,0.0,0.13373705448328002,1.656922851948,0.6198705588447999,166.878608554731,397.30350127648,-1.0
106.92,0.0,0.0,0.13491889386822,1.7209381477896,0.6158679012984001,167.234447712043,397.37174892112,-1.0
106.96,0.0,0.0,0.14046613534324,1.7828451554448,0.619757807928,167.566084573729,397.53424331312,-1.0
107.0,0.0,0.0,0.14794929005670002,1.8456146446308,0.6142893884632001,167.874827371985,397.800734116,-1.0
107.04,0.0,0.0,0.15422044243108002,1.9098216030347999,0.6153041467143998,168.108346818971,397.92747974176,-1.0
107.08,0.0,0.0,0.15951541192602,1.9703869727532,0.6087645935400001,168.178010183408,397.66423882672,-1.0
107.12,0.0,0.0,0.16044497933088,2.0337314496264,0.6083699653312,168.28528522348,397.6219902848,-1.0
107.16,0.0,0.0,0.16210394180858,2.0950634695944,0.6089900953736,168.341866265957,397.52124376176,-1.0
107.2,0.0,0.0,0.16230685622734,2.1563954895624,0.6085390917064002,168.446197783588,397.59599118208,-1.0
107.24,0.0,0.0,0.16226572492624,2.2198357977168,0.6209980680128,168.621173839803,397.963228508,-1.0
107.28,0.0,0.0,0.16125937909266,2.2795386859044,0.6227457072232001,168.61692208516598,397.81048377952,-1.0
107.32,0.0,0.0,0.16363951038298,2.3427873314964,0.6154732730896,168.652244354458,397.82998310656,-1.0
107.36,0.0,0.0,0.16311577181564002,2.4045026765891997,0.6182920460096,168.566228087571,397.5244936496,-1.0
107.4,0.0,0.0,0.16331868623440002,2.4663138529632,0.6158679012984001,168.539409327553,397.40424779951996,-1.0
107.44,0.0,0.0,0.16473086090550002,2.5700991305028,0.6133873811288,168.449468364078,397.09225856688,-1.0
107.48,0.0,0.0,0.16420712233816,2.6330602822511997,0.6100048536248002,168.436058984069,397.05975968847997,-1.0
107.52,0.0,0.0,0.16465134039004,2.695733940156,0.6089337199151998,168.404661411365,396.93626395056,-1.0
107.56,0.0,0.0,0.16557816570816,2.7583117667795998,0.6122598719607999,168.489042388007,397.22225408048,-1.0
107.6,0.0,0.0,0.16650499102628,2.8209854246844,0.6155860240064,168.56361162317899,397.43999656576,-1.0
107.64,0.0,0.0,0.16670790544504002,2.8841382389951997,0.6140075111712,168.620192665656,397.61224062127997,-1.0
107.68,0.0,0.0,0.16642547051082002,2.9470993907436,0.613274630212,168.602858589059,397.55049275232,-1.0
107.72,0.0,0.0,0.1673495537422,3.0098688799296,0.6153605221728,168.62967734907699,397.62524017263996,-1.0
107.76,0.0,0.0,0.16731116452784,3.0722550439908,0.616093403132,168.614632678823,397.58624151856,-1.0
107.8,0.0,0.0,0.16654612232738,3.1349287018956,0.6132182547535998,168.593373905638,397.50499432256,-1.0
107.84,0.0,0.0,0.16771150919188002,3.1979856849251997,0.6138947602544,168.643740845184,397.6869880416,-1.0
107.88,0.0,0.0,0.16960080695574,3.2623843058916,0.6222383280976,168.670232547153,397.74548602272,-1.0
107.92,0.0,0.0,0.16787329230954,3.3250579637963997,0.6190249269688,168.614305620774,397.5732419672,-1.0
107.96,0.0,0.0,0.16783216100844,3.3874441278576,0.6156423994648001,168.531559934377,397.31325094,-1.0
108.0,0.0,0.0,0.16899754787294,3.4502136170436,0.6150786448807999,168.45208482847,397.06300957632,-1.0
108.04,0.0,0.0,0.16799120203936002,3.5135580939168,0.6132182547535998,168.430498997236,397.01426125872,-1.0
108.08,0.0,0.0,0.16578382221366,3.5768067395088,0.6148531430472,168.420033139668,396.95901316544,-1.0
108.12,0.0,0.0,0.16718777062454002,3.6396720599759997,0.6174464141336,168.45666364115598,397.09550845472,-1.0
108.16,0.0,0.0,0.16859446112216,3.7017707301936,0.6166007822576001,168.489042388007,397.21250441696,-1.0
108.2,0.0,0.0,0.16638708129646002,3.7644443880983998,0.6161497785903998,168.52469171534798,397.33925004272,-1.0
108.24,0.0,0.0,0.16538347754962002,3.8275013711279997,0.6155296485480002,168.521421134858,397.39774802384,-1.0
108.28,0.0,0.0,0.16606625714788,3.8902708603139997,0.6162061540488,168.503105884114,397.38474847248,-1.0
108.32,0.0,0.0,0.16578382221366,3.9529445182188,0.6249443501008001,168.518804670466,397.54399297663997,-1.0
