time_s,RequestScannerOn_raw,RecordScannerOn_raw,Periodicity_raw,Phase_raw,Left-Right_raw,Ant.-Post._raw,Head-Feet_raw,MarkerBlockFound_raw
0.0,0.0,0.0,64727.0,36486.0,297.0,60684.0,64313.0,0.0
0.04,0.0,0.0,62669.0,37162.0,377.0,60885.0,64374.0,0.0
0.08,0.0,0.0,64637.0,37803.0,378.0,61143.0,64460.0,0.0
0.12,0.0,0.0,64342.0,38468.0,364.0,61260.0,64486.0,0.0
0.16,0.0,0.0,62539.0,39142.0,216.0,60728.0,64307.0,0.0
0.2,0.0,0.0,62496.0,39777.0,259.0,60931.0,64407.0,0.0
0.24,0.0,0.0,62955.0,40457.0,378.0,60626.0,64317.0,0.0
0.28,0.0,0.0,61909.0,41099.0,507.0,60495.0,64289.0,0.0
0.32,0.0,0.0,60113.0,41753.0,504.0,60595.0,64369.0,0.0
0.36,0.0,0.0,61323.0,42427.0,595.0,60562.0,64419.0,0.0
0.4,0.0,0.0,61031.0,43059.0,491.0,60600.0,64511.0,0.0
0.44,0.0,0.0,59739.0,43717.0,514.0,60321.0,64489.0,0.0
0.48,0.0,0.0,58949.0,44356.0,342.0,59715.0,64380.0,0.0
0.52,0.0,0.0,59408.0,45017.0,386.0,58806.0,64224.0,0.0
0.56,0.0,0.0,58619.0,45692.0,539.0,58244.0,64244.0,0.0
0.6,0.0,0.0,56086.0,46332.0,481.0,57640.0,64254.0,0.0
0.64,0.0,0.0,51564.0,47007.0,614.0,57316.0,64429.0,0.0
0.68,0.0,0.0,51529.0,47642.0,553.0,56635.0,64500.0,0.0
0.72,0.0,0.0,49504.0,48297.0,491.0,55672.0,64544.0,0.0
0.76,0.0,0.0,45244.0,48957.0,420.0,54383.0,64549.0,0.0
0.8,0.0,0.0,46455.0,49597.0,152.0,52462.0,64396.0,0.0
0.84,0.0,0.0,45182.0,50262.0,10.0,51173.0,64548.0,0.0
0.88,0.0,0.0,42919.0,50915.0,25.0,49489.0,64591.0,0.0
0.92,0.0,0.0,35948.0,51596.0,0.0,46559.0,64254.0,0.0
0.96,0.0,0.0,32703.0,52265.0,166.0,43870.0,64091.0,0.0
1.0,0.0,0.0,32433.0,52897.0,828.0,42833.0,64557.0,0.0
1.04,0.0,0.0,30184.0,53695.0,1138.0,41569.0,64964.0,0.0
1.08,0.0,0.0,28433.0,54298.0,1084.0,40331.0,65432.0,0.0
1.12,0.0,0.0,26931.0,54963.0,804.0,36557.0,65064.0,0.0
1.16,0.0,0.0,24197.0,55619.0,771.0,31920.0,64447.0,0.0
1.2,0.0,0.0,23934.0,56267.0,1537.0,28665.0,64393.0,0.0
1.24,0.0,0.0,22932.0,56948.0,1965.0,25282.0,64261.0,0.0
1.28,0.0,0.0,23162.0,57581.0,2308.0,22654.0,64363.0,0.0
1.32,0.0,0.0,24624.0,58264.0,2868.0,19930.0,64412.0,0.0
1.36,0.0,0.0,26576.0,58917.0,3174.0,17587.0,64568.0,0.0
1.4,0.0,0.0,27542.0,59566.0,2870.0,14524.0,64444.0,0.0
1.44,0.0,0.0,29489.0,60214.0,2927.0,12442.0,64638.0,0.0
1.48,0.0,0.0,37574.0,60837.0,3045.0,10513.0,64798.0,0.0
1.52,0.0,0.0,45156.0,61518.0,3281.0,8478.0,64859.0,0.0
1.56,0.0,0.0,45126.0,62173.0,3135.0,5698.0,64500.0,0.0
1.6,0.0,0.0,47301.0,62823.0,3514.0,4164.0,64586.0,0.0
1.64,0.0,0.0,48739.0,63496.0,3739.0,2915.0,64618.0,0.0
1.68,0.0,0.0,51643.0,64123.0,3843.0,2870.0,64977.0,0.0
1.72,0.0,0.0,55522.0,64807.0,3462.0,2000.0,64868.0,0.0
1.76,0.0,0.0,56952.0,65462.0,3598.0,1984.0,64973.0,0.0
1.8,0.0,0.0,54471.0,549.0,3780.0,1783.0,64905.0,0.0
1.84,0.0,0.0,52970.0,1221.0,3671.0,2089.0,64879.0,0.0
1.88,0.0,0.0,47568.0,1864.0,3640.0,2727.0,64851.0,0.0
1.92,0.0,0.0,47780.0,2549.0,3777.0,4280.0,65015.0,0.0
1.96,0.0,0.0,45555.0,3196.0,3612.0,5238.0,64832.0,0.0
2.0,0.0,0.0,42117.0,3847.0,3409.0,6318.0,64623.0,0.0
2.04,0.0,0.0,42575.0,4521.0,3276.0,8367.0,64656.0,0.0
2.08,0.0,0.0,36225.0,5145.0,3051.0,10567.0,64653.0,0.0
2.12,0.0,0.0,29641.0,5827.0,3269.0,12966.0,64625.0,0.0
2.16,0.0,0.0,25980.0,6476.0,3334.0,16080.0,64817.0,0.0
2.2,0.0,0.0,25477.0,7126.0,3411.0,18624.0,64721.0,0.0
2.24,0.0,0.0,24490.0,7801.0,3483.0,21651.0,64776.0,0.0
2.28,0.0,0.0,23989.0,8428.0,3326.0,24815.0,64859.0,0.0
2.32,0.0,0.0,23247.0,9108.0,2673.0,27974.0,64924.0,0.0
2.36,0.0,0.0,24199.0,9744.0,2167.0,30267.0,64676.0,0.0
2.4,0.0,0.0,25393.0,10385.0,2248.0,32926.0,64599.0,0.0
2.44,0.0,0.0,25376.0,11026.0,2297.0,35424.0,64483.0,0.0
2.48,0.0,0.0,26083.0,11647.0,2512.0,38155.0,64483.0,0.0
2.52,0.0,0.0,28238.0,12332.0,2671.0,41276.0,64666.0,0.0
2.56,0.0,0.0,31596.0,12972.0,2333.0,43850.0,64709.0,0.0
2.6,0.0,0.0,34227.0,13620.0,1205.0,46113.0,64688.0,0.0
2.64,0.0,0.0,38540.0,14281.0,1104.0,47912.0,64540.0,0.0
2.68,0.0,0.0,41885.0,14912.0,843.0,49882.0,64561.0,0.0
2.72,0.0,0.0,43060.0,15578.0,764.0,50805.0,64253.0,0.0
2.76,0.0,0.0,47359.0,16221.0,748.0,52449.0,64287.0,0.0
2.8,0.0,0.0,47327.0,16871.0,674.0,53779.0,64246.0,0.0
2.84,0.0,0.0,49217.0,17529.0,721.0,55202.0,64317.0,0.0
2.88,0.0,0.0,49425.0,18182.0,816.0,56499.0,64383.0,0.0
2.92,0.0,0.0,53708.0,18851.0,785.0,57501.0,64408.0,0.0
2.96,0.0,0.0,54152.0,19507.0,767.0,58343.0,64434.0,0.0
3.0,0.0,0.0,56511.0,20162.0,605.0,58707.0,64340.0,0.0
3.04,0.0,0.0,57431.0,20828.0,424.0,59106.0,64301.0,0.0
3.08,0.0,0.0,57632.0,21471.0,529.0,59463.0,64271.0,0.0
3.12,0.0,0.0,58311.0,22139.0,581.0,59845.0,64283.0,0.0
3.16,0.0,0.0,57557.0,22802.0,607.0,60637.0,64487.0,0.0
3.2,0.0,0.0,57996.0,23458.0,512.0,61033.0,64541.0,0.0
3.24,0.0,0.0,58436.0,24128.0,559.0,61060.0,64492.0,0.0
3.28,0.0,0.0,58397.0,24768.0,517.0,60831.0,64371.0,0.0
3.32,0.0,0.0,59312.0,25433.0,445.0,60648.0,64295.0,0.0
3.36,0.0,0.0,59987.0,25965.0,281.0,60819.0,64361.0,0.0
3.4,0.0,0.0,60900.0,26602.0,154.0,61284.0,64511.0,0.0
3.44,0.0,0.0,59909.0,27252.0,283.0,61359.0,64526.0,0.0
3.48,0.0,0.0,60108.0,27904.0,466.0,61650.0,64616.0,0.0
3.52,0.0,0.0,62206.0,28562.0,634.0,62054.0,64757.0,0.0
3.56,0.0,0.0,61691.0,29234.0,552.0,61375.0,64498.0,0.0
3.6,0.0,0.0,61650.0,29869.0,438.0,60925.0,64350.0,0.0
3.64,0.0,0.0,63032.0,30532.0,348.0,60742.0,64305.0,0.0
3.68,0.0,0.0,63938.0,31179.0,417.0,60805.0,64324.0,0.0
3.72,0.0,0.0,63424.0,31834.0,445.0,60460.0,64201.0,0.0
3.76,0.0,0.0,62673.0,32507.0,414.0,60714.0,64288.0,0.0
3.8,0.0,0.0,64996.0,33142.0,583.0,60992.0,64393.0,0.0
3.84,0.0,0.0,65190.0,33804.0,407.0,61465.0,64545.0,0.0
3.88,0.0,0.0,63968.0,34466.0,379.0,61465.0,64536.0,0.0
3.92,0.0,0.0,64870.0,35123.0,265.0,60757.0,64289.0,0.0
3.96,0.0,0.0,65535.0,35791.0,594.0,61031.0,64403.0,0.0
4.0,0.0,0.0,64315.0,36427.0,577.0,61246.0,64488.0,0.0
4.04,0.0,0.0,62861.0,37088.0,629.0,61359.0,64511.0,0.0
4.08,0.0,0.0,64232.0,37731.0,560.0,61716.0,64629.0,0.0
4.12,0.0,0.0,64190.0,38389.0,583.0,61622.0,64600.0,0.0
4.16,0.0,0.0,62269.0,39053.0,623.0,61441.0,64544.0,0.0
4.2,0.0,0.0,61290.0,39692.0,489.0,61270.0,64507.0,0.0
4.24,0.0,0.0,62893.0,40353.0,263.0,61036.0,64436.0,0.0
4.28,0.0,0.0,61914.0,40995.0,288.0,60764.0,64368.0,0.0
4.32,0.0,0.0,60468.0,41670.0,248.0,59766.0,64056.0,0.0
4.36,0.0,0.0,61601.0,42338.0,425.0,59499.0,64035.0,0.0
4.4,0.0,0.0,61561.0,42988.0,609.0,59325.0,64055.0,0.0
4.44,0.0,0.0,59650.0,43633.0,777.0,59727.0,64276.0,0.0
4.48,0.0,0.0,58443.0,44271.0,903.0,59805.0,64413.0,0.0
4.52,0.0,0.0,58873.0,44933.0,821.0,59495.0,64448.0,0.0
4.56,0.0,0.0,56034.0,45583.0,778.0,59334.0,64603.0,0.0
4.6,0.0,0.0,53665.0,46224.0,741.0,58593.0,64588.0,0.0
4.64,0.0,0.0,51532.0,46902.0,713.0,56842.0,64229.0,0.0
4.68,0.0,0.0,51499.0,47539.0,892.0,56162.0,64337.0,0.0
4.72,0.0,0.0,48438.0,48209.0,884.0,55464.0,64474.0,0.0
4.76,0.0,0.0,47244.0,48870.0,491.0,54387.0,64530.0,0.0
4.8,0.0,0.0,46516.0,49511.0,460.0,52501.0,64379.0,0.0
4.84,0.0,0.0,45557.0,50191.0,503.0,50828.0,64384.0,0.0
4.88,0.0,0.0,43205.0,50841.0,762.0,49271.0,64497.0,0.0
4.92,0.0,0.0,39231.0,51490.0,938.0,47831.0,64662.0,0.0
4.96,0.0,0.0,38278.0,52116.0,860.0,47264.0,65215.0,0.0
5.0,0.0,0.0,34544.0,52757.0,1220.0,45401.0,65329.0,0.0
5.04,0.0,0.0,30815.0,53443.0,1369.0,41940.0,64973.0,0.0
5.08,0.0,0.0,26859.0,54023.0,1516.0,37621.0,64431.0,0.0
5.12,0.0,0.0,25685.0,54677.0,1256.0,35589.0,64747.0,0.0
5.16,0.0,0.0,24282.0,55329.0,1185.0,32563.0,64683.0,0.0
5.2,0.0,0.0,23342.0,55989.0,1642.0,29034.0,64456.0,0.0
5.24,0.0,0.0,22865.0,56658.0,2245.0,25282.0,64169.0,0.0
5.28,0.0,0.0,23081.0,57312.0,3142.0,22787.0,64351.0,0.0
5.32,0.0,0.0,23989.0,57966.0,3577.0,20409.0,64527.0,0.0
5.36,0.0,0.0,26510.0,58627.0,3310.0,16865.0,64260.0,0.0
5.4,0.0,0.0,27645.0,59275.0,3014.0,14771.0,64505.0,0.0
5.44,0.0,0.0,32463.0,59936.0,2798.0,11523.0,64274.0,0.0
5.48,0.0,0.0,39345.0,60600.0,2787.0,8530.0,64064.0,0.0
5.52,0.0,0.0,43919.0,61240.0,3207.0,7444.0,64480.0,0.0
5.56,0.0,0.0,45040.0,61904.0,3462.0,5580.0,64490.0,0.0
5.6,0.0,0.0,45241.0,62544.0,3565.0,4781.0,64774.0,0.0
5.64,0.0,0.0,47508.0,63210.0,3811.0,4000.0,64968.0,0.0
5.68,0.0,0.0,51606.0,63867.0,3760.0,2984.0,64965.0,0.0
5.72,0.0,0.0,54554.0,64503.0,3853.0,2501.0,65037.0,0.0
5.76,0.0,0.0,56352.0,65167.0,3924.0,2570.0,65185.0,0.0
5.8,0.0,0.0,57461.0,245.0,3867.0,2675.0,65206.0,0.0
5.84,0.0,0.0,53078.0,909.0,3623.0,1929.0,64793.0,0.0
5.88,0.0,0.0,50530.0,1584.0,3631.0,2688.0,64830.0,0.0
5.92,0.0,0.0,48899.0,2219.0,3528.0,3406.0,64690.0,0.0
5.96,0.0,0.0,44530.0,2880.0,3352.0,4024.0,64406.0,0.0
6.0,0.0,0.0,44045.0,3527.0,3406.0,5964.0,64507.0,0.0
6.04,0.0,0.0,45158.0,4197.0,3252.0,8869.0,64853.0,0.0
6.08,0.0,0.0,30998.0,4867.0,3099.0,12013.0,65137.0,0.0
6.12,0.0,0.0,27562.0,5509.0,2782.0,13982.0,64934.0,0.0
6.16,0.0,0.0,26407.0,6170.0,2957.0,15873.0,64680.0,0.0
6.2,0.0,0.0,25480.0,6821.0,3138.0,18371.0,64619.0,0.0
6.24,0.0,0.0,25237.0,7484.0,3227.0,20955.0,64520.0,0.0
6.28,0.0,0.0,24540.0,8153.0,3149.0,24539.0,64749.0,0.0
6.32,0.0,0.0,23389.0,8801.0,2857.0,28047.0,64951.0,0.0
6.36,0.0,0.0,24509.0,9469.0,2380.0,30983.0,64917.0,0.0
6.4,0.0,0.0,25628.0,10121.0,2214.0,33036.0,64609.0,0.0
6.44,0.0,0.0,26292.0,10777.0,2291.0,36011.0,64687.0,0.0
6.48,0.0,0.0,27408.0,11452.0,2432.0,38801.0,64701.0,0.0
6.52,0.0,0.0,29655.0,12094.0,2621.0,41369.0,64699.0,0.0
6.56,0.0,0.0,32804.0,12780.0,2230.0,44785.0,65033.0,0.0
6.6,0.0,0.0,36175.0,13436.0,1092.0,47308.0,65104.0,0.0
6.64,0.0,0.0,39090.0,14108.0,873.0,49370.0,65046.0,0.0
6.68,0.0,0.0,42227.0,14759.0,527.0,49531.0,64417.0,0.0
6.72,0.0,0.0,43329.0,15407.0,648.0,51053.0,64368.0,0.0
6.76,0.0,0.0,44881.0,16074.0,644.0,52042.0,64141.0,0.0
6.8,0.0,0.0,47783.0,16717.0,691.0,53700.0,64221.0,0.0
6.84,0.0,0.0,46177.0,17418.0,722.0,56508.0,64768.0,0.0
6.88,0.0,0.0,46824.0,18081.0,899.0,57870.0,64831.0,0.0
6.92,0.0,0.0,51744.0,18734.0,783.0,58306.0,64656.0,0.0
6.96,0.0,0.0,54635.0,19388.0,606.0,57909.0,64243.0,0.0
7.0,0.0,0.0,56624.0,20022.0,558.0,58365.0,64221.0,0.0
7.04,0.0,0.0,57263.0,20704.0,356.0,58595.0,64123.0,0.0
7.08,0.0,0.0,57676.0,21335.0,321.0,58900.0,64084.0,0.0
7.12,0.0,0.0,58538.0,21986.0,331.0,59235.0,64085.0,0.0
7.16,0.0,0.0,57606.0,22639.0,410.0,59755.0,64167.0,0.0
7.2,0.0,0.0,57794.0,23278.0,653.0,60647.0,64415.0,0.0
7.24,0.0,0.0,58654.0,23966.0,761.0,61383.0,64584.0,0.0
7.28,0.0,0.0,58618.0,24602.0,675.0,61585.0,64619.0,0.0
7.32,0.0,0.0,58359.0,25259.0,600.0,61447.0,64544.0,0.0
7.36,0.0,0.0,59887.0,25916.0,652.0,61238.0,64464.0,0.0
7.4,0.0,0.0,60967.0,26733.0,654.0,60981.0,64380.0,0.0
7.44,0.0,0.0,60037.0,27398.0,574.0,60712.0,64279.0,0.0
7.48,0.0,0.0,61339.0,28032.0,570.0,60554.0,64224.0,0.0
7.52,0.0,0.0,61970.0,28699.0,593.0,60728.0,64290.0,0.0
7.56,0.0,0.0,61709.0,29349.0,720.0,60903.0,64349.0,0.0
7.6,0.0,0.0,62562.0,29994.0,541.0,61055.0,64396.0,0.0
7.64,0.0,0.0,62746.0,30680.0,509.0,60703.0,64263.0,0.0
7.68,0.0,0.0,63820.0,31319.0,621.0,60976.0,64363.0,0.0
7.72,0.0,0.0,63337.0,31988.0,737.0,61227.0,64448.0,0.0
7.76,0.0,0.0,63076.0,32637.0,685.0,61003.0,64368.0,0.0
7.8,0.0,0.0,64813.0,33284.0,730.0,60751.0,64278.0,0.0
7.84,0.0,0.0,64996.0,33969.0,552.0,60856.0,64327.0,0.0
7.88,0.0,0.0,63404.0,34622.0,658.0,61131.0,64419.0,0.0
7.92,0.0,0.0,64695.0,35292.0,650.0,61291.0,64469.0,0.0
7.96,0.0,0.0,65320.0,35941.0,772.0,61414.0,64521.0,0.0
8.0,0.0,0.0,64174.0,36586.0,730.0,61662.0,64609.0,0.0
8.04,0.0,0.0,61924.0,37265.0,650.0,62016.0,64730.0,0.0
8.08,0.0,0.0,64096.0,37907.0,620.0,61724.0,64630.0,0.0
8.12,0.0,0.0,63837.0,38573.0,528.0,61962.0,64722.0,0.0
8.16,0.0,0.0,60707.0,39218.0,543.0,62164.0,64806.0,0.0
8.2,0.0,0.0,62215.0,39867.0,698.0,61651.0,64611.0,0.0
8.24,0.0,0.0,62839.0,40549.0,565.0,60672.0,64308.0,0.0
8.28,0.0,0.0,61919.0,41186.0,568.0,60532.0,64305.0,0.0
8.32,0.0,0.0,59900.0,41848.0,587.0,60542.0,64346.0,0.0
8.36,0.0,0.0,61184.0,42498.0,557.0,60171.0,64258.0,0.0
8.4,0.0,0.0,61368.0,43138.0,597.0,60023.0,64264.0,0.0
8.44,0.0,0.0,58253.0,43806.0,710.0,59950.0,64339.0,0.0
8.48,0.0,0.0,58657.0,44442.0,817.0,60004.0,64462.0,0.0
8.52,0.0,0.0,58622.0,45110.0,864.0,59652.0,64479.0,0.0
8.56,0.0,0.0,56173.0,45770.0,781.0,58913.0,64403.0,0.0
8.6,0.0,0.0,53069.0,46413.0,526.0,57645.0,64193.0,0.0
8.64,0.0,0.0,52161.0,47090.0,556.0,56905.0,64234.0,0.0
8.68,0.0,0.0,50158.0,47725.0,727.0,56636.0,64473.0,0.0
8.72,0.0,0.0,48814.0,48392.0,765.0,55430.0,64421.0,0.0
8.76,0.0,0.0,45722.0,49046.0,574.0,54022.0,64379.0,0.0
8.8,0.0,0.0,45476.0,49677.0,530.0,52884.0,64495.0,0.0
8.84,0.0,0.0,45231.0,50349.0,467.0,51805.0,64703.0,0.0
8.88,0.0,0.0,40836.0,50996.0,434.0,49981.0,64686.0,0.0
8.92,0.0,0.0,39502.0,51674.0,489.0,47758.0,64608.0,0.0
8.96,0.0,0.0,35553.0,52341.0,693.0,45915.0,64733.0,0.0
9.0,0.0,0.0,32697.0,52982.0,1126.0,43632.0,64729.0,0.0
9.04,0.0,0.0,29410.0,53320.0,1393.0,40887.0,64634.0,0.0
9.08,0.0,0.0,27433.0,53976.0,1455.0,38249.0,64643.0,0.0
9.12,0.0,0.0,24588.0,54637.0,1257.0,35246.0,64568.0,0.0
9.16,0.0,0.0,24138.0,55321.0,1262.0,31988.0,64428.0,0.0
9.2,0.0,0.0,24124.0,55978.0,2057.0,28633.0,64313.0,0.0
9.24,0.0,0.0,22806.0,56634.0,2710.0,25994.0,64438.0,0.0
9.28,0.0,0.0,23444.0,57285.0,3288.0,23373.0,64535.0,0.0
9.32,0.0,0.0,24081.0,57942.0,3602.0,20534.0,64545.0,0.0
9.36,0.0,0.0,26668.0,58612.0,3544.0,17391.0,64426.0,0.0
9.4,0.0,0.0,27736.0,59267.0,3198.0,14394.0,64345.0,0.0
9.44,0.0,0.0,33134.0,59912.0,3147.0,11808.0,64372.0,0.0
9.48,0.0,0.0,37226.0,60542.0,3198.0,10483.0,64769.0,0.0
9.52,0.0,0.0,41963.0,61203.0,3238.0,8066.0,64664.0,0.0
9.56,0.0,0.0,45613.0,61867.0,3611.0,6223.0,64670.0,0.0
9.6,0.0,0.0,46882.0,62506.0,3716.0,5039.0,64848.0,0.0
9.64,0.0,0.0,47286.0,63176.0,3901.0,3613.0,64811.0,0.0
9.68,0.0,0.0,51142.0,63806.0,3907.0,2332.0,64726.0,0.0
9.72,0.0,0.0,55641.0,64463.0,4114.0,3408.0,65374.0,0.0
9.76,0.0,0.0,56039.0,65131.0,3792.0,2683.0,65189.0,0.0
9.8,0.0,0.0,55144.0,199.0,3750.0,1511.0,64773.0,0.0
9.84,0.0,0.0,52744.0,868.0,4115.0,2452.0,65007.0,0.0
9.88,0.0,0.0,50561.0,1518.0,4092.0,3182.0,65005.0,0.0
9.92,0.0,0.0,48811.0,2175.0,3985.0,3825.0,64821.0,0.0
9.96,0.0,0.0,45344.0,2851.0,3786.0,5179.0,64811.0,0.0
10.0,0.0,0.0,45962.0,3490.0,3618.0,6944.0,64850.0,0.0
10.04,0.0,0.0,45076.0,4160.0,3314.0,8767.0,64803.0,0.0
10.08,0.0,0.0,38399.0,4792.0,3065.0,10440.0,64598.0,0.0
10.12,0.0,0.0,31302.0,5446.0,3071.0,12565.0,64492.0,0.0
10.16,0.0,0.0,28069.0,6120.0,3049.0,14857.0,64380.0,0.0
10.2,0.0,0.0,25055.0,6758.0,3365.0,17887.0,64481.0,0.0
10.24,0.0,0.0,25040.0,7435.0,3248.0,20871.0,64504.0,0.0
10.28,0.0,0.0,24170.0,8075.0,3089.0,23727.0,64485.0,0.0
10.32,0.0,0.0,24583.0,8734.0,2710.0,27038.0,64613.0,0.0
10.36,0.0,0.0,24355.0,9416.0,2422.0,30331.0,64733.0,0.0
10.4,0.0,0.0,25622.0,10055.0,2454.0,33336.0,64754.0,0.0
10.44,0.0,0.0,26247.0,10724.0,2643.0,36340.0,64810.0,0.0
10.48,0.0,0.0,27725.0,11367.0,2604.0,38964.0,64767.0,0.0
10.52,0.0,0.0,29840.0,12032.0,2535.0,41304.0,64675.0,0.0
10.56,0.0,0.0,30675.0,12702.0,2170.0,43450.0,64581.0,0.0
10.6,0.0,0.0,34063.0,13320.0,1137.0,45620.0,64533.0,0.0
10.64,0.0,0.0,38086.0,14003.0,1170.0,48158.0,64651.0,0.0
10.68,0.0,0.0,42529.0,14632.0,1005.0,49604.0,64452.0,0.0
10.72,0.0,0.0,43779.0,15299.0,715.0,50748.0,64231.0,0.0
10.76,0.0,0.0,44179.0,15979.0,734.0,52696.0,64371.0,0.0
10.8,0.0,0.0,44790.0,16620.0,967.0,54300.0,64410.0,0.0
10.84,0.0,0.0,48158.0,17288.0,917.0,55461.0,64373.0,0.0
10.88,0.0,0.0,50038.0,17917.0,772.0,56028.0,64207.0,0.0
10.92,0.0,0.0,51493.0,18584.0,681.0,57220.0,64315.0,0.0
10.96,0.0,0.0,54851.0,19241.0,614.0,57928.0,64284.0,0.0
11.0,0.0,0.0,56724.0,19886.0,720.0,58742.0,64342.0,0.0
11.04,0.0,0.0,56691.0,20575.0,935.0,59886.0,64564.0,0.0
11.08,0.0,0.0,57715.0,21210.0,926.0,60338.0,64550.0,0.0
11.12,0.0,0.0,58527.0,21883.0,908.0,60485.0,64486.0,0.0
11.16,0.0,0.0,57649.0,22540.0,861.0,60302.0,64347.0,0.0
11.2,0.0,0.0,57826.0,23172.0,779.0,60283.0,64276.0,0.0
11.24,0.0,0.0,58637.0,23841.0,745.0,60269.0,64223.0,0.0
11.28,0.0,0.0,58603.0,24466.0,764.0,60538.0,64276.0,0.0
11.32,0.0,0.0,58358.0,25128.0,765.0,60843.0,64353.0,0.0
11.36,0.0,0.0,59377.0,25782.0,834.0,60919.0,64358.0,0.0
11.4,0.0,0.0,60816.0,26613.0,944.0,61016.0,64383.0,0.0
11.44,0.0,0.0,59940.0,27271.0,778.0,60761.0,64288.0,0.0
11.48,0.0,0.0,59905.0,27901.0,787.0,60781.0,64296.0,0.0
11.52,0.0,0.0,61761.0,28575.0,794.0,61105.0,64414.0,0.0
11.56,0.0,0.0,61516.0,29221.0,745.0,60660.0,64248.0,0.0
11.6,0.0,0.0,61271.0,29879.0,720.0,60703.0,64269.0,0.0
11.64,0.0,0.0,62494.0,30553.0,639.0,60770.0,64294.0,0.0
11.68,0.0,0.0,63506.0,31181.0,728.0,61131.0,64412.0,0.0
11.72,0.0,0.0,63050.0,31857.0,739.0,61201.0,64441.0,0.0
11.76,0.0,0.0,62177.0,32503.0,749.0,61250.0,64450.0,0.0
11.8,0.0,0.0,64442.0,33161.0,736.0,61044.0,64372.0,0.0
11.84,0.0,0.0,64615.0,33835.0,834.0,61069.0,64399.0,0.0
11.88,0.0,0.0,63533.0,34480.0,806.0,61069.0,64390.0,0.0
11.92,0.0,0.0,64332.0,35156.0,792.0,61103.0,64414.0,0.0
11.96,0.0,0.0,65130.0,35801.0,894.0,61242.0,64450.0,0.0
12.0,0.0,0.0,63841.0,36463.0,780.0,61185.0,64439.0,0.0
12.04,0.0,0.0,61928.0,37139.0,797.0,61198.0,64439.0,0.0
12.08,0.0,0.0,63768.0,37770.0,788.0,61130.0,64407.0,0.0
12.12,0.0,0.0,63731.0,38452.0,819.0,60992.0,64369.0,0.0
12.16,0.0,0.0,62030.0,39101.0,792.0,60882.0,64336.0,0.0
12.2,0.0,0.0,61995.0,39762.0,781.0,60734.0,64305.0,0.0
12.24,0.0,0.0,62791.0,40431.0,772.0,60690.0,64306.0,0.0
12.28,0.0,0.0,61716.0,41059.0,818.0,60869.0,64395.0,0.0
12.32,0.0,0.0,60227.0,41734.0,847.0,60839.0,64429.0,0.0
12.36,0.0,0.0,61231.0,42370.0,913.0,60896.0,64493.0,0.0
12.4,0.0,0.0,61196.0,43025.0,930.0,60946.0,64582.0,0.0
12.44,0.0,0.0,59502.0,43679.0,1067.0,60641.0,64553.0,0.0
12.48,0.0,0.0,58225.0,44305.0,1032.0,60315.0,64563.0,0.0
12.52,0.0,0.0,58814.0,44982.0,1043.0,59758.0,64516.0,0.0
12.56,0.0,0.0,56297.0,45620.0,1054.0,59186.0,64505.0,0.0
12.6,0.0,0.0,54196.0,46269.0,1046.0,58484.0,64498.0,0.0
12.64,0.0,0.0,51271.0,46944.0,883.0,57498.0,64421.0,0.0
12.68,0.0,0.0,52068.0,47578.0,859.0,56333.0,64344.0,0.0
12.72,0.0,0.0,50180.0,48254.0,848.0,55082.0,64299.0,0.0
12.76,0.0,0.0,48501.0,48902.0,688.0,53735.0,64280.0,0.0
12.8,0.0,0.0,45586.0,49560.0,580.0,52472.0,64362.0,0.0
12.84,0.0,0.0,45972.0,50239.0,544.0,51061.0,64430.0,0.0
12.88,0.0,0.0,43886.0,50885.0,577.0,49537.0,64534.0,0.0
12.92,0.0,0.0,39537.0,51553.0,770.0,48020.0,64693.0,0.0
12.96,0.0,0.0,36222.0,52200.0,962.0,46032.0,64748.0,0.0
13.0,0.0,0.0,32499.0,52851.0,1342.0,43633.0,64709.0,0.0
13.04,0.0,0.0,29397.0,53521.0,1584.0,40968.0,64637.0,0.0
13.08,0.0,0.0,27326.0,54155.0,1446.0,38125.0,64582.0,0.0
13.12,0.0,0.0,24641.0,54819.0,1320.0,35371.0,64587.0,0.0
13.16,0.0,0.0,24217.0,55460.0,1334.0,32649.0,64659.0,0.0
13.2,0.0,0.0,23793.0,56103.0,2174.0,29910.0,64725.0,0.0
13.24,0.0,0.0,23779.0,56773.0,2808.0,27008.0,64733.0,0.0
13.28,0.0,0.0,23766.0,57408.0,3154.0,23822.0,64639.0,0.0
13.32,0.0,0.0,24162.0,58074.0,3429.0,20746.0,64576.0,0.0
13.36,0.0,0.0,26809.0,58719.0,3338.0,17857.0,64576.0,0.0
13.4,0.0,0.0,27817.0,59366.0,3292.0,15202.0,64610.0,0.0
13.44,0.0,0.0,32094.0,60024.0,3083.0,12448.0,64559.0,0.0
13.48,0.0,0.0,38409.0,60663.0,3154.0,10217.0,64624.0,0.0
13.52,0.0,0.0,44718.0,61325.0,3264.0,8362.0,64743.0,0.0
13.56,0.0,0.0,45713.0,61978.0,3522.0,6663.0,64827.0,0.0
13.6,0.0,0.0,46911.0,62627.0,3854.0,5216.0,64892.0,0.0
13.64,0.0,0.0,50351.0,63299.0,4116.0,4067.0,64962.0,0.0
13.68,0.0,0.0,51952.0,63941.0,4059.0,2868.0,64903.0,0.0
13.72,0.0,0.0,52942.0,64607.0,3975.0,2126.0,64880.0,0.0
13.76,0.0,0.0,54133.0,65258.0,3876.0,1492.0,64790.0,0.0
13.8,0.0,0.0,53899.0,344.0,3919.0,1492.0,64781.0,0.0
13.84,0.0,0.0,52040.0,1016.0,4044.0,2060.0,64868.0,0.0
13.88,0.0,0.0,50792.0,1673.0,4183.0,3027.0,64941.0,0.0
13.92,0.0,0.0,46093.0,2340.0,4092.0,3943.0,64866.0,0.0
13.96,0.0,0.0,45662.0,2989.0,3842.0,5153.0,64811.0,0.0
14.0,0.0,0.0,45434.0,3639.0,3543.0,6596.0,64728.0,0.0
14.04,0.0,0.0,43381.0,4309.0,3314.0,8395.0,64686.0,0.0
14.08,0.0,0.0,36874.0,4951.0,3151.0,10499.0,64635.0,0.0
14.12,0.0,0.0,30171.0,5620.0,3338.0,13049.0,64679.0,0.0
14.16,0.0,0.0,27726.0,6269.0,3455.0,15300.0,64538.0,0.0
14.2,0.0,0.0,25890.0,6918.0,3536.0,17896.0,64479.0,0.0
14.24,0.0,0.0,25067.0,7590.0,3494.0,20950.0,64559.0,0.0
14.28,0.0,0.0,24245.0,8234.0,3386.0,24205.0,64676.0,0.0
14.32,0.0,0.0,24635.0,8894.0,2811.0,27028.0,64641.0,0.0
14.36,0.0,0.0,25227.0,9542.0,2466.0,30075.0,64687.0,0.0
14.4,0.0,0.0,25617.0,10190.0,2428.0,33147.0,64722.0,0.0
14.44,0.0,0.0,26409.0,10843.0,2671.0,36256.0,64808.0,0.0
14.48,0.0,0.0,27805.0,11489.0,2884.0,39085.0,64820.0,0.0
14.52,0.0,0.0,30005.0,12149.0,2698.0,41330.0,64716.0,0.0
14.56,0.0,0.0,30793.0,12801.0,2414.0,43508.0,64621.0,0.0
14.6,0.0,0.0,34196.0,13444.0,1541.0,45420.0,64487.0,0.0
14.64,0.0,0.0,37192.0,14105.0,1420.0,47375.0,64396.0,0.0
14.68,0.0,0.0,41592.0,14755.0,1312.0,49183.0,64335.0,0.0
14.72,0.0,0.0,44180.0,15416.0,1334.0,50891.0,64316.0,0.0
14.76,0.0,0.0,45360.0,16058.0,1345.0,52256.0,64218.0,0.0
14.8,0.0,0.0,48745.0,16701.0,1294.0,53351.0,64104.0,0.0
14.84,0.0,0.0,50322.0,17359.0,1005.0,54388.0,64027.0,0.0
14.88,0.0,0.0,51497.0,18023.0,979.0,55395.0,64004.0,0.0
14.92,0.0,0.0,52670.0,18681.0,901.0,56699.0,64150.0,0.0
14.96,0.0,0.0,55043.0,19334.0,1040.0,57780.0,64239.0,0.0
15.0,0.0,0.0,57213.0,19979.0,1021.0,58428.0,64243.0,0.0
15.04,0.0,0.0,57582.0,20635.0,1038.0,59097.0,64288.0,0.0
15.08,0.0,0.0,57750.0,21286.0,985.0,59586.0,64317.0,0.0
15.12,0.0,0.0,58717.0,21944.0,933.0,60016.0,64351.0,0.0
15.16,0.0,0.0,57887.0,22605.0,927.0,60515.0,64433.0,0.0
15.2,0.0,0.0,57855.0,23260.0,913.0,60911.0,64506.0,0.0
15.24,0.0,0.0,58621.0,23926.0,1000.0,61129.0,64505.0,0.0
15.28,0.0,0.0,58788.0,24582.0,946.0,61129.0,64468.0,0.0
15.32,0.0,0.0,58358.0,25241.0,990.0,61221.0,64487.0,0.0
15.36,0.0,0.0,59321.0,25797.0,982.0,61405.0,64544.0,0.0
15.4,0.0,0.0,60880.0,26444.0,1057.0,61460.0,64566.0,0.0
15.44,0.0,0.0,60052.0,27094.0,998.0,61646.0,64613.0,0.0
15.48,0.0,0.0,59820.0,27747.0,975.0,61754.0,64650.0,0.0
15.52,0.0,0.0,61178.0,28400.0,1060.0,61762.0,64646.0,0.0
15.56,0.0,0.0,61542.0,29062.0,953.0,61627.0,64602.0,0.0
15.6,0.0,0.0,61112.0,29709.0,1116.0,61739.0,64646.0,0.0
15.64,0.0,0.0,62268.0,30372.0,1025.0,61880.0,64680.0,0.0
15.68,0.0,0.0,63225.0,31024.0,1034.0,61849.0,64665.0,0.0
15.72,0.0,0.0,62795.0,31674.0,954.0,61823.0,64647.0,0.0
15.76,0.0,0.0,61969.0,32335.0,912.0,61628.0,64581.0,0.0
15.8,0.0,0.0,62727.0,32979.0,931.0,61670.0,64597.0,0.0
15.84,0.0,0.0,64275.0,33640.0,1023.0,61503.0,64537.0,0.0
15.88,0.0,0.0,63252.0,34308.0,1006.0,61326.0,64483.0,0.0
15.92,0.0,0.0,63020.0,34957.0,1022.0,61410.0,64507.0,0.0
15.96,0.0,0.0,64763.0,35619.0,966.0,61165.0,64430.0,0.0
16.0,0.0,0.0,63741.0,36263.0,877.0,61172.0,64431.0,0.0
16.04,0.0,0.0,62129.0,36924.0,908.0,61138.0,64420.0,0.0
16.08,0.0,0.0,61898.0,37579.0,822.0,60892.0,64334.0,0.0
16.12,0.0,0.0,63441.0,38225.0,948.0,61070.0,64401.0,0.0
16.16,0.0,0.0,62028.0,38887.0,822.0,60977.0,64389.0,0.0
16.2,0.0,0.0,60814.0,39532.0,755.0,60782.0,64324.0,0.0
16.24,0.0,0.0,61961.0,40192.0,770.0,60630.0,64284.0,0.0
16.28,0.0,0.0,61731.0,40846.0,886.0,60825.0,64381.0,0.0
16.32,0.0,0.0,60126.0,41495.0,938.0,60733.0,64379.0,0.0
16.36,0.0,0.0,59897.0,42162.0,1004.0,60446.0,64325.0,0.0
16.4,0.0,0.0,61043.0,42812.0,1032.0,60274.0,64329.0,0.0
16.44,0.0,0.0,59637.0,43457.0,1051.0,60108.0,64365.0,0.0
16.48,0.0,0.0,58232.0,44114.0,1062.0,59957.0,64425.0,0.0
16.52,0.0,0.0,58789.0,44759.0,1113.0,59814.0,64520.0,0.0
16.56,0.0,0.0,56407.0,45427.0,1046.0,59072.0,64449.0,0.0
16.6,0.0,0.0,54419.0,46077.0,994.0,58250.0,64382.0,0.0
16.64,0.0,0.0,53803.0,46737.0,930.0,57322.0,64349.0,0.0
16.68,0.0,0.0,50450.0,47391.0,967.0,56609.0,64426.0,0.0
16.72,0.0,0.0,49250.0,48033.0,965.0,55638.0,64470.0,0.0
16.76,0.0,0.0,48052.0,48696.0,998.0,54415.0,64483.0,0.0
16.8,0.0,0.0,46855.0,49345.0,841.0,52866.0,64448.0,0.0
16.84,0.0,0.0,45854.0,50012.0,553.0,50925.0,64351.0,0.0
16.88,0.0,0.0,43294.0,50686.0,574.0,49260.0,64405.0,0.0
16.92,0.0,0.0,40152.0,51337.0,800.0,47720.0,64564.0,0.0
16.96,0.0,0.0,35456.0,52012.0,784.0,45561.0,64563.0,0.0
17.0,0.0,0.0,32516.0,52663.0,1184.0,43258.0,64550.0,0.0
17.04,0.0,0.0,29385.0,53328.0,1493.0,41033.0,64640.0,0.0
17.08,0.0,0.0,27230.0,54229.0,1551.0,38528.0,64686.0,0.0
17.12,0.0,0.0,25271.0,54882.0,1186.0,35465.0,64583.0,0.0
17.16,0.0,0.0,24286.0,55541.0,1252.0,32599.0,64592.0,0.0
17.2,0.0,0.0,23885.0,56185.0,2339.0,29730.0,64624.0,0.0
17.24,0.0,0.0,23872.0,56849.0,2823.0,26750.0,64617.0,0.0
17.28,0.0,0.0,23666.0,57491.0,3311.0,23728.0,64579.0,0.0
17.32,0.0,0.0,24235.0,58150.0,3350.0,20495.0,64472.0,0.0
17.36,0.0,0.0,26935.0,58806.0,3364.0,17776.0,64514.0,0.0
17.4,0.0,0.0,27889.0,59449.0,3298.0,15446.0,64683.0,0.0
17.44,0.0,0.0,30197.0,60098.0,3236.0,13027.0,64746.0,0.0
17.48,0.0,0.0,38887.0,60743.0,3197.0,10775.0,64786.0,0.0
17.52,0.0,0.0,45634.0,61402.0,3372.0,8678.0,64835.0,0.0
17.56,0.0,0.0,45996.0,62063.0,3608.0,6976.0,64914.0,0.0
17.6,0.0,0.0,46745.0,62712.0,3926.0,5452.0,64962.0,0.0
17.64,0.0,0.0,50388.0,63380.0,4094.0,4301.0,65034.0,0.0
17.68,0.0,0.0,51905.0,64028.0,3945.0,2883.0,64890.0,0.0
17.72,0.0,0.0,54192.0,64690.0,3968.0,2314.0,64944.0,0.0
17.76,0.0,0.0,55898.0,65352.0,3906.0,1655.0,64829.0,0.0
17.8,0.0,0.0,54520.0,437.0,3853.0,1687.0,64856.0,0.0
17.84,0.0,0.0,52951.0,1106.0,3954.0,2136.0,64878.0,0.0
17.88,0.0,0.0,50806.0,1769.0,3910.0,2876.0,64894.0,0.0
17.92,0.0,0.0,46932.0,2432.0,3819.0,4096.0,64939.0,0.0
17.96,0.0,0.0,46907.0,3093.0,3886.0,5665.0,64991.0,0.0
18.0,0.0,0.0,46306.0,3746.0,3784.0,7525.0,65060.0,0.0
18.04,0.0,0.0,42825.0,4414.0,3523.0,9396.0,65019.0,0.0
18.08,0.0,0.0,35701.0,5057.0,3215.0,11063.0,64831.0,0.0
18.12,0.0,0.0,28200.0,5720.0,3281.0,13355.0,64800.0,0.0
18.16,0.0,0.0,26843.0,6377.0,3275.0,15697.0,64703.0,0.0
18.2,0.0,0.0,25296.0,7021.0,3398.0,18176.0,64599.0,0.0
18.24,0.0,0.0,25091.0,7687.0,3407.0,21223.0,64662.0,0.0
18.28,0.0,0.0,24504.0,8327.0,3273.0,24348.0,64734.0,0.0
18.32,0.0,0.0,25065.0,8988.0,2884.0,27369.0,64751.0,0.0
18.36,0.0,0.0,25243.0,9636.0,2437.0,30136.0,64685.0,0.0
18.4,0.0,0.0,25421.0,10275.0,2302.0,32838.0,64611.0,0.0
18.44,0.0,0.0,25408.0,10921.0,2405.0,35780.0,64648.0,0.0
18.48,0.0,0.0,27495.0,11561.0,2509.0,38727.0,64731.0,0.0
18.52,0.0,0.0,28434.0,12217.0,2468.0,41064.0,64599.0,0.0
18.56,0.0,0.0,30899.0,12868.0,2081.0,43246.0,64502.0,0.0
18.6,0.0,0.0,33742.0,13512.0,1060.0,45183.0,64387.0,0.0
18.64,0.0,0.0,37536.0,14177.0,961.0,47263.0,64356.0,0.0
18.68,0.0,0.0,41896.0,14823.0,845.0,49249.0,64370.0,0.0
18.72,0.0,0.0,44349.0,15484.0,967.0,51031.0,64363.0,0.0
18.76,0.0,0.0,45847.0,16154.0,670.0,53161.0,64543.0,0.0
18.8,0.0,0.0,47915.0,16802.0,651.0,54297.0,64406.0,0.0
18.84,0.0,0.0,48460.0,17483.0,774.0,55553.0,64415.0,0.0
18.88,0.0,0.0,48815.0,18162.0,857.0,57192.0,64620.0,0.0
18.92,0.0,0.0,52966.0,18817.0,864.0,57760.0,64480.0,0.0
18.96,0.0,0.0,56164.0,19473.0,724.0,57586.0,64151.0,0.0
19.0,0.0,0.0,57462.0,20125.0,536.0,58564.0,64280.0,0.0
19.04,0.0,0.0,57622.0,20790.0,562.0,59191.0,64331.0,0.0
19.08,0.0,0.0,57971.0,21438.0,479.0,59136.0,64151.0,0.0
19.12,0.0,0.0,58887.0,22099.0,698.0,59783.0,64267.0,0.0
19.16,0.0,0.0,58100.0,22750.0,850.0,60135.0,64294.0,0.0
19.2,0.0,0.0,58070.0,23398.0,728.0,60319.0,64280.0,0.0
19.24,0.0,0.0,58796.0,24056.0,649.0,59897.0,64078.0,0.0
19.28,0.0,0.0,58954.0,24700.0,662.0,59681.0,63974.0,0.0
19.32,0.0,0.0,59113.0,25359.0,650.0,59871.0,64031.0,0.0
19.36,0.0,0.0,59837.0,26006.0,804.0,59926.0,64028.0,0.0
19.4,0.0,0.0,60938.0,26547.0,813.0,60314.0,64143.0,0.0
19.44,0.0,0.0,60152.0,27191.0,799.0,60827.0,64319.0,0.0
19.48,0.0,0.0,59933.0,27840.0,682.0,61110.0,64396.0,0.0
19.52,0.0,0.0,61597.0,28497.0,818.0,61488.0,64543.0,0.0
19.56,0.0,0.0,61565.0,29154.0,845.0,61725.0,64620.0,0.0
19.6,0.0,0.0,61157.0,29805.0,959.0,61848.0,64657.0,0.0
19.64,0.0,0.0,62066.0,30467.0,794.0,61570.0,64558.0,0.0
19.68,0.0,0.0,63162.0,31116.0,589.0,61222.0,64431.0,0.0
19.72,0.0,0.0,62754.0,31773.0,667.0,60989.0,64365.0,0.0
19.76,0.0,0.0,61970.0,32430.0,755.0,61035.0,64379.0,0.0
19.8,0.0,0.0,63815.0,33081.0,713.0,60941.0,64344.0,0.0
19.84,0.0,0.0,64158.0,33745.0,619.0,60558.0,64205.0,0.0
19.88,0.0,0.0,63187.0,34413.0,679.0,60374.0,64146.0,0.0
19.92,0.0,0.0,62967.0,35071.0,649.0,60727.0,64288.0,0.0
19.96,0.0,0.0,64433.0,35727.0,740.0,60810.0,64311.0,0.0
20.0,0.0,0.0,63652.0,36377.0,839.0,61410.0,64517.0,0.0
20.04,0.0,0.0,62122.0,37040.0,824.0,61458.0,64520.0,0.0
20.08,0.0,0.0,63025.0,37683.0,963.0,61785.0,64622.0,0.0
20.12,0.0,0.0,63180.0,38340.0,842.0,61753.0,64618.0,0.0
20.16,0.0,0.0,61840.0,38990.0,835.0,61996.0,64705.0,0.0
20.2,0.0,0.0,60874.0,39642.0,963.0,61264.0,64454.0,0.0
20.24,0.0,0.0,62336.0,40302.0,981.0,61221.0,64475.0,0.0
20.28,0.0,0.0,61745.0,40949.0,782.0,61096.0,64463.0,0.0
20.32,0.0,0.0,60222.0,41616.0,583.0,60405.0,64260.0,0.0
20.36,0.0,0.0,61123.0,42271.0,725.0,59830.0,64102.0,0.0
20.4,0.0,0.0,61278.0,42931.0,658.0,59585.0,64104.0,0.0
20.44,0.0,0.0,59943.0,43578.0,856.0,59562.0,64178.0,0.0
20.48,0.0,0.0,58610.0,44225.0,1000.0,59713.0,64345.0,0.0
20.52,0.0,0.0,59138.0,44898.0,890.0,59131.0,64280.0,0.0
20.56,0.0,0.0,57807.0,45550.0,835.0,58464.0,64236.0,0.0
20.6,0.0,0.0,56106.0,46205.0,899.0,57948.0,64297.0,0.0
20.64,0.0,0.0,51620.0,46869.0,917.0,57264.0,64333.0,0.0
20.68,0.0,0.0,52151.0,47520.0,983.0,56128.0,64261.0,0.0
20.72,0.0,0.0,49342.0,48186.0,1043.0,55297.0,64347.0,0.0
20.76,0.0,0.0,48761.0,48841.0,1034.0,54031.0,64342.0,0.0
20.8,0.0,0.0,45771.0,49497.0,944.0,52558.0,64345.0,0.0
20.84,0.0,0.0,45933.0,50152.0,815.0,51083.0,64398.0,0.0
20.88,0.0,0.0,43503.0,50825.0,763.0,49044.0,64321.0,0.0
20.92,0.0,0.0,39225.0,51490.0,866.0,47341.0,64420.0,0.0
20.96,0.0,0.0,35322.0,52140.0,885.0,45335.0,64476.0,0.0
21.0,0.0,0.0,32532.0,52801.0,1348.0,43082.0,64496.0,0.0
21.04,0.0,0.0,29374.0,53457.0,1654.0,40776.0,64550.0,0.0
21.08,0.0,0.0,27328.0,53953.0,1633.0,38340.0,64628.0,0.0
21.12,0.0,0.0,25284.0,54610.0,1716.0,35794.0,64703.0,0.0
21.16,0.0,0.0,24718.0,55266.0,1850.0,33205.0,64812.0,0.0
21.2,0.0,0.0,24153.0,55921.0,2845.0,30681.0,64963.0,0.0
21.24,0.0,0.0,23219.0,56576.0,3323.0,27731.0,64945.0,0.0
21.28,0.0,0.0,23391.0,57232.0,3975.0,24560.0,64863.0,0.0
21.32,0.0,0.0,24300.0,57886.0,4090.0,21465.0,64799.0,0.0
21.36,0.0,0.0,25944.0,58535.0,4200.0,19133.0,65004.0,0.0
21.4,0.0,0.0,26115.0,59177.0,3686.0,17856.0,65535.0,0.0
21.44,0.0,0.0,29778.0,59831.0,2828.0,13592.0,64890.0,0.0
21.48,0.0,0.0,36193.0,60475.0,3158.0,11291.0,64955.0,0.0
21.52,0.0,0.0,42602.0,61132.0,3282.0,9227.0,65028.0,0.0
21.56,0.0,0.0,45884.0,61790.0,3848.0,7201.0,64998.0,0.0
21.6,0.0,0.0,47695.0,62430.0,4337.0,5915.0,65110.0,0.0
21.64,0.0,0.0,47488.0,63100.0,4257.0,4067.0,64914.0,0.0
21.68,0.0,0.0,49113.0,63744.0,4152.0,2654.0,64798.0,0.0
21.72,0.0,0.0,54034.0,64397.0,4303.0,2495.0,65010.0,0.0
21.76,0.0,0.0,54739.0,65057.0,4594.0,2042.0,64974.0,0.0
21.8,0.0,0.0,55261.0,129.0,4535.0,1477.0,64771.0,0.0
21.84,0.0,0.0,52856.0,798.0,4513.0,2078.0,64875.0,0.0
21.88,0.0,0.0,51915.0,1460.0,4585.0,3303.0,65059.0,0.0
21.92,0.0,0.0,50610.0,2115.0,4544.0,4703.0,65151.0,0.0
21.96,0.0,0.0,49307.0,2777.0,4332.0,5900.0,65073.0,0.0
22.0,0.0,0.0,46179.0,3417.0,4107.0,7554.0,65077.0,0.0
22.04,0.0,0.0,45426.0,4083.0,3888.0,8565.0,64751.0,0.0
22.08,0.0,0.0,41757.0,4726.0,3651.0,9981.0,64484.0,0.0
22.12,0.0,0.0,30618.0,5387.0,3530.0,12947.0,64697.0,0.0
22.16,0.0,0.0,28235.0,6047.0,3715.0,15363.0,64599.0,0.0
22.2,0.0,0.0,25490.0,6694.0,3870.0,17975.0,64529.0,0.0
22.24,0.0,0.0,25113.0,7369.0,3920.0,21118.0,64640.0,0.0
22.28,0.0,0.0,24555.0,8018.0,3714.0,24357.0,64749.0,0.0
22.32,0.0,0.0,23088.0,8691.0,3235.0,27827.0,64944.0,0.0
22.36,0.0,0.0,24530.0,9351.0,2725.0,30423.0,64799.0,0.0
22.4,0.0,0.0,25426.0,10001.0,2527.0,32954.0,64662.0,0.0
22.44,0.0,0.0,25595.0,10660.0,2764.0,35633.0,64609.0,0.0
22.48,0.0,0.0,27578.0,11306.0,2977.0,38459.0,64627.0,0.0
22.52,0.0,0.0,30285.0,11981.0,2986.0,41354.0,64746.0,0.0
22.56,0.0,0.0,33713.0,12665.0,2797.0,44943.0,65125.0,0.0
22.6,0.0,0.0,35871.0,13308.0,2052.0,46584.0,64876.0,0.0
22.64,0.0,0.0,38388.0,13997.0,1382.0,48429.0,64755.0,0.0
22.68,0.0,0.0,41989.0,14653.0,1391.0,50470.0,64783.0,0.0
22.72,0.0,0.0,43415.0,15308.0,1238.0,51453.0,64505.0,0.0
22.76,0.0,0.0,43393.0,15981.0,1266.0,52942.0,64469.0,0.0
22.8,0.0,0.0,45360.0,16616.0,1313.0,54500.0,64515.0,0.0
22.84,0.0,0.0,47686.0,17301.0,1326.0,56042.0,64597.0,0.0
22.88,0.0,0.0,50189.0,17949.0,1098.0,56773.0,64452.0,0.0
22.92,0.0,0.0,50345.0,18607.0,1001.0,57573.0,64423.0,0.0
22.96,0.0,0.0,54649.0,19288.0,919.0,58399.0,64449.0,0.0
23.0,0.0,0.0,56965.0,19910.0,853.0,58976.0,64429.0,0.0
23.04,0.0,0.0,57297.0,20593.0,968.0,59417.0,64392.0,0.0
23.08,0.0,0.0,57809.0,21243.0,934.0,59830.0,64393.0,0.0
23.12,0.0,0.0,58861.0,21885.0,908.0,59766.0,64257.0,0.0
23.16,0.0,0.0,58292.0,22565.0,943.0,60395.0,64404.0,0.0
23.2,0.0,0.0,58084.0,23189.0,847.0,60549.0,64386.0,0.0
23.24,0.0,0.0,58774.0,23870.0,1039.0,60807.0,64400.0,0.0
23.28,0.0,0.0,59104.0,24530.0,993.0,61138.0,64489.0,0.0
23.32,0.0,0.0,58716.0,25171.0,991.0,61235.0,64487.0,0.0
23.36,0.0,0.0,59764.0,26000.0,1301.0,61792.0,64660.0,0.0
23.4,0.0,0.0,60811.0,26631.0,1496.0,62125.0,64771.0,0.0
23.44,0.0,0.0,60243.0,27299.0,1385.0,62629.0,64919.0,0.0
23.48,0.0,0.0,60751.0,27952.0,1381.0,62591.0,64906.0,0.0
23.52,0.0,0.0,61438.0,28600.0,1290.0,62548.0,64884.0,0.0
23.56,0.0,0.0,61587.0,29280.0,1223.0,61928.0,64665.0,0.0
23.6,0.0,0.0,61198.0,29903.0,1172.0,61645.0,64589.0,0.0
23.64,0.0,0.0,62063.0,30584.0,1089.0,61483.0,64531.0,0.0
23.68,0.0,0.0,63105.0,31233.0,1136.0,61311.0,64484.0,0.0
23.72,0.0,0.0,62717.0,31880.0,1273.0,61309.0,64478.0,0.0
23.76,0.0,0.0,62150.0,32561.0,1246.0,61385.0,64500.0,0.0
23.8,0.0,0.0,63726.0,33184.0,1156.0,61048.0,64371.0,0.0
23.84,0.0,0.0,64052.0,33863.0,1108.0,61054.0,64374.0,0.0
23.88,0.0,0.0,63129.0,34527.0,1163.0,60797.0,64290.0,0.0
23.92,0.0,0.0,63455.0,35177.0,1095.0,60636.0,64234.0,0.0
23.96,0.0,0.0,64314.0,35857.0,1136.0,60479.0,64189.0,0.0
24.0,0.0,0.0,63571.0,36483.0,1308.0,60969.0,64359.0,0.0
24.04,0.0,0.0,61404.0,37162.0,1107.0,61363.0,64490.0,0.0
24.08,0.0,0.0,63153.0,37814.0,1098.0,61324.0,64459.0,0.0
24.12,0.0,0.0,63300.0,38464.0,1016.0,61351.0,64469.0,0.0
24.16,0.0,0.0,62025.0,39149.0,951.0,61113.0,64408.0,0.0
24.2,0.0,0.0,61462.0,39773.0,991.0,60780.0,64300.0,0.0
24.24,0.0,0.0,62320.0,40460.0,815.0,60398.0,64186.0,0.0
24.28,0.0,0.0,61757.0,41112.0,808.0,60206.0,64150.0,0.0
24.32,0.0,0.0,59598.0,41756.0,830.0,60123.0,64143.0,0.0
24.36,0.0,0.0,61165.0,42441.0,809.0,59782.0,64079.0,0.0
24.4,0.0,0.0,61135.0,43056.0,931.0,59926.0,64194.0,0.0
24.44,0.0,0.0,59866.0,43717.0,1066.0,60029.0,64323.0,0.0
24.48,0.0,0.0,58598.0,44374.0,1153.0,59745.0,64326.0,0.0
24.52,0.0,0.0,59277.0,45013.0,1085.0,59020.0,64218.0,0.0
24.56,0.0,0.0,58010.0,45703.0,930.0,58341.0,64187.0,0.0
24.6,0.0,0.0,56921.0,46332.0,703.0,57233.0,64018.0,0.0
24.64,0.0,0.0,54243.0,47017.0,704.0,56223.0,63956.0,0.0
24.68,0.0,0.0,52628.0,47675.0,836.0,55346.0,63969.0,0.0
24.72,0.0,0.0,50837.0,48321.0,931.0,54593.0,64086.0,0.0
24.76,0.0,0.0,46755.0,49011.0,940.0,53264.0,64059.0,0.0
24.8,0.0,0.0,47085.0,49635.0,796.0,51910.0,64086.0,0.0
24.84,0.0,0.0,46004.0,50310.0,819.0,50958.0,64340.0,0.0
24.88,0.0,0.0,41402.0,50973.0,876.0,49401.0,64406.0,0.0
24.92,0.0,0.0,39445.0,51621.0,1035.0,47390.0,64390.0,0.0
24.96,0.0,0.0,35377.0,52298.0,1060.0,45449.0,64469.0,0.0
25.0,0.0,0.0,32721.0,52915.0,1511.0,43616.0,64638.0,0.0
25.04,0.0,0.0,29189.0,53961.0,1635.0,40960.0,64585.0,0.0
25.08,0.0,0.0,27242.0,54598.0,1510.0,38131.0,64514.0,0.0
25.12,0.0,0.0,24593.0,55267.0,1384.0,35025.0,64410.0,0.0
25.16,0.0,0.0,24406.0,55902.0,1349.0,32195.0,64427.0,0.0
25.2,0.0,0.0,24043.0,56555.0,2299.0,29738.0,64613.0,0.0
25.24,0.0,0.0,24207.0,57213.0,2610.0,26690.0,64566.0,0.0
25.28,0.0,0.0,24020.0,57851.0,3217.0,23791.0,64567.0,0.0
25.32,0.0,0.0,24534.0,58528.0,3432.0,20805.0,64557.0,0.0
25.36,0.0,0.0,26975.0,59181.0,3560.0,17665.0,64451.0,0.0
25.4,0.0,0.0,28187.0,59826.0,3371.0,15055.0,64516.0,0.0
25.44,0.0,0.0,30449.0,60484.0,3073.0,12913.0,64675.0,0.0
25.48,0.0,0.0,39355.0,61126.0,3127.0,10570.0,64675.0,0.0
25.52,0.0,0.0,48601.0,61797.0,3264.0,8915.0,64894.0,0.0
25.56,0.0,0.0,49102.0,62454.0,3482.0,7461.0,65057.0,0.0
25.6,0.0,0.0,51000.0,63102.0,3589.0,6211.0,65201.0,0.0
25.64,0.0,0.0,53943.0,63780.0,3673.0,4510.0,65067.0,0.0
25.68,0.0,0.0,54616.0,64429.0,3593.0,2744.0,64820.0,0.0
25.72,0.0,0.0,54764.0,65104.0,3633.0,1940.0,64810.0,0.0
25.76,0.0,0.0,56132.0,198.0,3684.0,1779.0,64889.0,0.0
25.8,0.0,0.0,52795.0,851.0,3931.0,2145.0,65013.0,0.0
25.84,0.0,0.0,50157.0,1527.0,3969.0,2569.0,65015.0,0.0
25.88,0.0,0.0,49089.0,2188.0,3953.0,3307.0,65034.0,0.0
25.92,0.0,0.0,44542.0,2861.0,4008.0,4392.0,65042.0,0.0
25.96,0.0,0.0,44347.0,3509.0,3788.0,5615.0,64992.0,0.0
26.0,0.0,0.0,43109.0,4163.0,3494.0,6814.0,64837.0,0.0
26.04,0.0,0.0,40830.0,4831.0,3148.0,8331.0,64693.0,0.0
26.08,0.0,0.0,37858.0,5459.0,2986.0,10197.0,64586.0,0.0
26.12,0.0,0.0,30897.0,6132.0,2913.0,12688.0,64623.0,0.0
26.16,0.0,0.0,28453.0,6763.0,3194.0,15034.0,64514.0,0.0
26.2,0.0,0.0,25318.0,7406.0,3405.0,17872.0,64547.0,0.0
26.24,0.0,0.0,25133.0,8065.0,3373.0,21098.0,64677.0,0.0
26.28,0.0,0.0,24601.0,8687.0,3425.0,24777.0,64953.0,0.0
26.32,0.0,0.0,23031.0,9361.0,3040.0,27909.0,64999.0,0.0
26.36,0.0,0.0,23885.0,9993.0,2714.0,30806.0,64972.0,0.0
26.4,0.0,0.0,25604.0,10640.0,2608.0,33492.0,64902.0,0.0
26.44,0.0,0.0,25592.0,11277.0,2628.0,35831.0,64717.0,0.0
26.48,0.0,0.0,27481.0,11890.0,2707.0,38264.0,64632.0,0.0
26.52,0.0,0.0,28505.0,12538.0,2645.0,40651.0,64552.0,0.0
26.56,0.0,0.0,30736.0,13172.0,2294.0,43086.0,64552.0,0.0
26.6,0.0,0.0,34173.0,13811.0,1810.0,45333.0,64524.0,0.0
26.64,0.0,0.0,39505.0,14466.0,1246.0,47715.0,64571.0,0.0
26.68,0.0,0.0,43452.0,15105.0,1284.0,49611.0,64522.0,0.0
26.72,0.0,0.0,46017.0,15759.0,1214.0,51121.0,64416.0,0.0
26.76,0.0,0.0,47718.0,16400.0,1028.0,52427.0,64322.0,0.0
26.8,0.0,0.0,48728.0,17044.0,973.0,53662.0,64245.0,0.0
26.84,0.0,0.0,53352.0,17710.0,1015.0,55126.0,64314.0,0.0
26.88,0.0,0.0,52811.0,18367.0,1150.0,56435.0,64386.0,0.0
26.92,0.0,0.0,53302.0,19037.0,1249.0,57649.0,64478.0,0.0
26.96,0.0,0.0,54823.0,19693.0,1265.0,58530.0,64508.0,0.0
27.0,0.0,0.0,57718.0,20352.0,1254.0,59173.0,64499.0,0.0
27.04,0.0,0.0,57862.0,21023.0,1153.0,59543.0,64439.0,0.0
27.08,0.0,0.0,58178.0,21678.0,1029.0,60088.0,64479.0,0.0
27.12,0.0,0.0,58151.0,22340.0,1001.0,60002.0,64328.0,0.0
27.16,0.0,0.0,58123.0,22993.0,796.0,59647.0,64125.0,0.0
27.2,0.0,0.0,58267.0,23647.0,744.0,59555.0,64018.0,0.0
27.24,0.0,0.0,58925.0,24306.0,878.0,59589.0,63993.0,0.0
27.28,0.0,0.0,58555.0,24960.0,891.0,60059.0,64119.0,0.0
27.32,0.0,0.0,59212.0,25617.0,866.0,60370.0,64198.0,0.0
27.36,0.0,0.0,59869.0,25952.0,803.0,60393.0,64193.0,0.0
27.4,0.0,0.0,60866.0,26593.0,784.0,60470.0,64203.0,0.0
27.44,0.0,0.0,60154.0,27223.0,725.0,60530.0,64225.0,0.0
27.48,0.0,0.0,59955.0,27881.0,682.0,60682.0,64263.0,0.0
27.52,0.0,0.0,61464.0,28524.0,696.0,60573.0,64224.0,0.0
27.56,0.0,0.0,61606.0,29181.0,756.0,60526.0,64207.0,0.0
27.6,0.0,0.0,61065.0,29829.0,739.0,60692.0,64260.0,0.0
27.64,0.0,0.0,62060.0,30481.0,811.0,60848.0,64316.0,0.0
27.68,0.0,0.0,63053.0,31145.0,717.0,60968.0,64348.0,0.0
27.72,0.0,0.0,62513.0,31793.0,741.0,61073.0,64388.0,0.0
27.76,0.0,0.0,61632.0,32451.0,816.0,61078.0,64385.0,0.0
27.8,0.0,0.0,63475.0,33101.0,831.0,61245.0,64447.0,0.0
27.84,0.0,0.0,63956.0,33753.0,734.0,61125.0,64404.0,0.0
27.88,0.0,0.0,62906.0,34434.0,735.0,61131.0,64394.0,0.0
27.92,0.0,0.0,62537.0,35080.0,737.0,61165.0,64427.0,0.0
27.96,0.0,0.0,64206.0,35735.0,808.0,61440.0,64510.0,0.0
28.0,0.0,0.0,63328.0,36386.0,857.0,61347.0,64477.0,0.0
28.04,0.0,0.0,61771.0,37038.0,802.0,61401.0,64499.0,0.0
28.08,0.0,0.0,62929.0,37703.0,785.0,61258.0,64442.0,0.0
28.12,0.0,0.0,63239.0,38350.0,837.0,61354.0,64492.0,0.0
28.16,0.0,0.0,61854.0,39007.0,796.0,61230.0,64447.0,0.0
28.2,0.0,0.0,60640.0,39653.0,837.0,61327.0,64501.0,0.0
28.24,0.0,0.0,62135.0,40302.0,787.0,61191.0,64471.0,0.0
28.28,0.0,0.0,61768.0,40964.0,833.0,60836.0,64370.0,0.0
28.32,0.0,0.0,60048.0,41606.0,845.0,60859.0,64426.0,0.0
28.36,0.0,0.0,60865.0,42260.0,836.0,60602.0,64386.0,0.0
28.4,0.0,0.0,61175.0,42908.0,903.0,60454.0,64410.0,0.0
28.44,0.0,0.0,59796.0,43546.0,1009.0,60137.0,64379.0,0.0
28.48,0.0,0.0,58417.0,44203.0,1000.0,60173.0,64505.0,0.0
28.52,0.0,0.0,58896.0,44846.0,1040.0,59735.0,64496.0,0.0
28.56,0.0,0.0,56676.0,45501.0,1077.0,59058.0,64441.0,0.0
28.6,0.0,0.0,54964.0,46138.0,1085.0,58491.0,64479.0,0.0
28.64,0.0,0.0,53085.0,46783.0,1079.0,57763.0,64492.0,0.0
28.68,0.0,0.0,49860.0,47432.0,1002.0,57107.0,64584.0,0.0
28.72,0.0,0.0,49164.0,48074.0,1075.0,55920.0,64546.0,0.0
28.76,0.0,0.0,47458.0,48725.0,996.0,54585.0,64524.0,0.0
28.8,0.0,0.0,47100.0,49361.0,1025.0,53412.0,64638.0,0.0
28.84,0.0,0.0,44892.0,50020.0,1030.0,51926.0,64683.0,0.0
28.88,0.0,0.0,44535.0,50696.0,1043.0,49832.0,64586.0,0.0
28.92,0.0,0.0,39475.0,51348.0,1157.0,47474.0,64442.0,0.0
28.96,0.0,0.0,34420.0,52016.0,1169.0,45226.0,64419.0,0.0
29.0,0.0,0.0,32390.0,52668.0,1441.0,42994.0,64443.0,0.0
29.04,0.0,0.0,29356.0,53122.0,1784.0,40662.0,64474.0,0.0
29.08,0.0,0.0,27498.0,53785.0,1783.0,38308.0,64580.0,0.0
29.12,0.0,0.0,25474.0,54444.0,1679.0,35469.0,64533.0,0.0
29.16,0.0,0.0,24458.0,55105.0,1588.0,32765.0,64608.0,0.0
29.2,0.0,0.0,23777.0,55767.0,2457.0,30141.0,64731.0,0.0
29.24,0.0,0.0,24268.0,56428.0,3041.0,27152.0,64705.0,0.0
29.28,0.0,0.0,24089.0,57089.0,3413.0,23840.0,64574.0,0.0
29.32,0.0,0.0,24580.0,57749.0,3668.0,20939.0,64584.0,0.0
29.36,0.0,0.0,27076.0,58411.0,3622.0,17844.0,64500.0,0.0
29.4,0.0,0.0,28400.0,59069.0,3365.0,15135.0,64523.0,0.0
29.44,0.0,0.0,32895.0,59712.0,3233.0,12484.0,64502.0,0.0
29.48,0.0,0.0,38889.0,60367.0,3284.0,10212.0,64556.0,0.0
29.52,0.0,0.0,41874.0,61022.0,3390.0,8185.0,64627.0,0.0
29.56,0.0,0.0,42688.0,61682.0,3689.0,6553.0,64740.0,0.0
29.6,0.0,0.0,46502.0,62333.0,3985.0,5366.0,64903.0,0.0
29.64,0.0,0.0,47481.0,62988.0,4147.0,4041.0,64909.0,0.0
29.68,0.0,0.0,48125.0,63639.0,4039.0,2434.0,64716.0,0.0
29.72,0.0,0.0,52930.0,64287.0,3994.0,1793.0,64744.0,0.0
29.76,0.0,0.0,54903.0,64943.0,3911.0,1585.0,64816.0,0.0
29.8,0.0,0.0,56208.0,26.0,3982.0,1849.0,64900.0,0.0
29.84,0.0,0.0,55517.0,678.0,4076.0,2484.0,64999.0,0.0
29.88,0.0,0.0,50840.0,1345.0,4135.0,3053.0,64945.0,0.0
29.92,0.0,0.0,50153.0,1994.0,4064.0,4000.0,64905.0,0.0
29.96,0.0,0.0,48304.0,2653.0,3957.0,5582.0,64998.0,0.0
30.0,0.0,0.0,48780.0,3306.0,3857.0,7354.0,65026.0,0.0
30.04,0.0,0.0,45772.0,3963.0,3482.0,8926.0,64910.0,0.0
30.08,0.0,0.0,39784.0,4621.0,3224.0,10785.0,64776.0,0.0
30.12,0.0,0.0,30984.0,5276.0,3289.0,12854.0,64670.0,0.0
30.16,0.0,0.0,28486.0,5939.0,3441.0,15172.0,64575.0,0.0
30.2,0.0,0.0,25990.0,6599.0,3686.0,17753.0,64510.0,0.0
30.24,0.0,0.0,24323.0,7257.0,3579.0,20562.0,64497.0,0.0
30.28,0.0,0.0,23982.0,7915.0,3396.0,23582.0,64533.0,0.0
30.32,0.0,0.0,24797.0,8569.0,2959.0,26812.0,64640.0,0.0
30.36,0.0,0.0,25282.0,9232.0,2631.0,29885.0,64673.0,0.0
30.4,0.0,0.0,25436.0,9888.0,2514.0,32719.0,64627.0,0.0
30.44,0.0,0.0,25589.0,10537.0,2583.0,35743.0,64691.0,0.0
30.48,0.0,0.0,27558.0,11202.0,2752.0,38367.0,64637.0,0.0
30.52,0.0,0.0,28535.0,11861.0,2753.0,40805.0,64572.0,0.0
30.56,0.0,0.0,30830.0,12533.0,2452.0,43300.0,64580.0,0.0
30.6,0.0,0.0,34277.0,13188.0,1675.0,45417.0,64520.0,0.0
30.64,0.0,0.0,37720.0,13851.0,946.0,47450.0,64473.0,0.0
30.68,0.0,0.0,41326.0,14513.0,1040.0,49521.0,64479.0,0.0
30.72,0.0,0.0,43611.0,15165.0,1133.0,51154.0,64428.0,0.0
30.76,0.0,0.0,45236.0,15836.0,1113.0,52791.0,64417.0,0.0
30.8,0.0,0.0,45545.0,16488.0,1010.0,54055.0,64359.0,0.0
30.84,0.0,0.0,46181.0,17151.0,887.0,55334.0,64359.0,0.0
30.88,0.0,0.0,50432.0,17830.0,908.0,56645.0,64427.0,0.0
30.92,0.0,0.0,51723.0,18474.0,1003.0,57487.0,64401.0,0.0
30.96,0.0,0.0,52684.0,19140.0,1042.0,58495.0,64473.0,0.0
31.0,0.0,0.0,57090.0,19781.0,1018.0,59004.0,64430.0,0.0
31.04,0.0,0.0,57392.0,20433.0,844.0,59252.0,64328.0,0.0
31.08,0.0,0.0,58022.0,21092.0,919.0,59681.0,64334.0,0.0
31.12,0.0,0.0,58324.0,21729.0,952.0,59983.0,64328.0,0.0
31.16,0.0,0.0,58297.0,22400.0,911.0,60314.0,64350.0,0.0
31.2,0.0,0.0,58271.0,23043.0,877.0,60276.0,64260.0,0.0
31.24,0.0,0.0,58409.0,23701.0,924.0,60401.0,64247.0,0.0
31.28,0.0,0.0,59200.0,24368.0,917.0,60629.0,64296.0,0.0
31.32,0.0,0.0,58683.0,25003.0,899.0,60828.0,64337.0,0.0
31.36,0.0,0.0,59801.0,25912.0,852.0,60757.0,64284.0,0.0
31.4,0.0,0.0,60754.0,26555.0,940.0,60976.0,64357.0,0.0
31.44,0.0,0.0,60074.0,27207.0,989.0,61350.0,64470.0,0.0
31.48,0.0,0.0,59884.0,27867.0,990.0,61515.0,64526.0,0.0
31.52,0.0,0.0,61325.0,28519.0,931.0,61376.0,64465.0,0.0
31.56,0.0,0.0,61460.0,29193.0,1000.0,61386.0,64472.0,0.0
31.6,0.0,0.0,61107.0,29833.0,980.0,61388.0,64474.0,0.0
31.64,0.0,0.0,61894.0,30500.0,960.0,61389.0,64467.0,0.0
31.68,0.0,0.0,63006.0,31157.0,951.0,61278.0,64437.0,0.0
31.72,0.0,0.0,62490.0,31806.0,868.0,61207.0,64407.0,0.0
31.76,0.0,0.0,61486.0,32478.0,930.0,61075.0,64366.0,0.0
31.8,0.0,0.0,63247.0,33118.0,799.0,60825.0,64281.0,0.0
31.84,0.0,0.0,63869.0,33785.0,842.0,60880.0,64296.0,0.0
31.88,0.0,0.0,62866.0,34457.0,845.0,60859.0,64301.0,0.0
31.92,0.0,0.0,63000.0,35109.0,910.0,61006.0,64348.0,0.0
31.96,0.0,0.0,64108.0,35781.0,966.0,61113.0,64385.0,0.0
32.0,0.0,0.0,63268.0,36421.0,984.0,61137.0,64391.0,0.0
32.04,0.0,0.0,61619.0,37090.0,886.0,61020.0,64346.0,0.0
32.08,0.0,0.0,62726.0,37747.0,852.0,60755.0,64259.0,0.0
32.12,0.0,0.0,63184.0,38401.0,914.0,60722.0,64251.0,0.0
32.16,0.0,0.0,61861.0,39075.0,883.0,60648.0,64243.0,0.0
32.2,0.0,0.0,61186.0,39719.0,878.0,60587.0,64225.0,0.0
32.24,0.0,0.0,62129.0,40385.0,859.0,60772.0,64306.0,0.0
32.28,0.0,0.0,61778.0,41040.0,795.0,60733.0,64316.0,0.0
32.32,0.0,0.0,60134.0,41697.0,771.0,60497.0,64255.0,0.0
32.36,0.0,0.0,60754.0,42363.0,738.0,60468.0,64304.0,0.0
32.4,0.0,0.0,61212.0,43004.0,940.0,60545.0,64396.0,0.0
32.44,0.0,0.0,59893.0,43655.0,1013.0,60178.0,64357.0,0.0
32.48,0.0,0.0,58576.0,44313.0,1001.0,59819.0,64343.0,0.0
32.52,0.0,0.0,59034.0,44964.0,1002.0,59528.0,64388.0,0.0
32.56,0.0,0.0,56912.0,45638.0,902.0,58688.0,64288.0,0.0
32.6,0.0,0.0,56403.0,46285.0,814.0,57818.0,64205.0,0.0
32.64,0.0,0.0,51707.0,46955.0,767.0,56954.0,64194.0,0.0
32.68,0.0,0.0,52489.0,47619.0,777.0,56136.0,64226.0,0.0
32.72,0.0,0.0,51017.0,48269.0,898.0,55128.0,64250.0,0.0
32.76,0.0,0.0,45686.0,48943.0,869.0,54025.0,64307.0,0.0
32.8,0.0,0.0,44862.0,49587.0,727.0,52841.0,64391.0,0.0
32.84,0.0,0.0,45646.0,50249.0,648.0,51457.0,64478.0,0.0
32.88,0.0,0.0,44662.0,50918.0,664.0,49782.0,64518.0,0.0
32.92,0.0,0.0,39985.0,51559.0,946.0,47918.0,64554.0,0.0
32.96,0.0,0.0,35313.0,52223.0,917.0,45821.0,64571.0,0.0
33.0,0.0,0.0,32730.0,52858.0,1262.0,43633.0,64603.0,0.0
33.04,0.0,0.0,29348.0,53521.0,1581.0,40991.0,64543.0,0.0
33.08,0.0,0.0,27572.0,54476.0,1664.0,38326.0,64524.0,0.0
33.12,0.0,0.0,24676.0,55133.0,1361.0,35295.0,64435.0,0.0
33.16,0.0,0.0,24344.0,55780.0,1338.0,32500.0,64472.0,0.0
33.2,0.0,0.0,24174.0,56414.0,2347.0,29869.0,64598.0,0.0
33.24,0.0,0.0,24323.0,57074.0,2855.0,26962.0,64607.0,0.0
33.28,0.0,0.0,24152.0,57706.0,3315.0,24000.0,64580.0,0.0
33.32,0.0,0.0,24621.0,58362.0,3551.0,21041.0,64572.0,0.0
33.36,0.0,0.0,26209.0,59014.0,3538.0,18068.0,64531.0,0.0
33.4,0.0,0.0,28434.0,59657.0,3232.0,15213.0,64507.0,0.0
33.44,0.0,0.0,30657.0,60309.0,3166.0,12744.0,64567.0,0.0
33.48,0.0,0.0,39740.0,60949.0,3283.0,10661.0,64679.0,0.0
33.52,0.0,0.0,45626.0,61616.0,3499.0,8795.0,64815.0,0.0
33.56,0.0,0.0,48316.0,62276.0,3638.0,7127.0,64899.0,0.0
33.6,0.0,0.0,50686.0,62927.0,3973.0,5608.0,64951.0,0.0
33.64,0.0,0.0,50505.0,63602.0,4196.0,4058.0,64889.0,0.0
33.68,0.0,0.0,51757.0,64250.0,4026.0,2863.0,64853.0,0.0
33.72,0.0,0.0,56032.0,64923.0,4037.0,2101.0,64845.0,0.0
33.76,0.0,0.0,56167.0,19.0,4068.0,1672.0,64823.0,0.0
33.8,0.0,0.0,54870.0,674.0,4100.0,1677.0,64844.0,0.0
33.84,0.0,0.0,50077.0,1349.0,4289.0,2294.0,64944.0,0.0
33.88,0.0,0.0,47989.0,2010.0,4199.0,2833.0,64890.0,0.0
33.92,0.0,0.0,47333.0,2679.0,4178.0,3894.0,64891.0,0.0
33.96,0.0,0.0,43026.0,3331.0,4084.0,5337.0,64918.0,0.0
34.0,0.0,0.0,43166.0,3983.0,3823.0,6921.0,64895.0,0.0
34.04,0.0,0.0,42988.0,4649.0,3566.0,8670.0,64836.0,0.0
34.08,0.0,0.0,38054.0,5289.0,3372.0,10793.0,64811.0,0.0
34.12,0.0,0.0,31064.0,5954.0,3390.0,13054.0,64755.0,0.0
34.16,0.0,0.0,28516.0,6594.0,3561.0,15296.0,64617.0,0.0
34.2,0.0,0.0,26128.0,7239.0,3726.0,17758.0,64522.0,0.0
34.24,0.0,0.0,24376.0,7895.0,3599.0,20603.0,64513.0,0.0
34.28,0.0,0.0,24049.0,8520.0,3392.0,23485.0,64511.0,0.0
34.32,0.0,0.0,24829.0,9181.0,2977.0,26776.0,64640.0,0.0
34.36,0.0,0.0,25292.0,9816.0,2623.0,29928.0,64705.0,0.0
34.4,0.0,0.0,25282.0,10457.0,2600.0,33004.0,64756.0,0.0
34.44,0.0,0.0,25586.0,11100.0,2616.0,35840.0,64737.0,0.0
34.48,0.0,0.0,27628.0,11732.0,2819.0,38722.0,64794.0,0.0
34.52,0.0,0.0,30141.0,12398.0,2925.0,41455.0,64822.0,0.0
34.56,0.0,0.0,32178.0,13039.0,2529.0,43778.0,64766.0,0.0
34.6,0.0,0.0,34214.0,13686.0,1864.0,45816.0,64670.0,0.0
34.64,0.0,0.0,39715.0,14347.0,1028.0,47833.0,64611.0,0.0
34.68,0.0,0.0,42534.0,14988.0,1202.0,49947.0,64647.0,0.0
34.72,0.0,0.0,45979.0,15658.0,1141.0,51777.0,64644.0,0.0
34.76,0.0,0.0,46589.0,16304.0,1186.0,53147.0,64561.0,0.0
34.8,0.0,0.0,48457.0,16960.0,1080.0,54489.0,64516.0,0.0
34.84,0.0,0.0,48908.0,17618.0,983.0,55505.0,64432.0,0.0
34.88,0.0,0.0,53131.0,18279.0,976.0,56435.0,64373.0,0.0
34.92,0.0,0.0,54836.0,18946.0,946.0,57329.0,64359.0,0.0
34.96,0.0,0.0,54970.0,19597.0,910.0,58247.0,64410.0,0.0
35.0,0.0,0.0,57772.0,20261.0,832.0,58802.0,64368.0,0.0
35.04,0.0,0.0,58061.0,20922.0,808.0,59256.0,64342.0,0.0
35.08,0.0,0.0,58350.0,21578.0,770.0,59733.0,64353.0,0.0
35.12,0.0,0.0,59109.0,22249.0,794.0,60189.0,64388.0,0.0
35.16,0.0,0.0,58143.0,22909.0,746.0,60577.0,64438.0,0.0
35.2,0.0,0.0,58431.0,23577.0,809.0,60752.0,64410.0,0.0
35.24,0.0,0.0,59032.0,24241.0,857.0,60953.0,64430.0,0.0
35.28,0.0,0.0,58538.0,24899.0,882.0,60998.0,64409.0,0.0
35.32,0.0,0.0,59295.0,25573.0,830.0,61221.0,64443.0,0.0
35.36,0.0,0.0,59895.0,25907.0,826.0,61115.0,64369.0,0.0
35.4,0.0,0.0,60807.0,26554.0,874.0,61037.0,64318.0,0.0
35.44,0.0,0.0,60156.0,27194.0,761.0,60885.0,64245.0,0.0
35.48,0.0,0.0,59818.0,27845.0,831.0,60999.0,64249.0,0.0
35.52,0.0,0.0,61353.0,28501.0,880.0,60957.0,64178.0,0.0
35.56,0.0,0.0,61483.0,29156.0,970.0,60969.0,64136.0,0.0
35.6,0.0,0.0,60989.0,29805.0,1121.0,61047.0,64109.0,0.0
35.64,0.0,0.0,61742.0,30462.0,1058.0,61105.0,64076.0,0.0
35.68,0.0,0.0,62963.0,31115.0,1118.0,61114.0,64022.0,0.0
35.72,0.0,0.0,62469.0,31771.0,1044.0,60982.0,63921.0,0.0
35.76,0.0,0.0,61352.0,32427.0,1093.0,61002.0,63881.0,0.0
35.8,0.0,0.0,63038.0,33076.0,1187.0,60911.0,63804.0,0.0
35.84,0.0,0.0,63789.0,33734.0,1251.0,61017.0,63796.0,0.0
35.88,0.0,0.0,62673.0,34402.0,1168.0,61124.0,63784.0,0.0
35.92,0.0,0.0,62180.0,35059.0,1326.0,61176.0,63758.0,0.0
35.96,0.0,65535.0,63863.0,35716.0,1236.0,61065.0,63673.0,0.0
36.0,0.0,65535.0,63214.0,36365.0,1325.0,61031.0,63617.0,0.0
36.04,0.0,65535.0,61480.0,37022.0,1404.0,61146.0,63621.0,0.0
36.08,0.0,65535.0,62540.0,37671.0,1465.0,61253.0,63603.0,0.0
36.12,0.0,65535.0,63134.0,38327.0,1487.0,61163.0,63529.0,0.0
36.16,0.0,65535.0,61711.0,38983.0,1422.0,60994.0,63426.0,0.0
36.2,0.0,65535.0,60445.0,39630.0,1613.0,60820.0,63339.0,0.0
36.24,0.0,65535.0,61969.0,40287.0,1575.0,60976.0,63374.0,0.0
36.28,0.0,65535.0,61788.0,40937.0,1704.0,61003.0,63358.0,0.0
36.32,0.0,65535.0,60059.0,41591.0,1607.0,60939.0,63330.0,0.0
36.36,0.0,65535.0,59569.0,42240.0,1728.0,61285.0,63454.0,0.0
36.4,0.0,65535.0,61245.0,42887.0,1861.0,61259.0,63465.0,0.0
36.44,0.0,65535.0,59828.0,43526.0,1954.0,60778.0,63329.0,0.0
36.48,0.0,65535.0,58566.0,44180.0,2000.0,60027.0,63142.0,0.0
36.52,0.0,65535.0,59314.0,44847.0,1905.0,59039.0,62919.0,0.0
36.56,0.0,65535.0,58362.0,45499.0,1820.0,58342.0,62828.0,0.0
36.6,0.0,65535.0,56485.0,46152.0,1777.0,57679.0,62784.0,0.0
36.64,0.0,65535.0,54302.0,46811.0,1938.0,56949.0,62750.0,0.0
36.68,0.0,65535.0,52428.0,47461.0,1931.0,56162.0,62743.0,0.0
36.72,0.0,65535.0,49632.0,48121.0,2085.0,55398.0,62803.0,0.0
36.76,0.0,65535.0,48686.0,48773.0,2128.0,54294.0,62807.0,0.0
36.8,0.0,65535.0,47280.0,49421.0,2092.0,53258.0,62903.0,0.0
36.84,0.0,65535.0,45105.0,50078.0,1946.0,51941.0,62950.0,0.0
36.88,0.0,65535.0,44316.0,50744.0,1946.0,50265.0,62961.0,0.0
36.92,0.0,65535.0,41837.0,51407.0,2131.0,48242.0,62898.0,0.0
36.96,0.0,65535.0,36284.0,52063.0,2203.0,45909.0,62790.0,0.0
37.0,0.0,65535.0,32119.0,52718.0,2516.0,43470.0,62712.0,0.0
37.04,0.0,65535.0,29341.0,53502.0,2869.0,40656.0,62533.0,0.0
37.08,0.0,65535.0,27486.0,54147.0,3003.0,38271.0,62600.0,0.0
37.12,0.0,65535.0,25479.0,54808.0,3006.0,35502.0,62550.0,0.0
37.16,0.0,65535.0,24548.0,55462.0,2840.0,32497.0,62452.0,0.0
37.2,0.0,65535.0,24231.0,56110.0,3800.0,29952.0,62552.0,0.0
37.24,0.0,65535.0,23607.0,56767.0,4273.0,27256.0,62586.0,0.0
37.28,0.0,65535.0,23751.0,57411.0,4865.0,24470.0,62597.0,0.0
37.32,0.0,65535.0,24506.0,58069.0,5008.0,21698.0,62601.0,0.0
37.36,0.0,65535.0,25415.0,58723.0,5212.0,18594.0,62468.0,0.0
37.4,0.0,65535.0,28006.0,59370.0,5139.0,15863.0,62444.0,0.0
37.44,0.0,65535.0,30747.0,60016.0,5072.0,12985.0,62310.0,0.0
37.48,0.0,65535.0,38533.0,60667.0,5251.0,10398.0,62216.0,0.0
37.52,0.0,65535.0,44478.0,61331.0,5351.0,8147.0,62161.0,0.0
37.56,0.0,65535.0,45223.0,61993.0,5551.0,6104.0,62095.0,0.0
37.6,0.0,65535.0,45357.0,62642.0,5708.0,4614.0,62119.0,0.0
37.64,0.0,65535.0,50070.0,63305.0,5925.0,3464.0,62158.0,0.0
37.68,0.0,65535.0,51575.0,63955.0,5981.0,2785.0,62254.0,0.0
37.72,0.0,65535.0,53841.0,64616.0,6090.0,2336.0,62293.0,0.0
37.76,0.0,65535.0,56106.0,65276.0,6144.0,2082.0,62298.0,0.0
37.8,0.0,65535.0,55472.0,359.0,6404.0,2068.0,62245.0,0.0
37.84,0.0,65535.0,53621.0,1023.0,6445.0,2673.0,62313.0,0.0
37.88,0.0,65535.0,50858.0,1689.0,6504.0,3052.0,62152.0,0.0
37.92,0.0,65535.0,47336.0,2349.0,6452.0,3845.0,62041.0,0.0
37.96,0.0,65535.0,45491.0,3007.0,6348.0,4925.0,61921.0,0.0
38.0,0.0,65535.0,45776.0,3653.0,6213.0,6312.0,61774.0,0.0
38.04,0.0,65535.0,43477.0,4312.0,5963.0,7823.0,61586.0,0.0
38.08,0.0,65535.0,39812.0,4957.0,5888.0,9915.0,61518.0,0.0
38.12,0.0,65535.0,31137.0,5618.0,5897.0,12585.0,61566.0,0.0
38.16,0.0,65535.0,28543.0,6276.0,5860.0,15203.0,61516.0,0.0
38.2,0.0,65535.0,25496.0,6924.0,6023.0,17907.0,61433.0,0.0
38.24,0.0,65535.0,25030.0,7586.0,5971.0,20825.0,61416.0,0.0
38.28,0.0,65535.0,24565.0,8233.0,5815.0,23695.0,61359.0,0.0
38.32,0.0,65535.0,24858.0,8890.0,5508.0,26648.0,61330.0,0.0
38.36,0.0,65535.0,25302.0,9548.0,5310.0,29829.0,61377.0,0.0
38.4,0.0,65535.0,25443.0,10193.0,5270.0,32853.0,61360.0,0.0
38.44,0.0,65535.0,25584.0,10836.0,5377.0,35727.0,61316.0,0.0
38.48,0.0,65535.0,26330.0,11472.0,5364.0,37950.0,61065.0,0.0
38.52,0.0,65535.0,27983.0,12117.0,5385.0,39983.0,60823.0,0.0
38.56,0.0,65535.0,30995.0,12768.0,5197.0,42215.0,60716.0,0.0
38.6,0.0,65535.0,32796.0,13399.0,4563.0,44180.0,60549.0,0.0
38.64,0.0,65535.0,36257.0,14055.0,4286.0,46368.0,60513.0,0.0
38.68,0.0,65535.0,41225.0,14690.0,4100.0,48492.0,60491.0,0.0
38.72,0.0,65535.0,44831.0,15338.0,3978.0,50438.0,60496.0,0.0
38.76,0.0,65535.0,45416.0,16002.0,4089.0,52437.0,60563.0,0.0
38.8,0.0,65535.0,45699.0,16642.0,4124.0,54127.0,60584.0,0.0
38.84,0.0,65535.0,48846.0,17315.0,4274.0,55620.0,60606.0,0.0
38.88,0.0,65535.0,50483.0,17978.0,4317.0,56704.0,60537.0,0.0
38.92,0.0,65535.0,50613.0,18635.0,4219.0,57548.0,60470.0,0.0
38.96,0.0,65535.0,54808.0,19300.0,4232.0,58233.0,60387.0,0.0
39.0,0.0,65535.0,57645.0,19935.0,4106.0,58388.0,60176.0,0.0
39.04,0.0,65535.0,57922.0,20602.0,4135.0,58628.0,60038.0,0.0
39.08,0.0,65535.0,58199.0,21243.0,4146.0,59077.0,60003.0,0.0
39.12,0.0,65535.0,59077.0,21895.0,4196.0,59423.0,59972.0,0.0
39.16,0.0,65535.0,58602.0,22555.0,4339.0,59575.0,59878.0,0.0
39.2,0.0,65535.0,58278.0,23190.0,4343.0,59760.0,59835.0,0.0
39.24,0.0,65535.0,59004.0,23857.0,4484.0,60070.0,59839.0,0.0
39.28,0.0,65535.0,59430.0,24502.0,4677.0,60347.0,59851.0,0.0
39.32,0.0,65535.0,58806.0,25156.0,4693.0,60625.0,59873.0,0.0
39.36,0.0,65535.0,59381.0,25828.0,4909.0,61163.0,59994.0,0.0
39.4,0.0,65535.0,60706.0,26419.0,4896.0,61427.0,60029.0,0.0
39.44,0.0,65535.0,60232.0,27074.0,4812.0,61408.0,59954.0,0.0
39.48,0.0,65535.0,59758.0,27723.0,4836.0,61307.0,59880.0,0.0
39.52,0.0,65535.0,60781.0,28376.0,4853.0,61289.0,59832.0,0.0
39.56,0.0,65535.0,61504.0,29046.0,4913.0,61120.0,59729.0,0.0
39.6,0.0,65535.0,61030.0,29683.0,4975.0,61191.0,59719.0,0.0
39.64,0.0,65535.0,61603.0,30352.0,4990.0,60919.0,59564.0,0.0
39.68,0.0,65535.0,62774.0,31000.0,5056.0,60764.0,59480.0,0.0
39.72,0.0,65535.0,62449.0,31652.0,5182.0,60874.0,59483.0,0.0
39.76,0.0,65535.0,61229.0,32322.0,5265.0,60981.0,59477.0,0.0
39.8,0.0,65535.0,61652.0,32959.0,5322.0,61196.0,59508.0,0.0
39.84,0.0,65535.0,63566.0,33628.0,5217.0,61349.0,59503.0,0.0
39.88,0.0,65535.0,62645.0,34292.0,5205.0,61348.0,59467.0,0.0
39.92,0.0,65535.0,62023.0,34946.0,5314.0,61082.0,59314.0,0.0
39.96,0.0,65535.0,63637.0,35615.0,5338.0,60846.0,59196.0,0.0
40.0,0.0,65535.0,63165.0,36254.0,5432.0,60634.0,59081.0,0.0
40.04,0.0,65535.0,61501.0,36927.0,5412.0,60426.0,58962.0,0.0
40.08,0.0,65535.0,61029.0,37577.0,5469.0,60461.0,58943.0,0.0
40.12,0.0,65535.0,62938.0,38231.0,5582.0,60639.0,58960.0,0.0
40.16,0.0,65535.0,61723.0,38903.0,5702.0,60550.0,58888.0,0.0
40.2,0.0,65535.0,60360.0,39538.0,5799.0,60705.0,58913.0,0.0
40.24,0.0,65535.0,61078.0,40208.0,6009.0,61038.0,59004.0,0.0
40.28,0.0,65535.0,61796.0,40855.0,6105.0,61157.0,59022.0,0.0
40.32,0.0,65535.0,60138.0,41504.0,6139.0,61217.0,59027.0,0.0
40.36,0.0,65535.0,59519.0,42179.0,6318.0,61191.0,59034.0,0.0
40.4,0.0,65535.0,61127.0,42817.0,6251.0,60979.0,58977.0,0.0
40.44,0.0,65535.0,59916.0,43468.0,6323.0,60723.0,58936.0,0.0
40.48,0.0,65535.0,58557.0,44114.0,6307.0,60362.0,58871.0,0.0
40.52,0.0,65535.0,58385.0,44755.0,6154.0,59831.0,58788.0,0.0
40.56,0.0,65535.0,56584.0,45423.0,6249.0,59204.0,58727.0,0.0
40.6,0.0,65535.0,54192.0,46050.0,6333.0,58772.0,58753.0,0.0
40.64,0.0,65535.0,52098.0,46710.0,6283.0,58090.0,58741.0,0.0
40.68,0.0,65535.0,52077.0,47352.0,6411.0,57382.0,58757.0,0.0
40.72,0.0,65535.0,49394.0,47997.0,6416.0,56212.0,58661.0,0.0
40.76,0.0,65535.0,47748.0,48667.0,6295.0,54982.0,58625.0,0.0
40.8,0.0,65535.0,46398.0,49302.0,6215.0,53667.0,58622.0,0.0
40.84,0.0,65535.0,45050.0,49979.0,6009.0,51763.0,58477.0,0.0
40.88,0.0,65535.0,44737.0,50646.0,5948.0,49741.0,58356.0,0.0
40.92,0.0,65535.0,40734.0,51303.0,6134.0,47635.0,58275.0,0.0
40.96,0.0,65535.0,35111.0,51976.0,6405.0,45582.0,58275.0,0.0
41.0,0.0,65535.0,32000.0,52609.0,6569.0,43430.0,58270.0,0.0
41.04,0.0,65535.0,30661.0,53276.0,7082.0,41199.0,58303.0,0.0
41.08,0.0,65535.0,27554.0,53557.0,7104.0,38429.0,58196.0,0.0
41.12,0.0,65535.0,25481.0,54216.0,7019.0,35693.0,58169.0,0.0
41.16,0.0,65535.0,24587.0,54887.0,7032.0,32708.0,58088.0,0.0
41.2,0.0,65535.0,23989.0,55550.0,7983.0,30124.0,58184.0,0.0
41.24,0.0,65535.0,23685.0,56204.0,8553.0,27650.0,58317.0,0.0
41.28,0.0,65535.0,22940.0,56875.0,9110.0,25219.0,58429.0,0.0
41.32,0.0,65535.0,23960.0,57530.0,9251.0,22239.0,58357.0,0.0
41.36,0.0,65535.0,25860.0,58191.0,9532.0,19585.0,58373.0,0.0
41.4,0.0,65535.0,26584.0,58849.0,9380.0,16733.0,58303.0,0.0
41.44,0.0,65535.0,28922.0,59484.0,9360.0,13873.0,58182.0,0.0
41.48,0.0,65535.0,35955.0,60146.0,9473.0,11256.0,58080.0,0.0
41.52,0.0,65535.0,42688.0,60795.0,9484.0,8784.0,57970.0,0.0
41.56,0.0,65535.0,42525.0,61450.0,9792.0,6512.0,57812.0,0.0
41.6,0.0,65535.0,42947.0,62101.0,10055.0,4815.0,57777.0,0.0
41.64,0.0,65535.0,44395.0,62748.0,10237.0,3369.0,57716.0,0.0
41.68,0.0,65535.0,48039.0,63403.0,10372.0,2652.0,57801.0,0.0
41.72,0.0,65535.0,50069.0,64048.0,10406.0,1939.0,57759.0,0.0
41.76,0.0,65535.0,52244.0,64698.0,10436.0,1466.0,57668.0,0.0
41.8,0.0,65535.0,55588.0,65348.0,10471.0,1316.0,57582.0,0.0
41.84,0.0,65535.0,54981.0,427.0,10706.0,1537.0,57507.0,0.0
41.88,0.0,65535.0,52474.0,1097.0,10596.0,2080.0,57415.0,0.0
41.92,0.0,65535.0,50846.0,1742.0,10444.0,3178.0,57409.0,0.0
41.96,0.0,65535.0,47904.0,2395.0,10355.0,4621.0,57394.0,0.0
42.0,0.0,65535.0,48469.0,3049.0,10313.0,6295.0,57363.0,0.0
42.04,0.0,65535.0,46990.0,3701.0,10057.0,8215.0,57317.0,0.0
42.08,0.0,65535.0,40261.0,4368.0,9908.0,10668.0,57372.0,0.0
42.12,0.0,65535.0,29163.0,5025.0,9870.0,13198.0,57363.0,0.0
42.16,0.0,65535.0,27402.0,5689.0,10000.0,16081.0,57422.0,0.0
42.2,0.0,65535.0,25206.0,6361.0,10269.0,19011.0,57444.0,0.0
42.24,0.0,65535.0,25050.0,7024.0,10200.0,21810.0,57363.0,0.0
42.28,0.0,65535.0,24749.0,7699.0,10058.0,24433.0,57225.0,0.0
42.32,0.0,65535.0,24885.0,8361.0,9604.0,27007.0,57056.0,0.0
42.36,0.0,65535.0,24584.0,9023.0,9263.0,29446.0,56841.0,0.0
42.4,0.0,65535.0,25156.0,9689.0,9086.0,32039.0,56695.0,0.0
42.44,0.0,65535.0,25146.0,10328.0,9163.0,34567.0,56525.0,0.0
42.48,0.0,65535.0,26298.0,10991.0,9275.0,37108.0,56407.0,0.0
42.52,0.0,65535.0,27595.0,11658.0,9471.0,39935.0,56423.0,0.0
42.56,0.0,65535.0,30778.0,12325.0,9128.0,42525.0,56408.0,0.0
42.6,0.0,65535.0,34248.0,12998.0,8655.0,44948.0,56400.0,0.0
42.64,0.0,65535.0,37861.0,13675.0,8263.0,47475.0,56469.0,0.0
42.68,0.0,65535.0,41471.0,14344.0,7873.0,49466.0,56393.0,0.0
42.72,0.0,65535.0,40875.0,15012.0,7921.0,51248.0,56321.0,0.0
42.76,0.0,65535.0,44046.0,15678.0,8138.0,52898.0,56291.0,0.0
42.8,0.0,65535.0,45767.0,16335.0,8326.0,54218.0,56196.0,0.0
42.84,0.0,65535.0,46328.0,16999.0,8368.0,55553.0,56171.0,0.0
42.88,0.0,65535.0,46309.0,17672.0,8425.0,56894.0,56210.0,0.0
42.92,0.0,65535.0,50631.0,18324.0,8410.0,57710.0,56118.0,0.0
42.96,0.0,65535.0,52780.0,18983.0,8545.0,58489.0,56063.0,0.0
43.0,0.0,65535.0,52614.0,19636.0,8482.0,59271.0,56062.0,0.0
43.04,0.0,65535.0,57506.0,20301.0,8511.0,59725.0,55990.0,0.0
43.08,0.0,65535.0,58205.0,20962.0,8596.0,60293.0,55994.0,0.0
43.12,0.0,65535.0,58471.0,21619.0,8606.0,60933.0,56050.0,0.0
43.16,0.0,65535.0,59169.0,22276.0,8675.0,60874.0,55893.0,0.0
43.2,0.0,65535.0,58280.0,22931.0,8736.0,61001.0,55821.0,0.0
43.24,0.0,65535.0,58546.0,23592.0,8884.0,61263.0,55828.0,0.0
43.28,0.0,65535.0,59099.0,24251.0,9088.0,61829.0,55937.0,0.0
43.32,0.0,65535.0,58788.0,24902.0,8973.0,61844.0,55860.0,0.0
43.36,0.0,65535.0,59341.0,25553.0,8881.0,61545.0,55696.0,0.0
43.4,0.0,65535.0,60613.0,26459.0,8955.0,61425.0,55598.0,0.0
43.44,0.0,65535.0,60157.0,27100.0,8974.0,61263.0,55501.0,0.0
43.48,0.0,65535.0,59702.0,27750.0,8869.0,61078.0,55386.0,0.0
43.52,0.0,65535.0,60685.0,28409.0,8732.0,60829.0,55264.0,0.0
43.56,0.0,65535.0,61380.0,29063.0,8884.0,61084.0,55318.0,0.0
43.6,0.0,65535.0,60925.0,29716.0,9054.0,61360.0,55359.0,0.0
43.64,0.0,65535.0,61475.0,30375.0,9086.0,61476.0,55341.0,0.0
43.68,0.0,65535.0,62600.0,31028.0,8973.0,61342.0,55237.0,0.0
43.72,0.0,65535.0,62431.0,31687.0,9095.0,61332.0,55189.0,0.0
43.76,0.0,65535.0,61259.0,32341.0,9194.0,61164.0,55092.0,0.0
43.8,0.0,65535.0,61522.0,32992.0,9180.0,61167.0,55049.0,0.0
43.84,0.0,65535.0,63361.0,33651.0,9251.0,61183.0,55013.0,0.0
43.88,0.0,65535.0,62620.0,34320.0,9316.0,61322.0,55010.0,0.0
43.92,0.0,65535.0,62022.0,34978.0,9280.0,61304.0,54963.0,0.0
43.96,0.0,65535.0,63287.0,35629.0,9470.0,61636.0,55041.0,0.0
44.0,0.0,65535.0,62976.0,36278.0,9502.0,61611.0,54983.0,0.0
44.04,0.0,65535.0,61377.0,36931.0,9619.0,61844.0,55022.0,0.0
44.08,0.0,65535.0,60781.0,37579.0,9588.0,61814.0,54956.0,0.0
44.12,0.0,65535.0,62616.0,38235.0,9609.0,61786.0,54912.0,0.0
44.16,0.0,65535.0,61591.0,38881.0,9675.0,61736.0,54850.0,0.0
44.2,0.0,65535.0,60281.0,39531.0,9790.0,61660.0,54801.0,0.0
44.24,0.0,65535.0,60829.0,40186.0,9855.0,61704.0,54789.0,0.0
44.28,0.0,65535.0,61661.0,40833.0,9995.0,61873.0,54819.0,0.0
44.32,0.0,65535.0,60068.0,41492.0,9971.0,61786.0,54782.0,0.0
44.36,0.0,65535.0,59616.0,42145.0,9998.0,61370.0,54640.0,0.0
44.4,0.0,65535.0,61019.0,42803.0,9984.0,60692.0,54433.0,0.0
44.44,0.0,65535.0,59997.0,43448.0,9962.0,60260.0,54330.0,0.0
44.48,0.0,65535.0,58834.0,44102.0,10080.0,59878.0,54274.0,0.0
44.52,0.0,65535.0,58669.0,44761.0,10060.0,59640.0,54299.0,0.0
44.56,0.0,65535.0,56511.0,45412.0,10169.0,59263.0,54294.0,0.0
44.6,0.0,65535.0,54354.0,46070.0,10167.0,58705.0,54273.0,0.0
44.64,0.0,65535.0,53480.0,46729.0,10227.0,57929.0,54219.0,0.0
44.68,0.0,65535.0,50047.0,47382.0,10292.0,57203.0,54241.0,0.0
44.72,0.0,65535.0,49459.0,48042.0,10409.0,56204.0,54218.0,0.0
44.76,0.0,65535.0,47877.0,48693.0,10255.0,55018.0,54192.0,0.0
44.8,0.0,65535.0,46438.0,49348.0,10180.0,53796.0,54224.0,0.0
44.84,0.0,65535.0,44148.0,49999.0,10012.0,52321.0,54218.0,0.0
44.88,0.0,65535.0,44557.0,50665.0,9996.0,50431.0,54150.0,0.0
44.92,0.0,65535.0,41561.0,51315.0,10210.0,48631.0,54164.0,0.0
44.96,0.0,65535.0,38142.0,51963.0,10360.0,46558.0,54140.0,0.0
45.0,0.0,65535.0,33733.0,52615.0,10677.0,44377.0,54142.0,0.0
45.04,0.0,65535.0,30745.0,53265.0,11196.0,42065.0,54127.0,0.0
45.08,0.0,65535.0,28750.0,54024.0,11262.0,39581.0,54141.0,0.0
45.12,0.0,65535.0,26049.0,54676.0,11143.0,36582.0,54000.0,0.0
45.16,0.0,65535.0,24624.0,55332.0,11021.0,32843.0,53663.0,0.0
45.2,0.0,65535.0,24048.0,56002.0,11619.0,29029.0,53333.0,0.0
45.24,0.0,65535.0,24463.0,56661.0,12135.0,26046.0,53305.0,0.0
45.28,0.0,65535.0,24171.0,57326.0,12615.0,23193.0,53298.0,0.0
45.32,0.0,65535.0,24444.0,57988.0,12783.0,20480.0,53317.0,0.0
45.36,0.0,65535.0,26412.0,58644.0,12983.0,18126.0,53452.0,0.0
45.4,0.0,65535.0,27249.0,59303.0,12939.0,16147.0,53673.0,0.0
45.44,0.0,65535.0,29073.0,59933.0,13165.0,14269.0,53866.0,0.0
45.48,0.0,65535.0,33294.0,60587.0,13420.0,12144.0,53929.0,0.0
45.52,0.0,65535.0,44563.0,61240.0,13469.0,9846.0,53848.0,0.0
45.56,0.0,65535.0,46802.0,61892.0,13663.0,7690.0,53752.0,0.0
45.6,0.0,65535.0,47629.0,62554.0,14018.0,5657.0,53599.0,0.0
45.64,0.0,65535.0,47470.0,63205.0,14191.0,3881.0,53431.0,0.0
45.68,0.0,65535.0,51676.0,63864.0,14385.0,2755.0,53385.0,0.0
45.72,0.0,65535.0,52922.0,64521.0,14295.0,1657.0,53209.0,0.0
45.76,0.0,65535.0,54309.0,65176.0,14443.0,1224.0,53166.0,0.0
45.8,0.0,65535.0,54429.0,274.0,14481.0,1225.0,53128.0,0.0
45.84,0.0,65535.0,52439.0,926.0,14768.0,1720.0,53154.0,0.0
45.88,0.0,65535.0,50171.0,1601.0,14858.0,2177.0,53020.0,0.0
45.92,0.0,65535.0,49449.0,2257.0,14718.0,3261.0,52998.0,0.0
45.96,0.0,65535.0,45358.0,2912.0,14687.0,4656.0,52987.0,0.0
46.0,0.0,65535.0,45761.0,3572.0,14495.0,6177.0,52900.0,0.0
46.04,0.0,65535.0,43919.0,4222.0,14225.0,8210.0,52924.0,0.0
46.08,0.0,65535.0,38292.0,4877.0,14009.0,10383.0,52874.0,0.0
46.12,0.0,65535.0,31127.0,5528.0,13892.0,12634.0,52761.0,0.0
46.16,0.0,65535.0,28592.0,6174.0,13869.0,14998.0,52631.0,0.0
46.2,0.0,65535.0,26339.0,6824.0,14098.0,17470.0,52483.0,0.0
46.24,0.0,65535.0,24508.0,7466.0,14128.0,20189.0,52400.0,0.0
46.28,0.0,65535.0,24079.0,8116.0,14064.0,23034.0,52321.0,0.0
46.32,0.0,65535.0,22950.0,8763.0,13597.0,25798.0,52224.0,0.0
46.36,0.0,65535.0,23501.0,9412.0,13328.0,28598.0,52123.0,0.0
46.4,0.0,65535.0,24331.0,10065.0,13360.0,31331.0,52006.0,0.0
46.44,0.0,65535.0,25160.0,10698.0,13353.0,34148.0,51949.0,0.0
46.48,0.0,65535.0,26269.0,11349.0,13555.0,36776.0,51843.0,0.0
46.52,0.0,65535.0,27516.0,11996.0,13624.0,39426.0,51805.0,0.0
46.56,0.0,65535.0,30856.0,12650.0,13423.0,42122.0,51843.0,0.0
46.6,0.0,65535.0,34194.0,13302.0,12890.0,44710.0,51887.0,0.0
46.64,0.0,65535.0,37668.0,13949.0,12628.0,47023.0,51882.0,0.0
46.68,0.0,65535.0,43511.0,14610.0,12433.0,49365.0,51921.0,0.0
46.72,0.0,65535.0,44052.0,15258.0,12558.0,51202.0,51880.0,0.0
46.76,0.0,65535.0,44175.0,15915.0,12814.0,52817.0,51819.0,0.0
46.8,0.0,65535.0,45969.0,16579.0,13022.0,54508.0,51859.0,0.0
46.84,0.0,65535.0,48179.0,17230.0,13079.0,56034.0,51905.0,0.0
46.88,0.0,65535.0,49414.0,17908.0,13088.0,57064.0,51822.0,0.0
46.92,0.0,65535.0,49951.0,18565.0,13205.0,58095.0,51814.0,0.0
46.96,0.0,65535.0,54244.0,19222.0,13115.0,58847.0,51735.0,0.0
47.0,0.0,65535.0,56031.0,19882.0,13081.0,59343.0,51643.0,0.0
47.04,0.0,65535.0,57260.0,20536.0,13133.0,59862.0,51591.0,0.0
47.08,0.0,65535.0,58211.0,21191.0,13154.0,60198.0,51511.0,0.0
47.12,0.0,65535.0,59022.0,21840.0,13230.0,60289.0,51383.0,0.0
47.16,0.0,65535.0,58722.0,22498.0,13143.0,60386.0,51270.0,0.0
47.2,0.0,65535.0,58422.0,23156.0,13194.0,60885.0,51348.0,0.0
47.24,0.0,65535.0,58538.0,23814.0,13349.0,61463.0,51440.0,0.0
47.28,0.0,65535.0,59487.0,24473.0,13408.0,61900.0,51500.0,0.0
47.32,0.0,65535.0,58910.0,25128.0,13418.0,61934.0,51428.0,0.0
47.36,0.0,65535.0,59303.0,25783.0,13313.0,61488.0,51207.0,0.0
47.4,0.0,65535.0,59835.0,26357.0,13308.0,61368.0,51128.0,0.0
47.44,0.0,65535.0,60227.0,26997.0,13377.0,61517.0,51138.0,0.0
47.48,0.0,65535.0,59789.0,27653.0,13372.0,61558.0,51108.0,0.0
47.52,0.0,65535.0,60596.0,28311.0,13419.0,61608.0,51080.0,0.0
47.56,0.0,65535.0,61265.0,28964.0,13517.0,61670.0,51054.0,0.0
47.6,0.0,65535.0,60965.0,29623.0,13644.0,61756.0,51039.0,0.0
47.64,0.0,65535.0,61357.0,30278.0,13732.0,61713.0,50963.0,0.0
47.68,0.0,65535.0,61610.0,30933.0,13787.0,61860.0,50976.0,0.0
47.72,0.0,65535.0,62277.0,31588.0,13967.0,61833.0,50913.0,0.0
47.76,0.0,65535.0,61287.0,32241.0,13892.0,61639.0,50802.0,0.0
47.8,0.0,65535.0,61402.0,32899.0,13967.0,61761.0,50807.0,0.0
47.84,0.0,65535.0,63172.0,33553.0,14016.0,61806.0,50773.0,0.0
47.88,0.0,65535.0,62458.0,34224.0,14018.0,61717.0,50707.0,0.0
47.92,0.0,65535.0,61884.0,34877.0,14006.0,61773.0,50679.0,0.0
47.96,0.0,65535.0,62274.0,35530.0,14086.0,61896.0,50688.0,0.0
48.0,0.0,65535.0,62801.0,36187.0,14236.0,61949.0,50652.0,0.0
48.04,0.0,65535.0,61400.0,36842.0,14279.0,61975.0,50608.0,0.0
48.08,0.0,65535.0,60689.0,37496.0,14334.0,61937.0,50561.0,0.0
48.12,0.0,65535.0,62042.0,38148.0,14368.0,62105.0,50572.0,0.0
48.16,0.0,65535.0,61606.0,38799.0,14432.0,62201.0,50562.0,0.0
48.2,0.0,65535.0,60346.0,39453.0,14502.0,62266.0,50550.0,0.0
48.24,0.0,65535.0,60735.0,40106.0,14616.0,62264.0,50515.0,0.0
48.28,0.0,65535.0,61536.0,40762.0,14683.0,62104.0,50440.0,0.0
48.32,0.0,65535.0,60140.0,41418.0,14744.0,61614.0,50239.0,0.0
48.36,0.0,65535.0,59569.0,42071.0,14680.0,61279.0,50148.0,0.0
48.4,0.0,65535.0,60507.0,42718.0,15173.0,61409.0,50218.0,0.0
48.44,0.0,65535.0,59935.0,43353.0,14896.0,61184.0,50193.0,0.0
48.48,0.0,65535.0,58816.0,43999.0,14905.0,61020.0,50198.0,0.0
48.52,0.0,65535.0,58109.0,44649.0,15032.0,60648.0,50155.0,0.0
48.56,0.0,65535.0,57950.0,45302.0,15141.0,59973.0,50048.0,0.0
48.6,0.0,65535.0,53546.0,45949.0,15072.0,59385.0,50028.0,0.0
48.64,0.0,65535.0,52294.0,46610.0,14904.0,58257.0,49873.0,0.0
48.68,0.0,65535.0,51179.0,47256.0,15023.0,57692.0,49950.0,0.0
48.72,0.0,65535.0,48287.0,47909.0,14977.0,56697.0,49929.0,0.0
48.76,0.0,65535.0,46492.0,48565.0,14972.0,55466.0,49889.0,0.0
48.8,0.0,65535.0,46064.0,49210.0,15038.0,54291.0,49921.0,0.0
48.84,0.0,65535.0,45090.0,49872.0,14820.0,52818.0,49927.0,0.0
48.88,0.0,65535.0,43025.0,50536.0,14734.0,50893.0,49831.0,0.0
48.92,0.0,65535.0,42053.0,51195.0,14861.0,48749.0,49723.0,0.0
48.96,0.0,65535.0,37943.0,51856.0,14784.0,46484.0,49639.0,0.0
49.0,0.0,65535.0,33563.0,52506.0,15259.0,44258.0,49615.0,0.0
49.04,0.0,65535.0,30550.0,53178.0,15532.0,41647.0,49526.0,0.0
49.08,0.0,65535.0,28084.0,53612.0,15735.0,39178.0,49536.0,0.0
49.12,0.0,65535.0,26711.0,54281.0,15816.0,36314.0,49455.0,0.0
49.16,0.0,65535.0,24794.0,54945.0,15788.0,33504.0,49432.0,0.0
49.2,0.0,65535.0,23967.0,55593.0,16443.0,30182.0,49266.0,0.0
49.24,0.0,65535.0,24367.0,56263.0,16909.0,26988.0,49144.0,0.0
49.28,0.0,65535.0,24358.0,56915.0,17221.0,23633.0,48957.0,0.0
49.32,0.0,65535.0,24485.0,57575.0,17321.0,20634.0,48891.0,0.0
49.36,0.0,65535.0,27195.0,58245.0,17524.0,17579.0,48783.0,0.0
49.4,0.0,65535.0,28680.0,58897.0,17399.0,15056.0,48831.0,0.0
49.44,0.0,65535.0,30979.0,59554.0,17472.0,12577.0,48828.0,0.0
49.48,0.0,65535.0,38845.0,60208.0,17542.0,10510.0,48913.0,0.0
49.52,0.0,65535.0,41954.0,60867.0,17702.0,8265.0,48866.0,0.0
49.56,0.0,65535.0,42617.0,61532.0,17938.0,6534.0,48909.0,0.0
49.6,0.0,65535.0,44093.0,62175.0,18266.0,5079.0,48961.0,0.0
49.64,0.0,65535.0,47196.0,62838.0,18485.0,3617.0,48889.0,0.0
49.68,0.0,65535.0,47992.0,63483.0,18566.0,2271.0,48754.0,0.0
49.72,0.0,65535.0,50143.0,64133.0,18580.0,1410.0,48692.0,0.0
49.76,0.0,65535.0,52291.0,64794.0,18610.0,1252.0,48722.0,0.0
49.8,0.0,65535.0,55658.0,65434.0,18812.0,1198.0,48681.0,0.0
49.84,0.0,65535.0,54960.0,529.0,18969.0,1435.0,48601.0,0.0
49.88,0.0,65535.0,52504.0,1190.0,18907.0,1897.0,48476.0,0.0
49.92,0.0,65535.0,47750.0,1841.0,18781.0,2732.0,48377.0,0.0
49.96,0.0,65535.0,47327.0,2502.0,18642.0,4024.0,48319.0,0.0
50.0,0.0,65535.0,47309.0,3145.0,18426.0,5659.0,48288.0,0.0
50.04,0.0,65535.0,46346.0,3807.0,18358.0,7563.0,48241.0,0.0
50.08,0.0,65535.0,42277.0,4454.0,18126.0,9648.0,48164.0,0.0
50.12,0.0,65535.0,35780.0,5107.0,18208.0,11820.0,48039.0,0.0
50.16,0.0,65535.0,28748.0,5771.0,18346.0,14214.0,47923.0,0.0
50.2,0.0,65535.0,26039.0,6419.0,18357.0,16961.0,47896.0,0.0
50.24,0.0,65535.0,24546.0,7093.0,18417.0,20387.0,48058.0,0.0
50.28,0.0,65535.0,23863.0,7744.0,18281.0,22967.0,47878.0,0.0
50.32,0.0,65535.0,23046.0,8401.0,17845.0,25499.0,47694.0,0.0
50.36,0.0,65535.0,23576.0,9073.0,17482.0,28296.0,47609.0,0.0
50.4,0.0,65535.0,24375.0,9727.0,17519.0,31550.0,47680.0,0.0
50.44,0.0,65535.0,25174.0,10394.0,17719.0,34868.0,47771.0,0.0
50.48,0.0,65535.0,26645.0,11059.0,18007.0,38037.0,47857.0,0.0
50.52,0.0,65535.0,28653.0,11729.0,18156.0,40912.0,47869.0,0.0
50.56,0.0,65535.0,30794.0,12407.0,17888.0,43228.0,47774.0,0.0
50.6,0.0,65535.0,34143.0,13056.0,17304.0,45150.0,47594.0,0.0
50.64,0.0,65535.0,37624.0,13739.0,16678.0,47578.0,47631.0,0.0
50.68,0.0,65535.0,41506.0,14395.0,16982.0,49698.0,47621.0,0.0
50.72,0.0,65535.0,40416.0,15056.0,17270.0,51832.0,47673.0,0.0
50.76,0.0,65535.0,44294.0,15730.0,17341.0,53400.0,47589.0,0.0
50.8,0.0,65535.0,46022.0,16366.0,17250.0,54498.0,47405.0,0.0
50.84,0.0,65535.0,45737.0,17042.0,17319.0,55930.0,47415.0,0.0
50.88,0.0,65535.0,48267.0,17716.0,17407.0,57642.0,47589.0,0.0
50.92,0.0,65535.0,49322.0,18373.0,17448.0,58899.0,47631.0,0.0
50.96,0.0,65535.0,50509.0,19045.0,17427.0,59714.0,47585.0,0.0
51.0,0.0,65535.0,51696.0,19685.0,17461.0,60268.0,47492.0,0.0
51.04,0.0,65535.0,55961.0,20356.0,17386.0,60491.0,47349.0,0.0
51.08,0.0,65535.0,58350.0,21001.0,17379.0,60364.0,47121.0,0.0
51.12,0.0,65535.0,58462.0,21655.0,17526.0,60739.0,47095.0,0.0
51.16,0.0,65535.0,58708.0,22325.0,17501.0,61132.0,47102.0,0.0
51.2,0.0,65535.0,58553.0,22963.0,17616.0,61571.0,47133.0,0.0
51.24,0.0,65535.0,58531.0,23633.0,17698.0,61939.0,47159.0,0.0
51.28,0.0,65535.0,59044.0,24281.0,17792.0,62256.0,47178.0,0.0
51.32,0.0,65535.0,58889.0,24929.0,17732.0,62334.0,47131.0,0.0
51.36,0.0,65535.0,59402.0,25595.0,17725.0,62190.0,47035.0,0.0
51.4,0.0,65535.0,60447.0,26483.0,17808.0,62252.0,46996.0,0.0
51.44,0.0,65535.0,60158.0,27145.0,17810.0,62212.0,46941.0,0.0
51.48,0.0,65535.0,59870.0,27782.0,17835.0,61814.0,46748.0,0.0
51.52,0.0,65535.0,60914.0,28451.0,17904.0,61331.0,46539.0,0.0
51.56,0.0,65535.0,61158.0,29112.0,17993.0,62402.0,46880.0,0.0
51.6,0.0,65535.0,60870.0,29759.0,18149.0,63150.0,47066.0,0.0
51.64,0.0,65535.0,61380.0,30439.0,18358.0,63261.0,47040.0,0.0
51.68,0.0,65535.0,62289.0,31079.0,18202.0,63454.0,47053.0,0.0
51.72,0.0,65535.0,62267.0,31747.0,18298.0,63103.0,46891.0,0.0
51.76,0.0,65535.0,61313.0,32405.0,18364.0,63151.0,46876.0,0.0
51.8,0.0,65535.0,62354.0,33049.0,18322.0,62973.0,46764.0,0.0
51.84,0.0,65535.0,62996.0,33725.0,18290.0,63035.0,46748.0,0.0
51.88,0.0,65535.0,62442.0,34380.0,18174.0,62489.0,46505.0,0.0
51.92,0.0,65535.0,61888.0,35047.0,18264.0,62398.0,46443.0,0.0
51.96,0.0,65535.0,62927.0,35701.0,18464.0,62608.0,46476.0,0.0
52.0,0.0,65535.0,62772.0,36348.0,18396.0,62378.0,46349.0,0.0
52.04,0.0,65535.0,61422.0,37020.0,18529.0,62586.0,46384.0,0.0
52.08,0.0,65535.0,61798.0,37657.0,18707.0,62700.0,46369.0,0.0
52.12,0.0,65535.0,62438.0,38327.0,18634.0,62576.0,46289.0,0.0
52.16,0.0,65535.0,61620.0,38976.0,18758.0,62743.0,46299.0,0.0
52.2,0.0,65535.0,60273.0,39622.0,18771.0,62991.0,46365.0,0.0
52.24,0.0,65535.0,61178.0,40288.0,18935.0,63367.0,46461.0,0.0
52.28,0.0,65535.0,61421.0,40920.0,19038.0,63354.0,46423.0,0.0
52.32,0.0,65535.0,60075.0,41583.0,19002.0,62991.0,46286.0,0.0
52.36,0.0,65535.0,59392.0,42235.0,19006.0,62246.0,46029.0,0.0
52.4,0.0,65535.0,60957.0,42888.0,18983.0,61514.0,45818.0,0.0
52.44,0.0,65535.0,60010.0,43541.0,18981.0,61178.0,45751.0,0.0
52.48,0.0,65535.0,58931.0,44185.0,19068.0,60762.0,45668.0,0.0
52.52,0.0,65535.0,56532.0,44850.0,19128.0,60572.0,45704.0,0.0
52.56,0.0,65535.0,56776.0,45506.0,19092.0,59863.0,45579.0,0.0
52.6,0.0,65535.0,53720.0,46155.0,19196.0,59287.0,45571.0,0.0
52.64,0.0,65535.0,51325.0,46813.0,19227.0,58839.0,45627.0,0.0
52.68,0.0,65535.0,50120.0,47472.0,19195.0,57377.0,45382.0,0.0
52.72,0.0,65535.0,49706.0,48136.0,19166.0,55918.0,45208.0,0.0
52.76,0.0,65535.0,48106.0,48793.0,19053.0,54860.0,45234.0,0.0
52.8,0.0,65535.0,44268.0,49446.0,19072.0,53966.0,45376.0,0.0
52.84,0.0,65535.0,44252.0,50101.0,18938.0,52626.0,45414.0,0.0
52.88,0.0,65535.0,43183.0,50768.0,18861.0,50878.0,45381.0,0.0
52.92,0.0,65535.0,41851.0,51421.0,19045.0,49074.0,45387.0,0.0
52.96,0.0,65535.0,37758.0,52073.0,19128.0,46863.0,45326.0,0.0
53.0,0.0,65535.0,33536.0,52727.0,19463.0,44239.0,45157.0,0.0
53.04,0.0,65535.0,30500.0,53381.0,19799.0,41494.0,45012.0,0.0
53.08,0.0,65535.0,27335.0,54060.0,19978.0,38977.0,45007.0,0.0
53.12,0.0,65535.0,26668.0,54716.0,19814.0,36197.0,44943.0,0.0
53.16,0.0,65535.0,24689.0,55372.0,19544.0,32968.0,44774.0,0.0
53.2,0.0,65535.0,24286.0,56023.0,20363.0,29806.0,44675.0,0.0
53.24,0.0,65535.0,24409.0,56676.0,20864.0,26817.0,44614.0,0.0
53.28,0.0,65535.0,24400.0,57322.0,21339.0,24035.0,44635.0,0.0
53.32,0.0,65535.0,24916.0,57978.0,21500.0,20992.0,44534.0,0.0
53.36,0.0,65535.0,26480.0,58631.0,21538.0,18084.0,44485.0,0.0
53.4,0.0,65535.0,28698.0,59286.0,21463.0,15214.0,44412.0,0.0
53.44,0.0,65535.0,33141.0,59927.0,21417.0,12415.0,44310.0,0.0
53.48,0.0,65535.0,39546.0,60583.0,21530.0,9700.0,44189.0,0.0
53.52,0.0,65535.0,43720.0,61244.0,21714.0,7453.0,44137.0,0.0
53.56,0.0,65535.0,43966.0,61907.0,21794.0,5126.0,43978.0,0.0
53.6,0.0,65535.0,44474.0,62564.0,22174.0,3655.0,44025.0,0.0
53.64,0.0,65535.0,45112.0,63223.0,22418.0,2390.0,44032.0,0.0
53.68,0.0,65535.0,50193.0,63879.0,22371.0,1329.0,44002.0,0.0
53.72,0.0,65535.0,50959.0,64539.0,22474.0,452.0,43914.0,0.0
53.76,0.0,65535.0,52639.0,65199.0,22433.0,131.0,43911.0,0.0
53.8,0.0,65535.0,50531.0,288.0,22477.0,0.0,43834.0,0.0
53.84,0.0,65535.0,50513.0,946.0,22680.0,379.0,43820.0,0.0
53.88,0.0,65535.0,49190.0,1617.0,22686.0,1201.0,43835.0,0.0
53.92,0.0,65535.0,47347.0,2274.0,22711.0,2146.0,43762.0,0.0
53.96,0.0,65535.0,43940.0,2932.0,22714.0,3522.0,43741.0,0.0
54.0,0.0,65535.0,43142.0,3584.0,22573.0,5093.0,43667.0,0.0
54.04,0.0,65535.0,43126.0,4238.0,22419.0,6819.0,43572.0,0.0
54.08,0.0,65535.0,40115.0,4888.0,22122.0,8864.0,43488.0,0.0
54.12,0.0,65535.0,35414.0,5545.0,22044.0,11542.0,43539.0,0.0
54.16,0.0,65535.0,28764.0,6201.0,22182.0,14233.0,43536.0,0.0
54.2,0.0,65535.0,26281.0,6857.0,22416.0,17602.0,43706.0,0.0
54.24,0.0,65535.0,25101.0,7513.0,22606.0,20788.0,43771.0,0.0
54.28,0.0,65535.0,24442.0,8174.0,22620.0,24007.0,43811.0,0.0
54.32,0.0,65535.0,24824.0,8835.0,22087.0,26950.0,43770.0,0.0
54.36,0.0,65535.0,25334.0,9498.0,21896.0,30031.0,43771.0,0.0
54.4,0.0,65535.0,25585.0,10151.0,21784.0,32648.0,43609.0,0.0
54.44,0.0,65535.0,25187.0,10783.0,21886.0,35159.0,43454.0,0.0
54.48,0.0,65535.0,26735.0,11434.0,22065.0,37903.0,43395.0,0.0
54.52,0.0,65535.0,28153.0,12083.0,22192.0,40535.0,43348.0,0.0
54.56,0.0,65535.0,30736.0,12746.0,22037.0,43282.0,43389.0,0.0
54.6,0.0,65535.0,33966.0,13402.0,21581.0,45796.0,43398.0,0.0
54.64,0.0,65535.0,38620.0,14055.0,21113.0,48112.0,43396.0,0.0
54.68,0.0,65535.0,42622.0,14721.0,21367.0,50509.0,43455.0,0.0
54.72,0.0,65535.0,43643.0,15371.0,21399.0,52523.0,43478.0,0.0
54.76,0.0,65535.0,43498.0,16048.0,21529.0,54489.0,43540.0,0.0
54.8,0.0,65535.0,46459.0,16711.0,21522.0,56033.0,43522.0,0.0
54.84,0.0,65535.0,46443.0,17369.0,21557.0,57487.0,43538.0,0.0
54.88,0.0,65535.0,48366.0,18050.0,21604.0,58443.0,43429.0,0.0
54.92,0.0,65535.0,52357.0,18697.0,21617.0,59226.0,43343.0,0.0
54.96,0.0,65535.0,52855.0,19365.0,21729.0,59908.0,43256.0,0.0
55.0,0.0,65535.0,55161.0,20021.0,21689.0,60505.0,43194.0,0.0
55.04,0.0,65535.0,57466.0,20681.0,21668.0,60838.0,43083.0,0.0
55.08,0.0,65535.0,58350.0,21352.0,21543.0,61276.0,43029.0,0.0
55.12,0.0,65535.0,59103.0,22003.0,21577.0,61737.0,43026.0,0.0
55.16,0.0,65535.0,58824.0,22681.0,21770.0,62407.0,43107.0,0.0
55.2,0.0,65535.0,58417.0,23338.0,21815.0,62769.0,43118.0,0.0
55.24,0.0,65535.0,59041.0,23997.0,21898.0,62924.0,43058.0,0.0
55.28,0.0,65535.0,59535.0,24665.0,21945.0,62912.0,42973.0,0.0
55.32,0.0,65535.0,58999.0,25313.0,22064.0,62973.0,42936.0,0.0
55.36,0.0,65535.0,59622.0,25987.0,22011.0,62893.0,42843.0,0.0
55.4,0.0,65535.0,60502.0,26513.0,22159.0,62993.0,42833.0,0.0
55.44,0.0,65535.0,60223.0,27146.0,22203.0,63263.0,42871.0,0.0
55.48,0.0,65535.0,59816.0,27817.0,22267.0,63491.0,42902.0,0.0
55.52,0.0,65535.0,60952.0,28468.0,22200.0,63585.0,42877.0,0.0
55.56,0.0,65535.0,61188.0,29130.0,22247.0,63690.0,42868.0,0.0
55.6,0.0,65535.0,60909.0,29788.0,22421.0,63932.0,42906.0,0.0
55.64,0.0,65535.0,61273.0,30433.0,22527.0,63778.0,42796.0,0.0
55.68,0.0,65535.0,62279.0,31097.0,22455.0,63744.0,42744.0,0.0
55.72,0.0,65535.0,62257.0,31745.0,22519.0,63663.0,42666.0,0.0
55.76,0.0,65535.0,61209.0,32404.0,22618.0,63762.0,42662.0,0.0
55.8,0.0,65535.0,62213.0,33061.0,22595.0,63580.0,42557.0,0.0
55.84,0.0,65535.0,62961.0,33706.0,22712.0,63541.0,42499.0,0.0
55.88,0.0,65535.0,62298.0,34384.0,22690.0,63514.0,42451.0,0.0
55.92,0.0,65535.0,61763.0,35030.0,22670.0,63149.0,42276.0,0.0
55.96,0.0,65535.0,62766.0,35690.0,22592.0,63026.0,42201.0,0.0
56.0,0.0,65535.0,62744.0,36343.0,22610.0,62972.0,42142.0,0.0
56.04,0.0,65535.0,61442.0,36989.0,22662.0,62994.0,42104.0,0.0
56.08,0.0,65535.0,61677.0,37650.0,22775.0,63136.0,42114.0,0.0
56.12,0.0,65535.0,62423.0,38295.0,22727.0,63074.0,42043.0,0.0
56.16,0.0,65535.0,61506.0,38954.0,22766.0,63224.0,42057.0,0.0
56.2,0.0,65535.0,60334.0,39612.0,22781.0,62983.0,41940.0,0.0
56.24,0.0,65535.0,61207.0,40263.0,22809.0,62743.0,41832.0,0.0
56.28,0.0,65535.0,61569.0,40927.0,22848.0,62782.0,41838.0,0.0
56.32,0.0,65535.0,60270.0,41576.0,22985.0,62658.0,41780.0,0.0
56.36,0.0,65535.0,59356.0,42231.0,23071.0,62565.0,41756.0,0.0
56.4,0.0,65535.0,60738.0,42882.0,23072.0,62262.0,41662.0,0.0
56.44,0.0,65535.0,60079.0,43510.0,23234.0,61943.0,41593.0,0.0
56.48,0.0,65535.0,58911.0,44164.0,23292.0,61728.0,41580.0,0.0
56.52,0.0,65535.0,57870.0,44807.0,23605.0,61582.0,41619.0,0.0
56.56,0.0,65535.0,54028.0,45461.0,23473.0,60798.0,41487.0,0.0
56.6,0.0,65535.0,52480.0,46105.0,23328.0,60475.0,41559.0,0.0
56.64,0.0,65535.0,50552.0,46754.0,23411.0,59789.0,41537.0,0.0
56.68,0.0,65535.0,46588.0,47396.0,23517.0,59045.0,41547.0,0.0
56.72,0.0,65535.0,46445.0,48031.0,23505.0,57971.0,41487.0,0.0
56.76,0.0,65535.0,45029.0,48687.0,23415.0,56655.0,41416.0,0.0
56.8,0.0,65535.0,45268.0,49334.0,23352.0,55034.0,41297.0,0.0
56.84,0.0,65535.0,42837.0,49989.0,23147.0,53300.0,41215.0,0.0
56.88,0.0,65535.0,43203.0,50662.0,23095.0,51202.0,41065.0,0.0
56.92,0.0,65535.0,41537.0,51316.0,23308.0,48954.0,40925.0,0.0
56.96,0.0,65535.0,35681.0,51985.0,23443.0,46527.0,40792.0,0.0
57.0,0.0,65535.0,32115.0,52637.0,23711.0,44040.0,40676.0,0.0
57.04,0.0,65535.0,30454.0,53292.0,24064.0,41765.0,40692.0,0.0
57.08,0.0,65535.0,27272.0,54042.0,24090.0,39084.0,40613.0,0.0
57.12,0.0,65535.0,26629.0,54690.0,24076.0,36284.0,40547.0,0.0
57.16,0.0,65535.0,24845.0,55349.0,23953.0,33395.0,40496.0,0.0
57.2,0.0,65535.0,23949.0,55999.0,24599.0,30298.0,40406.0,0.0
57.24,0.0,65535.0,23814.0,56651.0,25055.0,27305.0,40360.0,0.0
57.28,0.0,65535.0,24059.0,57303.0,25455.0,24569.0,40383.0,0.0
57.32,0.0,65535.0,24051.0,57948.0,25733.0,21920.0,40438.0,0.0
57.36,0.0,65535.0,25941.0,58606.0,25885.0,19138.0,40410.0,0.0
57.4,0.0,65535.0,27196.0,59258.0,25678.0,15986.0,40234.0,0.0
57.44,0.0,65535.0,30095.0,59891.0,25612.0,13367.0,40208.0,0.0
57.48,0.0,65535.0,37164.0,60546.0,25708.0,10782.0,40121.0,0.0
57.52,0.0,65535.0,42964.0,61193.0,25791.0,8422.0,40049.0,0.0
57.56,0.0,65535.0,45728.0,61852.0,25961.0,6366.0,39976.0,0.0
57.6,0.0,65535.0,45586.0,62509.0,26315.0,4445.0,39862.0,0.0
57.64,0.0,65535.0,47211.0,63161.0,26451.0,2867.0,39768.0,0.0
57.68,0.0,65535.0,50980.0,63818.0,26519.0,2071.0,39828.0,0.0
57.72,0.0,65535.0,53107.0,64469.0,26542.0,1219.0,39761.0,0.0
57.76,0.0,65535.0,54350.0,65130.0,26643.0,941.0,39755.0,0.0
57.8,0.0,65535.0,55718.0,223.0,26667.0,870.0,39709.0,0.0
57.84,0.0,65535.0,52422.0,877.0,26939.0,1506.0,39772.0,0.0
57.88,0.0,65535.0,50892.0,1553.0,26996.0,2418.0,39815.0,0.0
57.92,0.0,65535.0,50245.0,2208.0,27018.0,3559.0,39835.0,0.0
57.96,0.0,65535.0,45696.0,2871.0,26988.0,5010.0,39831.0,0.0
58.0,0.0,65535.0,46435.0,3534.0,26952.0,7010.0,39930.0,0.0
58.04,0.0,65535.0,45916.0,4193.0,26743.0,8791.0,39836.0,0.0
58.08,0.0,65535.0,40241.0,4853.0,26461.0,10389.0,39601.0,0.0
58.12,0.0,65535.0,31050.0,5506.0,26336.0,12389.0,39425.0,0.0
58.16,0.0,65535.0,28526.0,6167.0,26510.0,14842.0,39341.0,0.0
58.2,0.0,65535.0,26130.0,6815.0,26614.0,17048.0,39124.0,0.0
58.24,0.0,65535.0,25493.0,7458.0,26679.0,19229.0,38842.0,0.0
58.28,0.0,65535.0,24982.0,8102.0,26514.0,21873.0,38724.0,0.0
58.32,0.0,65535.0,24722.0,8740.0,26085.0,24774.0,38667.0,0.0
58.36,0.0,65535.0,23208.0,9391.0,25978.0,28026.0,38729.0,0.0
58.4,0.0,65535.0,24078.0,10038.0,25961.0,31017.0,38701.0,0.0
58.44,0.0,65535.0,25574.0,10669.0,26106.0,33983.0,38674.0,0.0
58.48,0.0,65535.0,26192.0,11325.0,26437.0,37299.0,38824.0,0.0
58.52,0.0,65535.0,28062.0,11977.0,26718.0,40565.0,38974.0,0.0
58.56,0.0,65535.0,30683.0,12645.0,26650.0,43862.0,39197.0,0.0
58.6,0.0,65535.0,35680.0,13313.0,26177.0,47065.0,39438.0,0.0
58.64,0.0,65535.0,38671.0,13977.0,25614.0,49800.0,39562.0,0.0
58.68,0.0,65535.0,42036.0,14632.0,25794.0,51532.0,39399.0,0.0
58.72,0.0,65535.0,43147.0,15284.0,25633.0,52916.0,39204.0,0.0
58.76,0.0,65535.0,43882.0,15940.0,25676.0,54258.0,39070.0,0.0
58.8,0.0,65535.0,45367.0,16593.0,25795.0,55544.0,38968.0,0.0
58.84,0.0,65535.0,48600.0,17246.0,25842.0,56946.0,38957.0,0.0
58.88,0.0,65535.0,49707.0,17914.0,25896.0,58086.0,38922.0,0.0
58.92,0.0,65535.0,50439.0,18568.0,25837.0,59101.0,38895.0,0.0
58.96,0.0,65535.0,53043.0,19235.0,25962.0,60390.0,39011.0,0.0
59.0,0.0,65535.0,52401.0,19911.0,26047.0,62128.0,39311.0,0.0
59.04,0.0,65535.0,52757.0,20584.0,26056.0,63238.0,39439.0,0.0
59.08,0.0,65535.0,55357.0,21244.0,26087.0,63381.0,39291.0,0.0
59.12,0.0,65535.0,59078.0,21903.0,25805.0,63196.0,39065.0,0.0
59.16,0.0,65535.0,58933.0,22556.0,25637.0,62755.0,38794.0,0.0
59.2,0.0,65535.0,58539.0,23216.0,25564.0,62583.0,38637.0,0.0
59.24,0.0,65535.0,59017.0,23871.0,25635.0,62440.0,38494.0,0.0
59.28,0.0,65535.0,59619.0,24532.0,25927.0,63377.0,38729.0,0.0
59.32,0.0,65535.0,59101.0,25194.0,26134.0,64276.0,38954.0,0.0
59.36,0.0,65535.0,59330.0,25796.0,26026.0,63776.0,38701.0,0.0
59.4,0.0,65535.0,60429.0,26460.0,26147.0,63392.0,38517.0,0.0
59.44,0.0,65535.0,60284.0,27097.0,26061.0,63500.0,38521.0,0.0
59.48,0.0,65535.0,59766.0,27756.0,26201.0,64490.0,38813.0,0.0
59.52,0.0,65535.0,60367.0,28417.0,26396.0,65151.0,38988.0,0.0
59.56,0.0,65535.0,61216.0,29068.0,26350.0,64894.0,38842.0,0.0
59.6,0.0,65535.0,60946.0,29727.0,25907.0,63781.0,38402.0,0.0
59.64,0.0,65535.0,61174.0,30375.0,25433.0,62485.0,37952.0,0.0
59.68,0.0,65535.0,62145.0,31034.0,25659.0,63746.0,38347.0,0.0
59.72,0.0,65535.0,62248.0,31690.0,26018.0,64479.0,38526.0,0.0
59.76,0.0,65535.0,61112.0,32339.0,25788.0,63213.0,38027.0,0.0
59.8,0.0,65535.0,61215.0,33002.0,25906.0,63413.0,38060.0,0.0
59.84,0.0,65535.0,62804.0,33649.0,26018.0,63823.0,38175.0,0.0
59.88,0.0,65535.0,62288.0,34322.0,26314.0,64517.0,38364.0,0.0
59.92,0.0,65535.0,61524.0,34974.0,26397.0,65077.0,38509.0,0.0
59.96,0.0,65535.0,62493.0,35623.0,26018.0,64249.0,38181.0,0.0
60.0,0.0,65535.0,62719.0,36287.0,26002.0,63235.0,37799.0,0.0
60.04,0.0,65535.0,61585.0,36941.0,25873.0,61942.0,37338.0,0.0
60.08,0.0,65535.0,60699.0,37612.0,25845.0,60607.0,36852.0,0.0
60.12,0.0,65535.0,62532.0,38278.0,25518.0,59926.0,36598.0,0.0
60.16,0.0,65535.0,61769.0,38941.0,25536.0,60085.0,36604.0,0.0
60.2,0.0,65535.0,60513.0,39603.0,25685.0,61362.0,36999.0,0.0
60.24,0.0,65535.0,61110.0,40239.0,26082.0,63196.0,37573.0,0.0
60.28,0.0,65535.0,61336.0,40893.0,26511.0,64268.0,37881.0,0.0
60.32,0.0,65535.0,0.0,41536.0,26709.0,64507.0,37943.0,0.0
60.36,0.0,65535.0,0.0,42178.0,26809.0,64436.0,37917.0,0.0
60.4,0.0,65535.0,0.0,42836.0,26722.0,63726.0,37697.0,0.0
60.44,0.0,65535.0,59898.0,43464.0,26723.0,62576.0,37347.0,0.0
60.48,0.0,65535.0,59015.0,44132.0,26641.0,61519.0,37070.0,0.0
60.52,0.0,65535.0,58256.0,44779.0,26868.0,61602.0,37220.0,0.0
60.56,0.0,65535.0,53558.0,45417.0,27177.0,61869.0,37428.0,0.0
60.6,0.0,65535.0,50463.0,46071.0,27261.0,61983.0,37627.0,0.0
60.64,0.0,65535.0,49338.0,46708.0,27497.0,61196.0,37559.0,0.0
60.68,0.0,65535.0,48953.0,47372.0,27473.0,59869.0,37364.0,0.0
60.72,0.0,65535.0,46600.0,48027.0,27600.0,58285.0,37147.0,0.0
60.76,0.0,65535.0,46461.0,48675.0,27589.0,56734.0,36996.0,0.0
60.8,0.0,65535.0,46200.0,49346.0,27344.0,54728.0,36760.0,0.0
60.84,0.0,65535.0,44219.0,49992.0,27066.0,52953.0,36665.0,0.0
60.88,0.0,65535.0,43099.0,50671.0,27019.0,51298.0,36663.0,0.0
60.92,0.0,65535.0,41243.0,51323.0,27139.0,49453.0,36650.0,0.0
60.96,0.0,65535.0,37426.0,51962.0,27140.0,47438.0,36632.0,0.0
61.0,0.0,65535.0,33242.0,52628.0,27387.0,44860.0,36488.0,0.0
61.04,0.0,65535.0,30411.0,54167.0,27691.0,42506.0,36470.0,0.0
61.08,0.0,65535.0,27704.0,54792.0,27828.0,40005.0,36460.0,0.0
61.12,0.0,65535.0,25611.0,55413.0,27751.0,37078.0,36341.0,0.0
61.16,0.0,65535.0,24745.0,56045.0,27638.0,34000.0,36235.0,0.0
61.2,0.0,65535.0,24370.0,56683.0,28389.0,30312.0,35952.0,0.0
61.24,0.0,65535.0,24361.0,57323.0,28789.0,27367.0,35912.0,0.0
61.28,0.0,65535.0,24108.0,57966.0,29026.0,24580.0,35924.0,0.0
61.32,0.0,65535.0,24834.0,58606.0,29099.0,21772.0,35908.0,0.0
61.36,0.0,65535.0,25927.0,59251.0,29206.0,19165.0,35962.0,0.0
61.4,0.0,65535.0,27141.0,59898.0,29113.0,16300.0,35885.0,0.0
61.44,0.0,65535.0,30065.0,60540.0,29279.0,13365.0,35736.0,0.0
61.48,0.0,65535.0,40561.0,61202.0,29431.0,10576.0,35592.0,0.0
61.52,0.0,65535.0,48731.0,61862.0,29368.0,8534.0,35628.0,0.0
61.56,0.0,65535.0,48592.0,62528.0,29697.0,6857.0,35703.0,0.0
61.6,0.0,65535.0,49064.0,63191.0,29908.0,5071.0,35626.0,0.0
61.64,0.0,65535.0,53440.0,63863.0,30094.0,3478.0,35517.0,0.0
61.68,0.0,65535.0,54642.0,64538.0,30168.0,2318.0,35465.0,0.0
61.72,0.0,65535.0,55965.0,65210.0,30300.0,1734.0,35482.0,0.0
61.76,0.0,65535.0,54849.0,319.0,30298.0,1620.0,35548.0,0.0
61.8,0.0,65535.0,53125.0,982.0,30361.0,1783.0,35572.0,0.0
61.84,0.0,65535.0,50915.0,1651.0,30466.0,2350.0,35613.0,0.0
61.88,0.0,65535.0,44931.0,2332.0,30542.0,2693.0,35463.0,0.0
61.92,0.0,65535.0,43942.0,2993.0,30429.0,3205.0,35265.0,0.0
61.96,0.0,65535.0,43076.0,3653.0,30330.0,4099.0,35096.0,0.0
62.0,0.0,65535.0,41845.0,4299.0,30178.0,5550.0,34996.0,0.0
62.04,0.0,65535.0,37697.0,4949.0,30117.0,7429.0,34960.0,0.0
62.08,0.0,65535.0,38292.0,5592.0,30008.0,9398.0,34850.0,0.0
62.12,0.0,65535.0,33297.0,6242.0,30154.0,11882.0,34844.0,0.0
62.16,0.0,65535.0,28912.0,6892.0,30349.0,14694.0,34877.0,0.0
62.2,0.0,65535.0,25624.0,7536.0,30504.0,17941.0,34994.0,0.0
62.24,0.0,65535.0,25130.0,8182.0,30625.0,21090.0,35055.0,0.0
62.28,0.0,65535.0,24636.0,8829.0,30540.0,24907.0,35311.0,0.0
62.32,0.0,65535.0,23172.0,9479.0,30269.0,28124.0,35355.0,0.0
62.36,0.0,65535.0,24013.0,10124.0,29964.0,31218.0,35372.0,0.0
62.4,0.0,65535.0,25339.0,10764.0,29815.0,34014.0,35271.0,0.0
62.44,0.0,65535.0,26906.0,11383.0,29942.0,36653.0,35149.0,0.0
62.48,0.0,65535.0,27503.0,12010.0,30201.0,39391.0,35087.0,0.0
62.52,0.0,65535.0,28463.0,12635.0,30329.0,41777.0,34961.0,0.0
62.56,0.0,65535.0,30633.0,13264.0,30015.0,43980.0,34831.0,0.0
62.6,0.0,65535.0,33890.0,13900.0,28931.0,46126.0,34725.0,0.0
62.64,0.0,65535.0,37267.0,14540.0,29002.0,48367.0,34682.0,0.0
62.68,0.0,65535.0,44754.0,15185.0,29112.0,50681.0,34717.0,0.0
62.72,0.0,65535.0,46432.0,15837.0,29174.0,52913.0,34815.0,0.0
62.76,0.0,65535.0,46538.0,16492.0,29365.0,54806.0,34830.0,0.0
62.8,0.0,65535.0,46643.0,17152.0,29375.0,56238.0,34763.0,0.0
62.84,0.0,65535.0,51097.0,17811.0,29428.0,57694.0,34779.0,0.0
62.88,0.0,65535.0,51080.0,18480.0,29402.0,58958.0,34792.0,0.0
62.92,0.0,65535.0,53357.0,19129.0,29480.0,59803.0,34718.0,0.0
62.96,0.0,65535.0,56477.0,19784.0,29533.0,60463.0,34615.0,0.0
63.0,0.0,65535.0,57906.0,20436.0,29382.0,60551.0,34382.0,0.0
63.04,0.0,65535.0,58369.0,21100.0,29434.0,60920.0,34288.0,0.0
63.08,0.0,65535.0,59073.0,21770.0,29551.0,61434.0,34270.0,0.0
63.12,0.0,65535.0,58933.0,22439.0,29675.0,62043.0,34314.0,0.0
63.16,0.0,65535.0,58673.0,23114.0,29746.0,62607.0,34344.0,0.0
63.2,0.0,65535.0,58533.0,23770.0,29823.0,62967.0,34353.0,0.0
63.24,0.0,65535.0,59597.0,24447.0,29898.0,63212.0,34322.0,0.0
63.28,0.0,65535.0,59216.0,25118.0,30100.0,63420.0,34304.0,0.0
63.32,0.0,65535.0,59317.0,25783.0,30001.0,63264.0,34185.0,0.0
63.36,0.0,65535.0,59418.0,25825.0,30189.0,63329.0,34140.0,0.0
63.4,0.0,65535.0,60480.0,26486.0,30167.0,63319.0,34089.0,0.0
63.44,0.0,65535.0,60460.0,27109.0,30257.0,63157.0,33981.0,0.0
63.48,0.0,65535.0,59960.0,27775.0,30238.0,63208.0,33953.0,0.0
63.52,0.0,65535.0,60421.0,28422.0,30272.0,63582.0,34043.0,0.0
63.56,0.0,65535.0,61241.0,29070.0,30318.0,63391.0,33927.0,0.0
63.6,0.0,65535.0,61101.0,29736.0,30330.0,63613.0,33962.0,0.0
63.64,0.0,65535.0,61201.0,30382.0,30298.0,63568.0,33888.0,0.0
63.68,0.0,65535.0,62021.0,31048.0,30333.0,63314.0,33761.0,0.0
63.72,0.0,65535.0,62240.0,31700.0,30427.0,63160.0,33665.0,0.0
63.76,0.0,65535.0,61141.0,32350.0,30457.0,63095.0,33608.0,0.0
63.8,0.0,65535.0,61121.0,33013.0,30543.0,63107.0,33574.0,0.0
63.84,0.0,65535.0,62778.0,33660.0,30638.0,63449.0,33635.0,0.0
63.88,0.0,65535.0,62398.0,34345.0,30748.0,63637.0,33657.0,0.0
63.92,0.0,65535.0,61539.0,35000.0,30916.0,63875.0,33673.0,0.0
63.96,0.0,65535.0,62477.0,35649.0,30866.0,63803.0,33601.0,0.0
64.0,0.0,65535.0,62695.0,36309.0,30776.0,63615.0,33499.0,0.0
64.04,0.0,65535.0,61479.0,36949.0,30846.0,63273.0,33339.0,0.0
64.08,0.0,65535.0,60502.0,37603.0,30851.0,63149.0,33274.0,0.0
64.12,0.0,65535.0,62156.0,38245.0,30854.0,63065.0,33197.0,0.0
64.16,0.0,65535.0,61657.0,38882.0,30912.0,63260.0,33229.0,0.0
64.2,0.0,65535.0,60443.0,39542.0,30876.0,63401.0,33238.0,0.0
64.24,0.0,65535.0,60542.0,40193.0,31015.0,63619.0,33277.0,0.0
64.28,0.0,65535.0,61597.0,40866.0,31154.0,63399.0,33186.0,0.0
64.32,0.0,65535.0,60383.0,41526.0,31212.0,63273.0,33116.0,0.0
64.36,0.0,65535.0,59409.0,42185.0,31259.0,62858.0,32993.0,0.0
64.4,0.0,65535.0,60821.0,42854.0,31232.0,62383.0,32851.0,0.0
64.44,0.0,65535.0,60205.0,43484.0,31252.0,61975.0,32749.0,0.0
64.48,0.0,65535.0,59232.0,44147.0,31263.0,61623.0,32705.0,0.0
64.52,0.0,65535.0,58497.0,44806.0,31238.0,61406.0,32719.0,0.0
64.56,0.0,65535.0,57168.0,45466.0,31321.0,60957.0,32697.0,0.0
64.6,0.0,65535.0,55006.0,46143.0,31274.0,60441.0,32679.0,0.0
64.64,0.0,65535.0,53084.0,46796.0,31329.0,59797.0,32676.0,0.0
64.68,0.0,65535.0,49259.0,47460.0,31513.0,59086.0,32694.0,0.0
64.72,0.0,65535.0,47697.0,48112.0,31588.0,58153.0,32682.0,0.0
64.76,0.0,65535.0,47087.0,48762.0,31540.0,56754.0,32586.0,0.0
64.8,0.0,65535.0,46239.0,49420.0,31548.0,55212.0,32493.0,0.0
64.84,0.0,65535.0,44204.0,50066.0,31472.0,53437.0,32401.0,0.0
64.88,0.0,65535.0,43240.0,50741.0,31415.0,51821.0,32407.0,0.0
64.92,0.0,65535.0,41207.0,51386.0,31702.0,50103.0,32449.0,0.0
64.96,0.0,65535.0,37988.0,52037.0,31765.0,48040.0,32424.0,0.0
65.0,0.0,65535.0,33941.0,52687.0,32008.0,45880.0,32405.0,0.0
65.04,0.0,65535.0,30727.0,53333.0,32379.0,43439.0,32368.0,0.0
65.08,0.0,65535.0,0.0,0.0,32385.0,40764.0,32291.0,0.0
65.12,0.0,65535.0,0.0,0.0,32189.0,37995.0,32243.0,0.0
65.16,0.0,65535.0,0.0,0.0,31979.0,35040.0,32174.0,0.0
65.2,0.0,65535.0,0.0,0.0,32994.0,31821.0,32040.0,0.0
65.24,0.0,65535.0,0.0,0.0,33530.0,28842.0,31994.0,0.0
65.28,0.0,65535.0,0.0,0.0,33746.0,25732.0,31884.0,0.0
65.32,0.0,65535.0,0.0,0.0,33970.0,22592.0,31759.0,0.0
65.36,0.0,65535.0,25914.0,57930.0,34046.0,19264.0,31559.0,0.0
65.4,0.0,65535.0,27207.0,58595.0,33886.0,16323.0,31463.0,0.0
65.44,0.0,65535.0,30154.0,59243.0,33861.0,13401.0,31336.0,0.0
65.48,0.0,65535.0,36173.0,59899.0,33898.0,11125.0,31349.0,0.0
65.52,0.0,65535.0,39825.0,60553.0,34033.0,9084.0,31377.0,0.0
65.56,0.0,65535.0,40166.0,61205.0,34322.0,6993.0,31292.0,0.0
65.6,0.0,65535.0,43932.0,61853.0,34467.0,5007.0,31161.0,0.0
65.64,0.0,65535.0,44272.0,62502.0,34690.0,3460.0,31081.0,0.0
65.68,0.0,65535.0,44966.0,63147.0,34691.0,2322.0,31037.0,0.0
65.72,0.0,65535.0,50261.0,63791.0,34756.0,1701.0,31051.0,0.0
65.76,0.0,65535.0,53193.0,64433.0,34837.0,1594.0,31110.0,0.0
65.8,0.0,65535.0,55180.0,65073.0,35081.0,1770.0,31157.0,0.0
65.84,0.0,65535.0,57284.0,153.0,35295.0,2250.0,31163.0,0.0
65.88,0.0,65535.0,53731.0,812.0,35466.0,2666.0,31041.0,0.0
65.92,0.0,65535.0,52653.0,1458.0,35359.0,3437.0,30931.0,0.0
65.96,0.0,65535.0,51105.0,2104.0,35316.0,4771.0,30891.0,0.0
66.0,0.0,65535.0,50971.0,2753.0,35309.0,6191.0,30792.0,0.0
66.04,0.0,65535.0,47424.0,3410.0,35134.0,8250.0,30806.0,0.0
66.08,0.0,65535.0,42821.0,4070.0,35031.0,10708.0,30873.0,0.0
66.12,0.0,65535.0,29401.0,4732.0,35008.0,13193.0,30858.0,0.0
66.16,0.0,65535.0,27510.0,5400.0,35126.0,15632.0,30756.0,0.0
66.2,0.0,65535.0,25503.0,6068.0,35276.0,18413.0,30745.0,0.0
66.24,0.0,65535.0,25025.0,6739.0,35455.0,21034.0,30626.0,0.0
66.28,0.0,65535.0,24547.0,7413.0,35324.0,24140.0,30656.0,0.0
66.32,0.0,65535.0,24774.0,8086.0,34991.0,27219.0,30661.0,0.0
66.36,0.0,65535.0,25236.0,8757.0,34814.0,30479.0,30723.0,0.0
66.4,0.0,65535.0,25345.0,9437.0,34762.0,33919.0,30852.0,0.0
66.44,0.0,65535.0,26979.0,10096.0,34804.0,36921.0,30830.0,0.0
66.48,0.0,65535.0,27908.0,10774.0,34941.0,39671.0,30777.0,0.0
66.52,0.0,65535.0,29658.0,11452.0,35011.0,42096.0,30655.0,0.0
66.56,0.0,65535.0,30586.0,12121.0,34801.0,44297.0,30515.0,0.0
66.6,0.0,65535.0,33856.0,12799.0,34276.0,46426.0,30411.0,0.0
66.64,0.0,65535.0,37593.0,13476.0,33523.0,48666.0,30376.0,0.0
66.68,0.0,65535.0,40508.0,14156.0,33872.0,51217.0,30496.0,0.0
66.72,0.0,65535.0,40729.0,14831.0,33782.0,53244.0,30494.0,0.0
66.76,0.0,65535.0,41184.0,15495.0,33765.0,54889.0,30444.0,0.0
66.8,0.0,65535.0,45381.0,16161.0,33676.0,56244.0,30353.0,0.0
66.84,0.0,65535.0,45951.0,16816.0,33705.0,57309.0,30223.0,0.0
66.88,0.0,65535.0,48157.0,17484.0,33610.0,58012.0,30048.0,0.0
66.92,0.0,65535.0,48609.0,18132.0,33646.0,58796.0,29945.0,0.0
66.96,0.0,65535.0,53383.0,18776.0,33755.0,59718.0,29953.0,0.0
67.0,0.0,65535.0,53249.0,19431.0,33793.0,60692.0,30001.0,0.0
67.04,0.0,65535.0,55567.0,20082.0,33896.0,61566.0,30059.0,0.0
67.08,0.0,65535.0,56599.0,20736.0,33981.0,62128.0,30057.0,0.0
67.12,0.0,65535.0,58564.0,21387.0,34059.0,62429.0,29986.0,0.0
67.16,0.0,65535.0,59245.0,22033.0,34039.0,62849.0,29994.0,0.0
67.2,0.0,65535.0,59110.0,22681.0,34063.0,62834.0,29871.0,0.0
67.24,0.0,65535.0,58508.0,23324.0,34184.0,62967.0,29816.0,0.0
67.28,0.0,65535.0,59189.0,23965.0,34266.0,62971.0,29742.0,0.0
67.32,0.0,65535.0,59752.0,24607.0,34281.0,63056.0,29705.0,0.0
67.36,0.0,65535.0,59384.0,25245.0,34349.0,63090.0,29667.0,0.0
67.4,0.0,65535.0,59598.0,25892.0,34432.0,63089.0,29598.0,0.0
67.44,0.0,65535.0,60393.0,27072.0,34448.0,63185.0,29590.0,0.0
67.48,0.0,65535.0,59909.0,27733.0,34489.0,63462.0,29623.0,0.0
67.52,0.0,65535.0,60238.0,28380.0,34568.0,63617.0,29629.0,0.0
67.56,0.0,65535.0,61149.0,29044.0,34632.0,63661.0,29607.0,0.0
67.6,0.0,65535.0,61013.0,29697.0,34629.0,63541.0,29512.0,0.0
67.64,0.0,65535.0,60994.0,30353.0,34633.0,63421.0,29433.0,0.0
67.68,0.0,65535.0,61904.0,31014.0,34746.0,63351.0,29358.0,0.0
67.72,0.0,65535.0,62116.0,31661.0,34778.0,63429.0,29347.0,0.0
67.76,0.0,65535.0,61168.0,32324.0,34802.0,63366.0,29279.0,0.0
67.8,0.0,65535.0,61032.0,32977.0,34758.0,63294.0,29203.0,0.0
67.84,0.0,65535.0,62637.0,33634.0,34740.0,63410.0,29206.0,0.0
67.88,0.0,65535.0,62385.0,34311.0,34882.0,63533.0,29199.0,0.0
67.92,0.0,65535.0,61554.0,34958.0,34864.0,63663.0,29205.0,0.0
67.96,0.0,65535.0,62345.0,35621.0,34973.0,63829.0,29213.0,0.0
68.0,0.0,65535.0,62673.0,36273.0,35011.0,63714.0,29128.0,0.0
68.04,0.0,65535.0,61495.0,36928.0,35033.0,63686.0,29084.0,0.0
68.08,0.0,65535.0,60434.0,37586.0,35082.0,63709.0,29044.0,0.0
68.12,0.0,65535.0,62035.0,38231.0,35121.0,63679.0,28999.0,0.0
68.16,0.0,65535.0,61668.0,38894.0,35131.0,63671.0,28956.0,0.0
68.2,0.0,65535.0,60492.0,39549.0,35106.0,63369.0,28816.0,0.0
68.24,0.0,65535.0,60473.0,40208.0,35067.0,63196.0,28739.0,0.0
68.28,0.0,65535.0,61609.0,40866.0,35180.0,63217.0,28721.0,0.0
68.32,0.0,65535.0,60434.0,41515.0,35268.0,63162.0,28690.0,0.0
68.36,0.0,65535.0,59376.0,42174.0,35293.0,63090.0,28669.0,0.0
68.4,0.0,65535.0,60742.0,42824.0,35378.0,62835.0,28602.0,0.0
68.44,0.0,65535.0,60261.0,43463.0,35420.0,62466.0,28517.0,0.0
68.48,0.0,65535.0,59204.0,44115.0,35516.0,62225.0,28497.0,0.0
68.52,0.0,65535.0,58262.0,44764.0,35569.0,61825.0,28462.0,0.0
68.56,0.0,65535.0,55937.0,45419.0,35572.0,61491.0,28466.0,0.0
68.6,0.0,65535.0,54305.0,46071.0,35593.0,60892.0,28437.0,0.0
68.64,0.0,65535.0,51752.0,46726.0,35705.0,60297.0,28435.0,0.0
68.68,0.0,65535.0,49316.0,47385.0,35640.0,59129.0,28293.0,0.0
68.72,0.0,65535.0,48840.0,48037.0,35698.0,57991.0,28224.0,0.0
68.76,0.0,65535.0,47212.0,48692.0,35662.0,56796.0,28191.0,0.0
68.8,0.0,65535.0,46392.0,49346.0,35507.0,55422.0,28168.0,0.0
68.84,0.0,65535.0,44190.0,49995.0,35377.0,53931.0,28150.0,0.0
68.88,0.0,65535.0,42681.0,50668.0,35424.0,52235.0,28130.0,0.0
68.92,0.0,65535.0,41632.0,51317.0,35555.0,50437.0,28133.0,0.0
68.96,0.0,65535.0,38400.0,51973.0,35718.0,48195.0,28048.0,0.0
69.0,0.0,65535.0,33906.0,52629.0,36088.0,45996.0,28038.0,0.0
69.04,0.0,65535.0,30678.0,53284.0,36421.0,43356.0,27917.0,0.0
69.08,0.0,65535.0,28371.0,53549.0,36451.0,40605.0,27828.0,0.0
69.12,0.0,65535.0,25606.0,54217.0,36584.0,37808.0,27765.0,0.0
69.16,0.0,65535.0,25139.0,54884.0,36510.0,34852.0,27693.0,0.0
69.2,0.0,65535.0,24328.0,55551.0,37439.0,32014.0,27696.0,0.0
69.24,0.0,65535.0,23976.0,56214.0,37843.0,28928.0,27599.0,0.0
69.28,0.0,65535.0,23510.0,56879.0,38203.0,25939.0,27540.0,0.0
69.32,0.0,65535.0,23502.0,57541.0,38396.0,22941.0,27467.0,0.0
69.36,0.0,65535.0,25099.0,58200.0,38470.0,19947.0,27383.0,0.0
69.4,0.0,65535.0,26581.0,58856.0,38318.0,17165.0,27347.0,0.0
69.44,0.0,65535.0,28978.0,59495.0,38239.0,14527.0,27303.0,0.0
69.48,0.0,65535.0,34808.0,60149.0,38232.0,11774.0,27172.0,0.0
69.52,0.0,65535.0,42695.0,60803.0,38296.0,9538.0,27134.0,0.0
69.56,0.0,65535.0,43826.0,61456.0,38600.0,7448.0,27072.0,0.0
69.6,0.0,65535.0,45300.0,62107.0,38793.0,5508.0,26950.0,0.0
69.64,0.0,65535.0,47573.0,62757.0,39052.0,3979.0,26869.0,0.0
69.68,0.0,65535.0,48815.0,63407.0,39027.0,2724.0,26786.0,0.0
69.72,0.0,65535.0,50286.0,64056.0,39031.0,1796.0,26694.0,0.0
69.76,0.0,65535.0,53240.0,64706.0,39071.0,1394.0,26671.0,0.0
69.8,0.0,65535.0,56308.0,65354.0,39148.0,1317.0,26627.0,0.0
69.84,0.0,65535.0,54920.0,438.0,39412.0,1861.0,26668.0,0.0
69.88,0.0,65535.0,53647.0,1104.0,39436.0,2638.0,26675.0,0.0
69.92,0.0,65535.0,53288.0,1756.0,39362.0,3750.0,26668.0,0.0
69.96,0.0,65535.0,48366.0,2410.0,39259.0,5163.0,26662.0,0.0
70.0,0.0,65535.0,48579.0,3063.0,39169.0,6844.0,26642.0,0.0
70.04,0.0,65535.0,49020.0,3722.0,39032.0,8900.0,26655.0,0.0
70.08,0.0,65535.0,38862.0,4379.0,38884.0,11051.0,26615.0,0.0
70.12,0.0,65535.0,29508.0,5037.0,38944.0,13350.0,26548.0,0.0
70.16,0.0,65535.0,27562.0,5700.0,39199.0,16034.0,26551.0,0.0
70.2,0.0,65535.0,25732.0,6364.0,39371.0,18997.0,26587.0,0.0
70.24,0.0,65535.0,24699.0,7035.0,39533.0,22345.0,26719.0,0.0
70.28,0.0,65535.0,23781.0,7708.0,39427.0,25521.0,26753.0,0.0
70.32,0.0,65535.0,24798.0,8376.0,39051.0,28281.0,26646.0,0.0
70.36,0.0,65535.0,24563.0,9045.0,38743.0,30915.0,26502.0,0.0
70.4,0.0,65535.0,25351.0,9711.0,38703.0,33712.0,26415.0,0.0
70.44,0.0,65535.0,25684.0,10356.0,38860.0,36484.0,26346.0,0.0
70.48,0.0,65535.0,27607.0,11022.0,39035.0,39160.0,26255.0,0.0
70.52,0.0,65535.0,28507.0,11679.0,39059.0,41550.0,26120.0,0.0
70.56,0.0,65535.0,30542.0,12342.0,38815.0,43930.0,26041.0,0.0
70.6,0.0,65535.0,33824.0,13016.0,38008.0,46791.0,26159.0,0.0
70.64,0.0,65535.0,38466.0,13682.0,37521.0,49246.0,26173.0,0.0
70.68,0.0,65535.0,40722.0,14354.0,37642.0,51501.0,26185.0,0.0
70.72,0.0,65535.0,40936.0,15011.0,37805.0,53450.0,26182.0,0.0
70.76,0.0,65535.0,44098.0,15672.0,37966.0,55131.0,26138.0,0.0
70.8,0.0,65535.0,45557.0,16337.0,37982.0,56476.0,26051.0,0.0
70.84,0.0,65535.0,46110.0,16985.0,37950.0,57376.0,25871.0,0.0
70.88,0.0,65535.0,47001.0,17668.0,37964.0,58469.0,25824.0,0.0
70.92,0.0,65535.0,51289.0,18320.0,37953.0,59232.0,25719.0,0.0
70.96,0.0,65535.0,53537.0,18974.0,37935.0,59950.0,25637.0,0.0
71.0,0.0,65535.0,53520.0,19639.0,37954.0,60812.0,25657.0,0.0
71.04,0.0,65535.0,57689.0,20281.0,38009.0,61469.0,25641.0,0.0
71.08,0.0,65535.0,58124.0,20943.0,38060.0,62205.0,25696.0,0.0
71.12,0.0,65535.0,58558.0,21589.0,38204.0,62619.0,25679.0,0.0
71.16,0.0,65535.0,59218.0,22252.0,38296.0,63730.0,25898.0,0.0
71.2,0.0,65535.0,58747.0,22910.0,38343.0,63939.0,25844.0,0.0
71.24,0.0,65535.0,58503.0,23535.0,37903.0,62479.0,25250.0,0.0
71.28,0.0,65535.0,59163.0,24197.0,38038.0,62326.0,25137.0,0.0
71.32,0.0,65535.0,59709.0,24837.0,38301.0,62691.0,25218.0,0.0
71.36,0.0,65535.0,59239.0,25486.0,38376.0,62771.0,25172.0,0.0
71.4,0.0,65535.0,60349.0,26410.0,38499.0,63050.0,25219.0,0.0
71.44,0.0,65535.0,60330.0,27033.0,38387.0,63332.0,25233.0,0.0
71.48,0.0,65535.0,59860.0,27707.0,38563.0,63893.0,25361.0,0.0
71.52,0.0,65535.0,60180.0,28360.0,38751.0,65006.0,25688.0,0.0
71.56,0.0,65535.0,61063.0,29019.0,38864.0,65535.0,25807.0,0.0
71.6,0.0,65535.0,60931.0,29685.0,38624.0,64739.0,25490.0,0.0
71.64,0.0,65535.0,60800.0,30321.0,38267.0,63088.0,24883.0,0.0
71.68,0.0,65535.0,61794.0,30992.0,38402.0,62722.0,24751.0,0.0
71.72,0.0,65535.0,62112.0,31636.0,38311.0,61619.0,24362.0,0.0
71.76,0.0,65535.0,61193.0,32294.0,38483.0,61952.0,24442.0,0.0
71.8,0.0,65535.0,60950.0,32960.0,38594.0,63365.0,24865.0,0.0
71.84,0.0,65535.0,62505.0,33597.0,38634.0,63191.0,24732.0,0.0
71.88,0.0,65535.0,62373.0,34286.0,38793.0,63538.0,24801.0,0.0
71.92,0.0,65535.0,61567.0,34930.0,38902.0,63625.0,24777.0,0.0
71.96,0.0,65535.0,61548.0,35591.0,38789.0,63305.0,24631.0,0.0
72.0,0.0,65535.0,62765.0,36259.0,38851.0,62828.0,24436.0,0.0
72.04,0.0,65535.0,61623.0,36897.0,39008.0,63005.0,24459.0,0.0
72.08,0.0,65535.0,60370.0,37570.0,39055.0,63410.0,24566.0,0.0
72.12,0.0,65535.0,61921.0,38211.0,39172.0,63854.0,24668.0,0.0
72.16,0.0,65535.0,61678.0,38875.0,39160.0,63485.0,24493.0,0.0
72.2,0.0,65535.0,60538.0,39535.0,39164.0,63626.0,24515.0,0.0
72.24,0.0,65535.0,60407.0,40173.0,39119.0,63367.0,24394.0,0.0
72.28,0.0,65535.0,61509.0,40849.0,39198.0,63130.0,24302.0,0.0
72.32,0.0,65535.0,60482.0,41487.0,39245.0,63161.0,24289.0,0.0
72.36,0.0,65535.0,59344.0,42150.0,39407.0,63225.0,24320.0,0.0
72.4,0.0,65535.0,60669.0,42811.0,39525.0,62984.0,24241.0,0.0
72.44,0.0,65535.0,60315.0,43430.0,39654.0,62654.0,24164.0,0.0
72.48,0.0,65535.0,59289.0,44112.0,39525.0,61953.0,23998.0,0.0
72.52,0.0,65535.0,58265.0,44744.0,39639.0,62000.0,24105.0,0.0
72.56,0.0,65535.0,56011.0,45408.0,39708.0,61700.0,24129.0,0.0
72.6,0.0,65535.0,53200.0,46066.0,39736.0,61338.0,24157.0,0.0
72.64,0.0,65535.0,51060.0,46695.0,39789.0,60895.0,24215.0,0.0
72.68,0.0,65535.0,49258.0,47360.0,40104.0,60550.0,24346.0,0.0
72.72,0.0,65535.0,47009.0,47993.0,40294.0,59089.0,24153.0,0.0
72.76,0.0,65535.0,46883.0,48656.0,40402.0,57482.0,23983.0,0.0
72.8,0.0,65535.0,46534.0,49318.0,40259.0,55668.0,23808.0,0.0
72.84,0.0,65535.0,45070.0,49973.0,39799.0,53039.0,23426.0,0.0
72.88,0.0,65535.0,43606.0,50671.0,39645.0,50830.0,23245.0,0.0
72.92,0.0,65535.0,40694.0,51313.0,39863.0,49370.0,23370.0,0.0
72.96,0.0,65535.0,37115.0,51978.0,40058.0,47885.0,23540.0,0.0
73.0,0.0,65535.0,34430.0,52627.0,40474.0,46459.0,23762.0,0.0
73.04,0.0,65535.0,31300.0,53266.0,40853.0,44245.0,23789.0,0.0
73.08,0.0,65535.0,28284.0,53666.0,40776.0,41069.0,23527.0,0.0
73.12,0.0,65535.0,25604.0,54330.0,40573.0,37825.0,23331.0,0.0
73.16,0.0,65535.0,25151.0,54984.0,40502.0,35050.0,23338.0,0.0
73.2,0.0,65535.0,24031.0,55666.0,41561.0,31486.0,23099.0,0.0
73.24,0.0,65535.0,23912.0,56319.0,41828.0,28284.0,22980.0,0.0
73.28,0.0,65535.0,23349.0,56987.0,42105.0,25715.0,23042.0,0.0
73.32,0.0,65535.0,24231.0,57658.0,42220.0,22578.0,22938.0,0.0
73.36,0.0,65535.0,25890.0,58301.0,42364.0,19821.0,22942.0,0.0
73.4,0.0,65535.0,26660.0,58975.0,42381.0,17057.0,22894.0,0.0
73.44,0.0,65535.0,28984.0,59607.0,42426.0,14437.0,22863.0,0.0
73.48,0.0,65535.0,32972.0,60263.0,42558.0,12276.0,22929.0,0.0
73.52,0.0,65535.0,41063.0,60924.0,42959.0,10567.0,23074.0,0.0
73.56,0.0,65535.0,45711.0,61556.0,43126.0,8834.0,23110.0,0.0
73.6,0.0,65535.0,46251.0,62221.0,43462.0,6816.0,22962.0,0.0
73.64,0.0,65535.0,49231.0,62864.0,43665.0,5143.0,22841.0,0.0
73.68,0.0,65535.0,50546.0,63516.0,43759.0,3898.0,22761.0,0.0
73.72,0.0,65535.0,51971.0,64177.0,43703.0,2786.0,22627.0,0.0
73.76,0.0,65535.0,55944.0,64808.0,43674.0,2254.0,22547.0,0.0
73.8,0.0,65535.0,57034.0,65473.0,43702.0,1919.0,22421.0,0.0
73.84,0.0,65535.0,55577.0,553.0,43911.0,2178.0,22368.0,0.0
73.88,0.0,65535.0,55007.0,1223.0,44017.0,3173.0,22451.0,0.0
73.92,0.0,65535.0,50786.0,1888.0,44136.0,4711.0,22593.0,0.0
73.96,0.0,65535.0,49775.0,2522.0,44035.0,6004.0,22532.0,0.0
74.0,0.0,65535.0,48544.0,3191.0,43836.0,7289.0,22389.0,0.0
74.04,0.0,65535.0,48861.0,3842.0,43573.0,9038.0,22305.0,0.0
74.08,0.0,65535.0,39010.0,4498.0,43363.0,11161.0,22263.0,0.0
74.12,0.0,65535.0,29608.0,5168.0,43285.0,13554.0,22229.0,0.0
74.16,0.0,65535.0,27059.0,5810.0,43394.0,16342.0,22256.0,0.0
74.2,0.0,65535.0,25726.0,6485.0,43567.0,19233.0,22279.0,0.0
74.24,0.0,65535.0,25056.0,7141.0,43684.0,22047.0,22218.0,0.0
74.28,0.0,65535.0,24717.0,7799.0,43674.0,25006.0,22199.0,0.0
74.32,0.0,65535.0,24820.0,8473.0,43395.0,28116.0,22213.0,0.0
74.36,0.0,65535.0,24592.0,9118.0,43138.0,31024.0,22150.0,0.0
74.4,0.0,65535.0,25356.0,9798.0,43095.0,34091.0,22158.0,0.0
74.44,0.0,65535.0,27112.0,10447.0,43153.0,37050.0,22126.0,0.0
74.48,0.0,65535.0,27985.0,11110.0,43358.0,39836.0,22085.0,0.0
74.52,0.0,65535.0,29629.0,11795.0,43348.0,42657.0,22086.0,0.0
74.56,0.0,65535.0,32262.0,12453.0,43176.0,45394.0,22119.0,0.0
74.6,0.0,65535.0,35665.0,13138.0,42496.0,48033.0,22170.0,0.0
74.64,0.0,65535.0,38735.0,13792.0,42159.0,49588.0,21879.0,0.0
74.68,0.0,65535.0,41474.0,14442.0,42116.0,51030.0,21649.0,0.0
74.72,0.0,65535.0,41462.0,15105.0,41968.0,52501.0,21494.0,0.0
74.76,0.0,65535.0,46287.0,15739.0,41947.0,53951.0,21382.0,0.0
74.8,0.0,65535.0,46492.0,16405.0,41874.0,55428.0,21334.0,0.0
74.84,0.0,65535.0,47028.0,17051.0,41852.0,56683.0,21264.0,0.0
74.88,0.0,65535.0,51408.0,17719.0,41743.0,58070.0,21309.0,0.0
74.92,0.0,65535.0,50733.0,18393.0,42038.0,59735.0,21474.0,0.0
74.96,0.0,65535.0,51267.0,19038.0,42238.0,60835.0,21519.0,0.0
75.0,0.0,65535.0,52459.0,19710.0,42185.0,61427.0,21446.0,0.0
75.04,0.0,65535.0,57709.0,20357.0,42037.0,61764.0,21324.0,0.0
75.08,0.0,65535.0,58459.0,20999.0,41849.0,61856.0,21177.0,0.0
75.12,0.0,65535.0,58551.0,21662.0,41984.0,62272.0,21144.0,0.0
75.16,0.0,65535.0,58972.0,22296.0,41971.0,62581.0,21118.0,0.0
75.2,0.0,65535.0,58845.0,22952.0,42131.0,62991.0,21130.0,0.0
75.24,0.0,65535.0,58499.0,23608.0,42407.0,63449.0,21185.0,0.0
75.28,0.0,65535.0,59138.0,24256.0,42475.0,63486.0,21117.0,0.0
75.32,0.0,65535.0,59230.0,24919.0,42452.0,63501.0,21048.0,0.0
75.36,0.0,65535.0,59212.0,25564.0,42398.0,63175.0,20886.0,0.0
75.4,0.0,65535.0,60289.0,26494.0,42498.0,63465.0,20917.0,0.0
75.44,0.0,65535.0,60271.0,27136.0,42355.0,63592.0,20905.0,0.0
75.48,0.0,65535.0,59924.0,27779.0,42338.0,63566.0,20844.0,0.0
75.52,0.0,65535.0,60672.0,28440.0,42495.0,63310.0,20707.0,0.0
75.56,0.0,65535.0,60981.0,29085.0,42365.0,63120.0,20608.0,0.0
75.6,0.0,65535.0,60854.0,29749.0,42410.0,63115.0,20565.0,0.0
75.64,0.0,65535.0,60836.0,30410.0,42461.0,63627.0,20697.0,0.0
75.68,0.0,65535.0,61691.0,31061.0,42614.0,63824.0,20713.0,0.0
75.72,0.0,65535.0,62109.0,31731.0,42599.0,63899.0,20682.0,0.0
75.76,0.0,65535.0,61217.0,32377.0,42886.0,64277.0,20768.0,0.0
75.8,0.0,65535.0,61635.0,33040.0,42900.0,64131.0,20666.0,0.0
75.84,0.0,65535.0,62490.0,33699.0,42897.0,64121.0,20625.0,0.0
75.88,0.0,65535.0,62253.0,34362.0,42892.0,64470.0,20677.0,0.0
75.92,0.0,65535.0,61471.0,35030.0,42974.0,64616.0,20670.0,0.0
75.96,0.0,65535.0,62107.0,35673.0,42947.0,64362.0,20544.0,0.0
76.0,0.0,65535.0,62633.0,36333.0,42975.0,64215.0,20465.0,0.0
76.04,0.0,65535.0,61525.0,36991.0,43041.0,63818.0,20306.0,0.0
76.08,0.0,65535.0,60309.0,37639.0,43108.0,63864.0,20271.0,0.0
76.12,0.0,65535.0,61924.0,38311.0,43276.0,63674.0,20179.0,0.0
76.16,0.0,65535.0,61688.0,38954.0,43402.0,63748.0,20160.0,0.0
76.2,0.0,65535.0,60582.0,39616.0,43522.0,63944.0,20191.0,0.0
76.24,0.0,65535.0,60781.0,40270.0,43561.0,63870.0,20140.0,0.0
76.28,0.0,65535.0,61524.0,40913.0,43504.0,64022.0,20160.0,0.0
76.32,0.0,65535.0,60527.0,41576.0,43620.0,64341.0,20255.0,0.0
76.36,0.0,65535.0,59423.0,42218.0,43613.0,64072.0,20161.0,0.0
76.4,0.0,65535.0,60383.0,42874.0,43668.0,63989.0,20155.0,0.0
76.44,0.0,65535.0,60148.0,43508.0,43939.0,63698.0,20080.0,0.0
76.48,0.0,65535.0,59370.0,44155.0,43950.0,62829.0,19845.0,0.0
76.52,0.0,65535.0,56857.0,44824.0,43883.0,62311.0,19778.0,0.0
76.56,0.0,65535.0,54453.0,45462.0,43868.0,62113.0,19835.0,0.0
76.6,0.0,65535.0,53244.0,46125.0,43863.0,61774.0,19897.0,0.0
76.64,0.0,65535.0,51060.0,46780.0,43998.0,61235.0,19903.0,0.0
76.68,0.0,65535.0,48227.0,47433.0,44089.0,60180.0,19804.0,0.0
76.72,0.0,65535.0,47996.0,48101.0,44208.0,58729.0,19628.0,0.0
76.76,0.0,65535.0,47007.0,48738.0,44073.0,57548.0,19597.0,0.0
76.8,0.0,65535.0,46669.0,49402.0,43698.0,55511.0,19357.0,0.0
76.84,0.0,65535.0,44381.0,50035.0,43633.0,53929.0,19313.0,0.0
76.88,0.0,65535.0,44044.0,50708.0,43598.0,51605.0,19076.0,0.0
76.92,0.0,65535.0,40569.0,51368.0,43939.0,49858.0,19094.0,0.0
76.96,0.0,65535.0,36880.0,52011.0,44068.0,47800.0,19062.0,0.0
77.0,0.0,65535.0,32760.0,52689.0,44441.0,45741.0,19091.0,0.0
77.04,0.0,65535.0,30372.0,53330.0,44730.0,43197.0,19001.0,0.0
77.08,0.0,65535.0,27770.0,53920.0,44701.0,40185.0,18821.0,0.0
77.12,0.0,65535.0,26466.0,54585.0,44769.0,37395.0,18773.0,0.0
77.16,0.0,65535.0,25162.0,55220.0,44780.0,34969.0,18875.0,0.0
77.2,0.0,65535.0,24399.0,55876.0,45951.0,32764.0,19089.0,0.0
77.24,0.0,65535.0,23960.0,56512.0,46393.0,30202.0,19146.0,0.0
77.28,0.0,65535.0,24169.0,57167.0,46527.0,27110.0,19043.0,0.0
77.32,0.0,65535.0,23622.0,57825.0,46585.0,23636.0,18812.0,0.0
77.36,0.0,65535.0,25880.0,58471.0,46787.0,20093.0,18566.0,0.0
77.4,0.0,65535.0,26734.0,59130.0,47012.0,17650.0,18647.0,0.0
77.44,0.0,65535.0,29097.0,59758.0,47040.0,15174.0,18654.0,0.0
77.48,0.0,65535.0,33075.0,60421.0,46963.0,12491.0,18538.0,0.0
77.52,0.0,65535.0,42435.0,61081.0,47160.0,10432.0,18548.0,0.0
77.56,0.0,65535.0,48776.0,61728.0,47374.0,8819.0,18640.0,0.0
77.6,0.0,65535.0,48546.0,62391.0,47532.0,7170.0,18630.0,0.0
77.64,0.0,65535.0,50468.0,63034.0,47835.0,5841.0,18620.0,0.0
77.68,0.0,65535.0,0.0,63697.0,47919.0,4534.0,18532.0,0.0
77.72,0.0,65535.0,0.0,64356.0,47979.0,3681.0,18455.0,0.0
77.76,0.0,65535.0,0.0,65005.0,47836.0,2748.0,18246.0,0.0
77.8,0.0,65535.0,58040.0,104.0,48115.0,3322.0,18440.0,0.0
77.84,0.0,65535.0,56949.0,751.0,48428.0,3835.0,18479.0,0.0
77.88,0.0,65535.0,53172.0,1432.0,48583.0,4392.0,18420.0,0.0
77.92,0.0,65535.0,51116.0,2090.0,48584.0,5213.0,18325.0,0.0
77.96,0.0,65535.0,49705.0,2741.0,48547.0,6295.0,18223.0,0.0
78.0,0.0,65535.0,46364.0,3404.0,48337.0,7602.0,18077.0,0.0
78.04,0.0,65535.0,45599.0,4050.0,48167.0,9256.0,17976.0,0.0
78.08,0.0,65535.0,39150.0,4714.0,48106.0,11365.0,17929.0,0.0
78.12,0.0,65535.0,29810.0,5372.0,48087.0,13833.0,17909.0,0.0
78.16,0.0,65535.0,27657.0,6019.0,48202.0,16260.0,17819.0,0.0
78.2,0.0,65535.0,25720.0,6681.0,48293.0,19030.0,17786.0,0.0
78.24,0.0,65535.0,25069.0,7325.0,48469.0,21922.0,17768.0,0.0
78.28,0.0,65535.0,24741.0,7988.0,48432.0,25001.0,17778.0,0.0
78.32,0.0,65535.0,24841.0,8649.0,48261.0,28375.0,17878.0,0.0
78.36,0.0,65535.0,24619.0,9301.0,47979.0,31537.0,17902.0,0.0
78.4,0.0,65535.0,25361.0,9958.0,47925.0,34120.0,17729.0,0.0
78.44,0.0,65535.0,25140.0,10578.0,47838.0,36334.0,17470.0,0.0
78.48,0.0,65535.0,26523.0,11235.0,47980.0,38885.0,17347.0,0.0
78.52,0.0,65535.0,28012.0,11884.0,48060.0,41513.0,17300.0,0.0
78.56,0.0,65535.0,30569.0,12526.0,47911.0,44242.0,17333.0,0.0
78.6,0.0,65535.0,33872.0,13182.0,47504.0,47016.0,17420.0,0.0
78.64,0.0,65535.0,38455.0,13829.0,46662.0,49269.0,17388.0,0.0
78.68,0.0,65535.0,40900.0,14502.0,47133.0,51620.0,17410.0,0.0
78.72,0.0,65535.0,44198.0,15166.0,47136.0,53435.0,17347.0,0.0
78.76,0.0,65535.0,44825.0,15825.0,47139.0,54995.0,17266.0,0.0
78.8,0.0,65535.0,45879.0,16493.0,47233.0,56523.0,17236.0,0.0
78.84,0.0,65535.0,46399.0,17141.0,47272.0,57656.0,17138.0,0.0
78.88,0.0,65535.0,50224.0,17828.0,47154.0,58772.0,17090.0,0.0
78.92,0.0,65535.0,51595.0,18472.0,47254.0,59425.0,16938.0,0.0
78.96,0.0,65535.0,53818.0,19120.0,47372.0,60012.0,16805.0,0.0
79.0,0.0,65535.0,57958.0,19776.0,47380.0,60542.0,16727.0,0.0
79.04,0.0,65535.0,58580.0,20414.0,47445.0,60985.0,16643.0,0.0
79.08,0.0,65535.0,58456.0,21088.0,47505.0,61579.0,16649.0,0.0
79.12,0.0,65535.0,58546.0,21741.0,47795.0,62464.0,16779.0,0.0
79.16,0.0,65535.0,58954.0,22394.0,47711.0,62746.0,16714.0,0.0
79.2,0.0,65535.0,58831.0,23058.0,47753.0,63215.0,16761.0,0.0
79.24,0.0,65535.0,58494.0,23696.0,47766.0,63398.0,16723.0,0.0
79.28,0.0,65535.0,59541.0,24375.0,48003.0,63800.0,16766.0,0.0
79.32,0.0,65535.0,59311.0,25028.0,47950.0,63945.0,16745.0,0.0
79.36,0.0,65535.0,59187.0,25589.0,47954.0,63778.0,16615.0,0.0
79.4,0.0,65535.0,59489.0,26254.0,47804.0,63480.0,16473.0,0.0
79.44,0.0,65535.0,60321.0,26874.0,47947.0,63496.0,16429.0,0.0
79.48,0.0,65535.0,59879.0,27543.0,47993.0,63473.0,16373.0,0.0
79.52,0.0,65535.0,60073.0,28195.0,47969.0,63535.0,16348.0,0.0
79.56,0.0,65535.0,60693.0,28843.0,48162.0,63616.0,16320.0,0.0
79.6,0.0,65535.0,60887.0,29510.0,48050.0,63633.0,16302.0,0.0
79.64,0.0,65535.0,60763.0,30147.0,48176.0,63876.0,16327.0,0.0
79.68,0.0,65535.0,60852.0,30816.0,48212.0,63953.0,16309.0,0.0
79.72,0.0,65535.0,61682.0,31467.0,48277.0,63862.0,16234.0,0.0
79.76,0.0,65535.0,61134.0,32113.0,48192.0,64044.0,16238.0,0.0
79.8,0.0,65535.0,60799.0,32779.0,48243.0,64339.0,16286.0,0.0
79.84,0.0,65535.0,61628.0,33416.0,48176.0,64562.0,16305.0,0.0
79.88,0.0,65535.0,62245.0,34102.0,48283.0,64047.0,16094.0,0.0
79.92,0.0,65535.0,61486.0,34756.0,48153.0,63510.0,15878.0,0.0
79.96,0.0,65535.0,61469.0,35405.0,48115.0,62995.0,15677.0,0.0
80.0,0.0,65535.0,62191.0,36074.0,48232.0,62995.0,15647.0,0.0
80.04,0.0,65535.0,61539.0,36710.0,48376.0,63309.0,15707.0,0.0
80.08,0.0,65535.0,60358.0,37381.0,48393.0,63450.0,15709.0,0.0
80.12,0.0,65535.0,61186.0,38033.0,48534.0,63495.0,15673.0,0.0
80.16,0.0,65535.0,61697.0,38680.0,48581.0,63416.0,15613.0,0.0
80.2,0.0,65535.0,60623.0,39352.0,48652.0,63301.0,15544.0,0.0
80.24,0.0,65535.0,60394.0,39993.0,48489.0,62925.0,15397.0,0.0
80.28,0.0,65535.0,60904.0,40670.0,48362.0,62711.0,15313.0,0.0
80.32,0.0,65535.0,60570.0,41336.0,48467.0,62441.0,15205.0,0.0
80.36,0.0,65535.0,59603.0,41987.0,48446.0,62306.0,15168.0,0.0
80.4,0.0,65535.0,60008.0,42667.0,48600.0,62250.0,15158.0,0.0
80.44,0.0,65535.0,60307.0,43294.0,48889.0,62474.0,15257.0,0.0
80.48,0.0,65535.0,59446.0,43958.0,48951.0,62427.0,15304.0,0.0
80.52,0.0,65535.0,58480.0,44619.0,49061.0,62024.0,15250.0,0.0
80.56,0.0,65535.0,58885.0,45266.0,49085.0,61524.0,15219.0,0.0
80.6,0.0,65535.0,55393.0,45946.0,48934.0,60759.0,15121.0,0.0
80.64,0.0,65535.0,54745.0,46599.0,48892.0,59854.0,15025.0,0.0
80.68,0.0,65535.0,52835.0,47272.0,48934.0,58808.0,14930.0,0.0
80.72,0.0,65535.0,50505.0,47931.0,49029.0,58077.0,14988.0,0.0
80.76,0.0,65535.0,47545.0,48573.0,48940.0,57426.0,15128.0,0.0
80.8,0.0,65535.0,45743.0,49236.0,48807.0,56370.0,15175.0,0.0
80.84,0.0,65535.0,45625.0,49875.0,48499.0,54726.0,15113.0,0.0
80.88,0.0,65535.0,42985.0,50549.0,48429.0,52904.0,15043.0,0.0
80.92,0.0,65535.0,40976.0,51201.0,48493.0,50825.0,14951.0,0.0
80.96,0.0,65535.0,36973.0,51850.0,48489.0,48477.0,14835.0,0.0
81.0,0.0,65535.0,32657.0,52513.0,48828.0,46117.0,14761.0,0.0
81.04,0.0,65535.0,30338.0,53167.0,49245.0,43261.0,14580.0,0.0
81.08,0.0,65535.0,27706.0,54282.0,49225.0,40684.0,14542.0,0.0
81.12,0.0,65535.0,25599.0,54925.0,49189.0,37967.0,14509.0,0.0
81.16,0.0,65535.0,25172.0,55573.0,49057.0,35481.0,14594.0,0.0
81.2,0.0,65535.0,24431.0,56221.0,49984.0,32541.0,14535.0,0.0
81.24,0.0,65535.0,24110.0,56869.0,50296.0,29713.0,14531.0,0.0
81.28,0.0,65535.0,23684.0,57512.0,50610.0,26882.0,14506.0,0.0
81.32,0.0,65535.0,23677.0,58154.0,50779.0,23973.0,14468.0,0.0
81.36,0.0,65535.0,24717.0,58806.0,51006.0,21134.0,14439.0,0.0
81.4,0.0,65535.0,27223.0,59456.0,50917.0,18100.0,14311.0,0.0
81.44,0.0,65535.0,29309.0,60096.0,50900.0,15074.0,14159.0,0.0
81.48,0.0,65535.0,35998.0,60756.0,50969.0,12374.0,14046.0,0.0
81.52,0.0,65535.0,45612.0,61413.0,51051.0,9939.0,13961.0,0.0
81.56,0.0,65535.0,46958.0,62076.0,51430.0,8087.0,13979.0,0.0
81.6,0.0,65535.0,47677.0,62736.0,51740.0,6365.0,13945.0,0.0
81.64,0.0,65535.0,50381.0,63399.0,51976.0,4877.0,13886.0,0.0
81.68,0.0,65535.0,51934.0,64063.0,51925.0,3547.0,13774.0,0.0
81.72,0.0,65535.0,53799.0,64723.0,51997.0,2837.0,13781.0,0.0
81.76,0.0,65535.0,56081.0,65388.0,51969.0,2300.0,13704.0,0.0
81.8,0.0,65535.0,54812.0,481.0,52075.0,2294.0,13695.0,0.0
81.84,0.0,65535.0,52918.0,1143.0,52369.0,2863.0,13750.0,0.0
81.88,0.0,65535.0,47686.0,1821.0,52379.0,3560.0,13731.0,0.0
81.92,0.0,65535.0,47255.0,2476.0,52276.0,4406.0,13654.0,0.0
81.96,0.0,65535.0,45260.0,3135.0,52044.0,5341.0,13481.0,0.0
82.0,0.0,65535.0,44517.0,3784.0,51852.0,6534.0,13323.0,0.0
82.04,0.0,65535.0,40961.0,4440.0,51767.0,8666.0,13375.0,0.0
82.08,0.0,65535.0,38761.0,5094.0,51601.0,11225.0,13474.0,0.0
82.12,0.0,65535.0,29896.0,5745.0,51550.0,13916.0,13531.0,0.0
82.16,0.0,65535.0,27596.0,6397.0,51561.0,16504.0,13481.0,0.0
82.2,0.0,65535.0,25818.0,7036.0,51562.0,18784.0,13298.0,0.0
82.24,0.0,65535.0,24666.0,7683.0,51652.0,21530.0,13225.0,0.0
82.28,0.0,65535.0,23931.0,8317.0,51461.0,24191.0,13108.0,0.0
82.32,0.0,65535.0,23300.0,8952.0,51051.0,26903.0,12994.0,0.0
82.36,0.0,65535.0,23605.0,9596.0,50703.0,29778.0,12931.0,0.0
82.4,0.0,65535.0,24430.0,10234.0,50742.0,32982.0,12989.0,0.0
82.44,0.0,65535.0,25151.0,10875.0,51129.0,36524.0,13147.0,0.0
82.48,0.0,65535.0,27533.0,11528.0,51495.0,39970.0,13309.0,0.0
82.52,0.0,65535.0,29499.0,12180.0,51580.0,43008.0,13377.0,0.0
82.56,0.0,65535.0,31775.0,12829.0,51309.0,45283.0,13248.0,0.0
82.6,0.0,65535.0,33842.0,13474.0,50303.0,47469.0,13158.0,0.0
82.64,0.0,65535.0,38918.0,14126.0,50225.0,49659.0,13092.0,0.0
82.68,0.0,65535.0,43161.0,14775.0,50251.0,51684.0,13053.0,0.0
82.72,0.0,65535.0,44704.0,15430.0,50146.0,53496.0,12997.0,0.0
82.76,0.0,65535.0,45002.0,16082.0,50201.0,55176.0,12962.0,0.0
82.8,0.0,65535.0,49447.0,16731.0,50083.0,56315.0,12803.0,0.0
82.84,0.0,65535.0,51506.0,17380.0,50036.0,57096.0,12581.0,0.0
82.88,0.0,65535.0,52838.0,18046.0,49947.0,57655.0,12368.0,0.0
82.92,0.0,65535.0,56966.0,18702.0,49949.0,58378.0,12235.0,0.0
82.96,0.0,65535.0,57364.0,19355.0,50059.0,59208.0,12192.0,0.0
83.0,0.0,65535.0,58693.0,20012.0,50185.0,60022.0,12180.0,0.0
83.04,0.0,65535.0,58677.0,20667.0,50219.0,60696.0,12163.0,0.0
83.08,0.0,65535.0,58557.0,21320.0,50347.0,61314.0,12182.0,0.0
83.12,0.0,65535.0,59161.0,21982.0,50393.0,61787.0,12162.0,0.0
83.16,0.0,65535.0,59040.0,22635.0,50575.0,62266.0,12188.0,0.0
83.2,0.0,65535.0,58920.0,23295.0,50595.0,62499.0,12151.0,0.0
83.24,0.0,65535.0,59110.0,23947.0,50669.0,62594.0,12085.0,0.0
83.28,0.0,65535.0,59610.0,24599.0,50703.0,62452.0,11960.0,0.0
83.32,0.0,65535.0,59387.0,25262.0,50641.0,62336.0,11853.0,0.0
83.36,0.0,65535.0,59267.0,25635.0,50804.0,62408.0,11821.0,0.0
83.4,0.0,65535.0,59559.0,26279.0,50958.0,62361.0,11744.0,0.0
83.44,0.0,65535.0,60265.0,26923.0,50942.0,62198.0,11642.0,0.0
83.48,0.0,65535.0,59938.0,27566.0,50936.0,61980.0,11526.0,0.0
83.52,0.0,65535.0,60128.0,28221.0,50909.0,62011.0,11489.0,0.0
83.56,0.0,65535.0,60626.0,28872.0,50989.0,62161.0,11497.0,0.0
83.6,0.0,65535.0,60918.0,29518.0,50991.0,62231.0,11464.0,0.0
83.64,0.0,65535.0,60798.0,30181.0,51137.0,62433.0,11489.0,0.0
83.68,0.0,65535.0,60884.0,30827.0,51125.0,62315.0,11398.0,0.0
83.72,0.0,65535.0,61588.0,31486.0,51160.0,62259.0,11337.0,0.0
83.76,0.0,65535.0,61158.0,32140.0,51180.0,62210.0,11282.0,0.0
83.8,0.0,65535.0,60832.0,32790.0,51108.0,62117.0,11201.0,0.0
83.84,0.0,65535.0,61536.0,33457.0,51135.0,62100.0,11160.0,0.0
83.88,0.0,65535.0,62238.0,34123.0,51252.0,62119.0,11111.0,0.0
83.92,0.0,65535.0,61604.0,34785.0,51352.0,62158.0,11085.0,0.0
83.96,0.0,65535.0,61484.0,35437.0,51388.0,62754.0,11233.0,0.0
84.0,0.0,65535.0,62083.0,36090.0,51451.0,62495.0,11093.0,0.0
84.04,0.0,65535.0,61449.0,36761.0,51448.0,62124.0,10932.0,0.0
84.08,0.0,65535.0,60507.0,37418.0,51232.0,61254.0,10607.0,0.0
84.12,0.0,65535.0,61312.0,38094.0,51042.0,60417.0,10299.0,0.0
84.16,0.0,65535.0,61705.0,38760.0,51103.0,60008.0,10134.0,0.0
84.2,0.0,65535.0,60764.0,39421.0,51360.0,60343.0,10210.0,0.0
84.24,0.0,65535.0,60542.0,40093.0,51541.0,60871.0,10360.0,0.0
84.28,0.0,65535.0,61550.0,40750.0,51589.0,61026.0,10377.0,0.0
84.32,0.0,65535.0,60610.0,41417.0,51603.0,61197.0,10421.0,0.0
84.36,0.0,65535.0,59773.0,42081.0,51748.0,60838.0,10293.0,0.0
84.4,0.0,65535.0,60166.0,42743.0,51678.0,60511.0,10200.0,0.0
84.44,0.0,65535.0,60456.0,43400.0,52041.0,60700.0,10294.0,0.0
84.48,0.0,65535.0,59825.0,44060.0,52184.0,60845.0,10399.0,0.0
84.52,0.0,65535.0,58989.0,44735.0,52217.0,60173.0,10274.0,0.0
84.56,0.0,65535.0,59484.0,45399.0,52293.0,59791.0,10269.0,0.0
84.6,0.0,65535.0,58137.0,46051.0,52349.0,59749.0,10413.0,0.0
84.64,0.0,65535.0,55665.0,46715.0,52442.0,59513.0,10526.0,0.0
84.68,0.0,65535.0,52887.0,47360.0,52471.0,58958.0,10584.0,0.0
84.72,0.0,65535.0,48986.0,48021.0,52753.0,58319.0,10675.0,0.0
84.76,0.0,65535.0,48870.0,48686.0,52902.0,57051.0,10589.0,0.0
84.8,0.0,65535.0,48345.0,49347.0,52813.0,55259.0,10418.0,0.0
84.84,0.0,65535.0,45777.0,50028.0,52303.0,52999.0,10155.0,0.0
84.88,0.0,65535.0,43619.0,50696.0,52237.0,51544.0,10213.0,0.0
84.92,0.0,65535.0,39624.0,51367.0,52516.0,49703.0,10206.0,0.0
84.96,0.0,65535.0,35325.0,52025.0,52471.0,47833.0,10223.0,0.0
85.0,0.0,65535.0,32661.0,52672.0,52788.0,45929.0,10300.0,0.0
85.04,0.0,65535.0,30714.0,53327.0,53580.0,44168.0,10459.0,0.0
85.08,0.0,65535.0,28359.0,54634.0,53816.0,41299.0,10317.0,0.0
85.12,0.0,65535.0,26311.0,55269.0,53593.0,38508.0,10255.0,0.0
85.16,0.0,65535.0,25080.0,55906.0,53280.0,35465.0,10161.0,0.0
85.2,0.0,65535.0,24054.0,56563.0,54099.0,31607.0,9837.0,0.0
85.24,0.0,65535.0,23844.0,57199.0,54347.0,28612.0,9777.0,0.0
85.28,0.0,65535.0,24041.0,57858.0,54434.0,25295.0,9615.0,0.0
85.32,0.0,65535.0,24747.0,58506.0,54549.0,22386.0,9589.0,0.0
85.36,0.0,65535.0,26776.0,59155.0,54820.0,19226.0,9452.0,0.0
85.4,0.0,65535.0,28092.0,59819.0,54809.0,16455.0,9414.0,0.0
85.44,0.0,65535.0,31442.0,60449.0,54834.0,13753.0,9349.0,0.0
85.48,0.0,65535.0,41301.0,61118.0,54984.0,11414.0,9358.0,0.0
85.52,0.0,65535.0,48611.0,61774.0,55269.0,9484.0,9428.0,0.0
85.56,0.0,65535.0,49309.0,62432.0,55653.0,8136.0,9613.0,0.0
85.6,0.0,65535.0,50719.0,63105.0,56090.0,6729.0,9675.0,0.0
85.64,0.0,65535.0,51212.0,63758.0,56288.0,5429.0,9683.0,0.0
85.68,0.0,65535.0,55566.0,64437.0,56274.0,4080.0,9580.0,0.0
85.72,0.0,65535.0,56668.0,65098.0,56320.0,3229.0,9521.0,0.0
85.76,0.0,65535.0,56957.0,200.0,56244.0,2660.0,9454.0,0.0
85.8,0.0,65535.0,52272.0,871.0,56481.0,2390.0,9347.0,0.0
85.84,0.0,65535.0,49721.0,1525.0,56627.0,2463.0,9227.0,0.0
85.88,0.0,65535.0,47779.0,2219.0,56726.0,3443.0,9319.0,0.0
85.92,0.0,65535.0,44622.0,2874.0,56742.0,4658.0,9341.0,0.0
85.96,0.0,65535.0,42785.0,3531.0,56462.0,5284.0,9079.0,0.0
86.0,0.0,65535.0,41455.0,4184.0,56226.0,6365.0,8875.0,0.0
86.04,0.0,65535.0,40431.0,4824.0,56036.0,8301.0,8872.0,0.0
86.08,0.0,65535.0,37988.0,5478.0,55852.0,10314.0,8799.0,0.0
86.12,0.0,65535.0,35547.0,6111.0,55719.0,12637.0,8740.0,0.0
86.16,0.0,65535.0,28956.0,6759.0,55905.0,15568.0,8836.0,0.0
86.2,0.0,65535.0,26316.0,7400.0,56094.0,18572.0,8876.0,0.0
86.24,0.0,65535.0,25095.0,8040.0,56033.0,21715.0,8935.0,0.0
86.28,0.0,65535.0,24683.0,8693.0,56056.0,24894.0,8972.0,0.0
86.32,0.0,65535.0,24879.0,9323.0,55830.0,27995.0,8983.0,0.0
86.36,0.0,65535.0,25276.0,9962.0,55603.0,30897.0,8924.0,0.0
86.4,0.0,65535.0,25471.0,10592.0,55634.0,34011.0,8922.0,0.0
86.44,0.0,65535.0,25565.0,11204.0,55679.0,36958.0,8911.0,0.0
86.48,0.0,65535.0,26467.0,11842.0,55693.0,39426.0,8750.0,0.0
86.52,0.0,65535.0,27975.0,12468.0,55733.0,41851.0,8635.0,0.0
86.56,0.0,65535.0,30693.0,13100.0,55541.0,44009.0,8472.0,0.0
86.6,0.0,65535.0,33713.0,13739.0,54793.0,46646.0,8516.0,0.0
86.64,0.0,65535.0,37538.0,14366.0,54027.0,48527.0,8356.0,0.0
86.68,0.0,65535.0,40655.0,15005.0,54366.0,50233.0,8183.0,0.0
86.72,0.0,65535.0,46695.0,15637.0,54485.0,51647.0,8005.0,0.0
86.76,0.0,65535.0,49707.0,16288.0,54756.0,53455.0,8000.0,0.0
86.8,0.0,65535.0,50399.0,16938.0,54437.0,54767.0,7892.0,0.0
86.84,0.0,65535.0,52300.0,17589.0,54381.0,56154.0,7877.0,0.0
86.88,0.0,65535.0,54904.0,18269.0,54542.0,57487.0,7898.0,0.0
86.92,0.0,65535.0,55796.0,18924.0,54611.0,58746.0,7939.0,0.0
86.96,0.0,65535.0,55982.0,19596.0,54644.0,59887.0,7995.0,0.0
87.0,0.0,65535.0,58684.0,20256.0,54549.0,60607.0,7961.0,0.0
87.04,0.0,65535.0,58668.0,20925.0,54760.0,61577.0,8053.0,0.0
87.08,0.0,65535.0,58652.0,21593.0,54965.0,62103.0,8022.0,0.0
87.12,0.0,65535.0,59239.0,22256.0,54962.0,62453.0,7973.0,0.0
87.16,0.0,65535.0,58921.0,22929.0,54838.0,62351.0,7799.0,0.0
87.2,0.0,65535.0,58704.0,23589.0,54941.0,62418.0,7709.0,0.0
87.24,0.0,65535.0,59190.0,24270.0,55211.0,63062.0,7825.0,0.0
87.28,0.0,65535.0,59374.0,24942.0,55231.0,63585.0,7901.0,0.0
87.32,0.0,65535.0,59358.0,25609.0,55245.0,63356.0,7763.0,0.0
87.36,0.0,65535.0,59442.0,25836.0,55313.0,63682.0,7805.0,0.0
87.4,0.0,65535.0,60329.0,26499.0,55379.0,63739.0,7782.0,0.0
87.44,0.0,65535.0,60313.0,27145.0,55584.0,63923.0,7778.0,0.0
87.48,0.0,65535.0,59995.0,27807.0,55744.0,63754.0,7671.0,0.0
87.52,0.0,65535.0,60580.0,28462.0,55712.0,63525.0,7553.0,0.0
87.56,0.0,65535.0,60965.0,29123.0,55705.0,63623.0,7536.0,0.0
87.6,0.0,65535.0,60948.0,29781.0,55546.0,63328.0,7401.0,0.0
87.64,0.0,65535.0,60931.0,30438.0,55569.0,63296.0,7336.0,0.0
87.68,0.0,65535.0,61415.0,31096.0,55597.0,63167.0,7256.0,0.0
87.72,0.0,65535.0,61899.0,31747.0,55675.0,63113.0,7198.0,0.0
87.76,0.0,65535.0,61181.0,32406.0,55786.0,63012.0,7119.0,0.0
87.8,0.0,65535.0,61365.0,33061.0,55719.0,63043.0,7095.0,0.0
87.84,0.0,65535.0,62249.0,33716.0,55566.0,63013.0,7026.0,0.0
87.88,0.0,65535.0,62232.0,34389.0,55683.0,62904.0,6951.0,0.0
87.92,0.0,65535.0,61614.0,35037.0,55670.0,63291.0,7030.0,0.0
87.96,0.0,65535.0,61798.0,35695.0,55906.0,63497.0,7030.0,0.0
88.0,0.0,65535.0,62380.0,36347.0,55992.0,63510.0,7002.0,0.0
88.04,0.0,65535.0,61464.0,36997.0,56048.0,63393.0,6925.0,0.0
88.08,0.0,65535.0,60348.0,37642.0,56173.0,63690.0,6983.0,0.0
88.12,0.0,65535.0,61730.0,38280.0,56089.0,63460.0,6855.0,0.0
88.16,0.0,65535.0,61613.0,38925.0,56143.0,63410.0,6812.0,0.0
88.2,0.0,65535.0,60698.0,39567.0,56199.0,63392.0,6772.0,0.0
88.24,0.0,65535.0,60681.0,40215.0,56253.0,63372.0,6730.0,0.0
88.28,0.0,65535.0,61463.0,40861.0,56211.0,63061.0,6615.0,0.0
88.32,0.0,65535.0,60548.0,41504.0,56205.0,62842.0,6523.0,0.0
88.36,0.0,65535.0,59734.0,42151.0,56332.0,62530.0,6430.0,0.0
88.4,0.0,65535.0,60415.0,42792.0,56542.0,62488.0,6427.0,0.0
88.44,0.0,65535.0,60299.0,43424.0,56711.0,62621.0,6494.0,0.0
88.48,0.0,65535.0,59585.0,44069.0,56821.0,62515.0,6516.0,0.0
88.52,0.0,65535.0,58573.0,44703.0,56730.0,62224.0,6488.0,0.0
88.56,0.0,65535.0,57362.0,45355.0,56663.0,61592.0,6404.0,0.0
88.6,0.0,65535.0,55554.0,46002.0,56725.0,61046.0,6378.0,0.0
88.64,0.0,65535.0,54842.0,46665.0,56672.0,59841.0,6178.0,0.0
88.68,0.0,65535.0,52937.0,47326.0,56579.0,58717.0,6059.0,0.0
88.72,0.0,65535.0,50535.0,47981.0,56613.0,57542.0,5969.0,0.0
88.76,0.0,65535.0,48930.0,48645.0,56633.0,56371.0,5954.0,0.0
88.8,0.0,65535.0,47723.0,49291.0,56366.0,55162.0,5964.0,0.0
88.84,0.0,65535.0,47810.0,49941.0,56276.0,53799.0,5985.0,0.0
88.88,0.0,65535.0,43723.0,50612.0,56404.0,52373.0,6030.0,0.0
88.92,0.0,65535.0,41128.0,51254.0,56673.0,50513.0,5994.0,0.0
88.96,0.0,65535.0,36945.0,51913.0,56864.0,48463.0,5969.0,0.0
89.0,0.0,65535.0,33659.0,52560.0,57154.0,46486.0,6009.0,0.0
89.04,0.0,65535.0,30771.0,53225.0,57396.0,44035.0,5954.0,0.0
89.08,0.0,65535.0,28579.0,53483.0,57416.0,41213.0,5828.0,0.0
89.12,0.0,65535.0,26488.0,54146.0,57373.0,38393.0,5761.0,0.0
89.16,0.0,65535.0,25093.0,54823.0,57427.0,35669.0,5770.0,0.0
89.2,0.0,65535.0,24392.0,55473.0,58530.0,32963.0,5798.0,0.0
89.24,0.0,65535.0,23889.0,56127.0,58960.0,30351.0,5864.0,0.0
89.28,0.0,65535.0,23982.0,56777.0,59586.0,28365.0,6121.0,0.0
89.32,0.0,65535.0,23678.0,57412.0,60003.0,26165.0,6308.0,0.0
89.36,0.0,65535.0,24464.0,58073.0,60190.0,23085.0,6184.0,0.0
89.4,0.0,65535.0,25646.0,58716.0,59957.0,19368.0,5828.0,0.0
89.44,0.0,65535.0,28708.0,59354.0,59650.0,15848.0,5522.0,0.0
89.48,0.0,65535.0,33252.0,60011.0,59621.0,13107.0,5410.0,0.0
89.52,0.0,65535.0,39872.0,60655.0,59556.0,10227.0,5179.0,0.0
89.56,0.0,65535.0,43719.0,61318.0,59797.0,8194.0,5144.0,0.0
89.6,0.0,65535.0,45388.0,61962.0,60101.0,6880.0,5242.0,0.0
89.64,0.0,65535.0,46364.0,62611.0,60454.0,6108.0,5426.0,0.0
89.68,0.0,65535.0,51096.0,63265.0,60591.0,5340.0,5498.0,0.0
89.72,0.0,65535.0,52959.0,63904.0,60540.0,4336.0,5396.0,0.0
89.76,0.0,65535.0,54624.0,64562.0,60632.0,3602.0,5270.0,0.0
89.8,0.0,65535.0,56782.0,65205.0,60705.0,3320.0,5179.0,0.0
89.84,0.0,65535.0,55582.0,289.0,60838.0,3217.0,5024.0,0.0
89.88,0.0,65535.0,53593.0,962.0,60823.0,3698.0,4948.0,0.0
89.92,0.0,65535.0,53381.0,1603.0,60818.0,4501.0,4858.0,0.0
89.96,0.0,65535.0,51295.0,2263.0,60680.0,5870.0,4836.0,0.0
90.0,0.0,65535.0,48618.0,2914.0,60518.0,7544.0,4831.0,0.0
90.04,0.0,65535.0,48704.0,3573.0,60223.0,9552.0,4832.0,0.0
90.08,0.0,65535.0,39130.0,4243.0,60212.0,12189.0,4957.0,0.0
90.12,0.0,65535.0,30054.0,4898.0,60194.0,14513.0,4889.0,0.0
90.16,0.0,65535.0,27189.0,5573.0,60287.0,17084.0,4828.0,0.0
90.2,0.0,65535.0,25704.0,6233.0,60381.0,19599.0,4733.0,0.0
90.24,0.0,65535.0,25008.0,6899.0,60513.0,22355.0,4666.0,0.0
90.28,0.0,65535.0,24706.0,7576.0,60489.0,25265.0,4627.0,0.0
90.32,0.0,65535.0,24896.0,8230.0,60078.0,28162.0,4579.0,0.0
90.36,0.0,65535.0,25283.0,8902.0,59789.0,30772.0,4415.0,0.0
90.4,0.0,65535.0,25178.0,9562.0,59604.0,33402.0,4280.0,0.0
90.44,0.0,65535.0,25171.0,10202.0,59617.0,35972.0,4119.0,0.0
90.48,0.0,65535.0,26246.0,10867.0,59800.0,38237.0,3907.0,0.0
90.52,0.0,65535.0,28204.0,11516.0,59839.0,40595.0,3768.0,0.0
90.56,0.0,65535.0,30358.0,12183.0,59720.0,43252.0,3768.0,0.0
90.6,0.0,65535.0,32412.0,12841.0,58997.0,45532.0,3705.0,0.0
90.64,0.0,65535.0,37117.0,13505.0,58434.0,48499.0,3878.0,0.0
90.68,0.0,65535.0,40935.0,14179.0,58617.0,50676.0,3864.0,0.0
90.72,0.0,65535.0,41611.0,14842.0,58838.0,52828.0,3915.0,0.0
90.76,0.0,65535.0,42189.0,15522.0,59054.0,54691.0,3931.0,0.0
90.8,0.0,65535.0,46689.0,16175.0,58911.0,55757.0,3741.0,0.0
90.84,0.0,65535.0,47069.0,16841.0,58772.0,56878.0,3630.0,0.0
90.88,0.0,65535.0,48625.0,17527.0,58689.0,58043.0,3604.0,0.0
90.92,0.0,65535.0,50376.0,18176.0,58741.0,59079.0,3568.0,0.0
90.96,0.0,65535.0,53792.0,18845.0,58800.0,60055.0,3572.0,0.0
91.0,0.0,65535.0,55344.0,19489.0,58815.0,60923.0,3578.0,0.0
91.04,0.0,65535.0,55917.0,20152.0,58942.0,61910.0,3666.0,0.0
91.08,0.0,65535.0,58643.0,20792.0,58790.0,61494.0,3347.0,0.0
91.12,0.0,65535.0,58726.0,21421.0,58709.0,60902.0,2979.0,0.0
91.16,0.0,65535.0,59297.0,22081.0,58839.0,61260.0,2975.0,0.0
91.2,0.0,65535.0,59183.0,22722.0,58988.0,62224.0,3181.0,0.0
91.24,0.0,65535.0,58678.0,23389.0,58952.0,63344.0,3454.0,0.0
91.28,0.0,65535.0,59249.0,24042.0,58903.0,64109.0,3615.0,0.0
91.32,0.0,65535.0,59722.0,24660.0,58362.0,62698.0,3067.0,0.0
91.36,0.0,65535.0,59511.0,25327.0,58729.0,62348.0,2901.0,0.0
91.4,0.0,65535.0,59690.0,25957.0,59066.0,62628.0,2938.0,0.0
91.44,0.0,65535.0,60358.0,26860.0,59469.0,63602.0,3202.0,0.0
91.48,0.0,65535.0,59853.0,27502.0,59422.0,63389.0,3088.0,0.0
91.52,0.0,65535.0,60130.0,28146.0,59484.0,63592.0,3096.0,0.0
91.56,0.0,65535.0,60602.0,28820.0,59540.0,63396.0,2984.0,0.0
91.6,0.0,65535.0,60976.0,29449.0,59523.0,63070.0,2835.0,0.0
91.64,0.0,65535.0,60765.0,30131.0,59507.0,62653.0,2658.0,0.0
91.68,0.0,65535.0,60846.0,30777.0,59692.0,63720.0,2969.0,0.0
91.72,0.0,65535.0,61415.0,31418.0,59554.0,63153.0,2729.0,0.0
91.76,0.0,65535.0,61106.0,32094.0,59574.0,62833.0,2579.0,0.0
91.8,0.0,65535.0,60797.0,32725.0,59635.0,62956.0,2578.0,0.0
91.84,0.0,65535.0,61365.0,33405.0,59749.0,62514.0,2404.0,0.0
91.88,0.0,65535.0,62128.0,34067.0,59996.0,63238.0,2584.0,0.0
91.92,0.0,65535.0,61333.0,34708.0,60010.0,63677.0,2673.0,0.0
91.96,0.0,65535.0,61219.0,35384.0,60096.0,63719.0,2643.0,0.0
92.0,0.0,65535.0,61786.0,36011.0,60188.0,63976.0,2675.0,0.0
92.04,0.0,65535.0,61284.0,36693.0,59938.0,63781.0,2583.0,0.0
92.08,0.0,65535.0,60392.0,37342.0,59856.0,63280.0,2373.0,0.0
92.12,0.0,65535.0,61056.0,37985.0,59765.0,62858.0,2196.0,0.0
92.16,0.0,65535.0,61526.0,38677.0,59510.0,61538.0,1731.0,0.0
92.2,0.0,65535.0,60732.0,39305.0,59914.0,61995.0,1849.0,0.0
92.24,0.0,65535.0,60328.0,39981.0,60176.0,63212.0,2214.0,0.0
92.28,0.0,65535.0,60603.0,40629.0,60508.0,63464.0,2260.0,0.0
92.32,0.0,65535.0,60490.0,41283.0,59759.0,61804.0,1706.0,0.0
92.36,0.0,65535.0,59794.0,41966.0,60107.0,61468.0,1608.0,0.0
92.4,0.0,65535.0,59875.0,42586.0,60765.0,62373.0,1926.0,0.0
92.44,0.0,65535.0,60441.0,43248.0,60901.0,62890.0,2107.0,0.0
92.48,0.0,65535.0,59746.0,43903.0,60513.0,62207.0,1932.0,0.0
92.52,0.0,65535.0,58858.0,44554.0,60524.0,61372.0,1755.0,0.0
92.56,0.0,65535.0,59036.0,45238.0,60552.0,60896.0,1728.0,0.0
92.6,0.0,65535.0,55531.0,45863.0,60643.0,60703.0,1805.0,0.0
92.64,0.0,65535.0,53773.0,46533.0,60778.0,60201.0,1836.0,0.0
92.68,0.0,65535.0,50949.0,47165.0,60963.0,60063.0,2025.0,0.0
92.72,0.0,65535.0,51420.0,47819.0,60872.0,58310.0,1753.0,0.0
92.76,0.0,65535.0,47728.0,48489.0,60793.0,57037.0,1681.0,0.0
92.8,0.0,65535.0,47812.0,49114.0,60803.0,55662.0,1651.0,0.0
92.84,0.0,65535.0,46928.0,49797.0,60852.0,53941.0,1554.0,0.0
92.88,0.0,65535.0,45948.0,50443.0,60788.0,52768.0,1698.0,0.0
92.92,0.0,65535.0,41681.0,51102.0,61096.0,51019.0,1709.0,0.0
92.96,0.0,65535.0,36933.0,51783.0,60787.0,48399.0,1482.0,0.0
93.0,0.0,65535.0,32767.0,52418.0,60984.0,45686.0,1296.0,0.0
93.04,0.0,65535.0,30729.0,53094.0,61600.0,44025.0,1491.0,0.0
93.08,0.0,65535.0,28402.0,53938.0,61757.0,41505.0,1467.0,0.0
93.12,0.0,65535.0,26463.0,54609.0,61940.0,38733.0,1408.0,0.0
93.16,0.0,65535.0,25297.0,55264.0,61202.0,35443.0,1215.0,0.0
93.2,0.0,65535.0,24518.0,55900.0,61871.0,32752.0,1275.0,0.0
93.24,0.0,65535.0,23740.0,56588.0,62344.0,29271.0,1053.0,0.0
93.28,0.0,65535.0,24119.0,57236.0,62522.0,25768.0,836.0,0.0
93.32,0.0,65535.0,24692.0,57919.0,63087.0,22772.0,771.0,0.0
93.36,0.0,65535.0,25842.0,58580.0,63455.0,20355.0,874.0,0.0
93.4,0.0,0.0,27571.0,59222.0,63240.0,17446.0,795.0,0.0
93.44,0.0,0.0,29491.0,59880.0,63217.0,15024.0,836.0,0.0
93.48,0.0,0.0,35842.0,60509.0,63661.0,12963.0,923.0,0.0
93.52,0.0,0.0,42576.0,61188.0,63524.0,9955.0,621.0,0.0
93.56,0.0,0.0,45935.0,61850.0,63853.0,7639.0,491.0,0.0
93.6,0.0,0.0,46404.0,62491.0,64206.0,6319.0,598.0,0.0
93.64,0.0,0.0,48221.0,63171.0,64470.0,5467.0,750.0,0.0
93.68,0.0,0.0,52923.0,63803.0,64723.0,4430.0,750.0,0.0
93.72,0.0,0.0,53678.0,64485.0,64724.0,3437.0,657.0,0.0
93.76,0.0,0.0,55876.0,65144.0,64719.0,3015.0,639.0,0.0
93.8,0.0,0.0,55092.0,221.0,64512.0,1816.0,235.0,0.0
93.84,0.0,0.0,51617.0,899.0,64738.0,2216.0,273.0,0.0
93.88,0.0,0.0,49682.0,1545.0,64826.0,2838.0,285.0,0.0
93.92,0.0,0.0,49092.0,2228.0,64860.0,4420.0,486.0,0.0
93.96,0.0,0.0,46870.0,2885.0,64967.0,6542.0,769.0,0.0
94.0,0.0,0.0,46090.0,3528.0,64726.0,8131.0,764.0,0.0
94.04,0.0,0.0,44062.0,4198.0,64516.0,9309.0,543.0,0.0
94.08,0.0,0.0,41075.0,4823.0,64151.0,11397.0,552.0,0.0
94.12,0.0,0.0,31854.0,5502.0,63935.0,14099.0,666.0,0.0
94.16,0.0,0.0,28968.0,6145.0,64241.0,16492.0,627.0,0.0
94.2,0.0,0.0,25891.0,6785.0,64343.0,18978.0,541.0,0.0
94.24,0.0,0.0,24830.0,7448.0,64236.0,21486.0,424.0,0.0
94.28,0.0,0.0,24248.0,8065.0,63865.0,24211.0,369.0,0.0
94.32,0.0,0.0,24242.0,8749.0,63680.0,27760.0,585.0,0.0
94.36,0.0,0.0,25385.0,9394.0,63495.0,31059.0,703.0,0.0
94.4,0.0,0.0,25474.0,10041.0,63521.0,33979.0,678.0,0.0
94.44,0.0,0.0,25276.0,10699.0,63635.0,36569.0,581.0,0.0
94.48,0.0,0.0,26610.0,11331.0,63802.0,39412.0,592.0,0.0
94.52,0.0,0.0,28038.0,12015.0,64119.0,41797.0,505.0,0.0
94.56,0.0,0.0,30422.0,12658.0,63695.0,43719.0,322.0,0.0
94.6,0.0,0.0,33762.0,13308.0,62947.0,46332.0,399.0,0.0
94.64,0.0,0.0,36048.0,13967.0,62214.0,48554.0,382.0,0.0
94.68,0.0,0.0,42252.0,14601.0,62415.0,50823.0,433.0,0.0
94.72,0.0,0.0,44821.0,15276.0,62457.0,52877.0,499.0,0.0
94.76,0.0,0.0,46434.0,15919.0,62557.0,54426.0,452.0,0.0
94.8,0.0,0.0,46804.0,16575.0,62267.0,55765.0,398.0,0.0
94.84,0.0,0.0,49847.0,17237.0,62300.0,57081.0,410.0,0.0
94.88,0.0,0.0,51648.0,17902.0,62361.0,58635.0,528.0,0.0
94.92,0.0,0.0,51730.0,18580.0,62452.0,59637.0,532.0,0.0
94.96,0.0,0.0,56106.0,19224.0,62470.0,60350.0,485.0,0.0
95.0,0.0,0.0,58094.0,19880.0,62427.0,60960.0,460.0,0.0
95.04,0.0,0.0,58460.0,20543.0,62357.0,61458.0,443.0,0.0
95.08,0.0,0.0,58636.0,21207.0,62369.0,62120.0,495.0,0.0
95.12,0.0,0.0,59192.0,21882.0,62376.0,62334.0,451.0,0.0
95.16,0.0,0.0,59177.0,22536.0,62270.0,62631.0,449.0,0.0
95.2,0.0,0.0,58971.0,23196.0,62433.0,62790.0,433.0,0.0
95.24,0.0,0.0,59241.0,23846.0,62640.0,62928.0,424.0,0.0
95.28,0.0,0.0,59702.0,24501.0,62511.0,62857.0,361.0,0.0
95.32,0.0,0.0,59496.0,25173.0,62192.0,62848.0,328.0,0.0
95.36,0.0,0.0,59385.0,25822.0,62216.0,63267.0,442.0,0.0
95.4,0.0,0.0,59750.0,26357.0,62380.0,63520.0,515.0,0.0
95.44,0.0,0.0,60305.0,26991.0,62547.0,63909.0,631.0,0.0
95.48,0.0,0.0,59909.0,27644.0,62539.0,63867.0,612.0,0.0
95.52,0.0,0.0,60179.0,28315.0,62614.0,63930.0,630.0,0.0
95.56,0.0,0.0,60924.0,28969.0,62543.0,63592.0,502.0,0.0
95.6,0.0,0.0,60908.0,29624.0,62568.0,63761.0,576.0,0.0
95.64,0.0,0.0,60797.0,30275.0,62538.0,63588.0,511.0,0.0
95.68,0.0,0.0,60876.0,30923.0,62498.0,63586.0,516.0,0.0
95.72,0.0,0.0,61715.0,31597.0,62525.0,63472.0,479.0,0.0
95.76,0.0,0.0,61129.0,32248.0,62515.0,63311.0,419.0,0.0
95.8,0.0,0.0,60828.0,32902.0,62503.0,63430.0,473.0,0.0
95.84,0.0,0.0,62046.0,33551.0,62456.0,63387.0,453.0,0.0
95.88,0.0,0.0,62125.0,34217.0,62359.0,63132.0,368.0,0.0
95.92,0.0,0.0,61445.0,34892.0,62330.0,63211.0,389.0,0.0
95.96,0.0,0.0,61334.0,35545.0,62234.0,63028.0,329.0,0.0
96.0,0.0,0.0,62266.0,36204.0,62213.0,62704.0,225.0,0.0
96.04,0.0,0.0,61397.0,36855.0,62138.0,62598.0,190.0,0.0
96.08,0.0,0.0,60434.0,37503.0,62248.0,62861.0,282.0,0.0
96.12,0.0,0.0,61649.0,38177.0,62357.0,62962.0,311.0,0.0
96.16,0.0,0.0,61538.0,38814.0,62381.0,63009.0,333.0,0.0
96.2,0.0,0.0,60765.0,39472.0,62433.0,63019.0,338.0,0.0
96.24,0.0,0.0,60371.0,40129.0,62434.0,62915.0,310.0,0.0
96.28,0.0,0.0,61301.0,40776.0,62328.0,62744.0,285.0,0.0
96.32,0.0,0.0,60529.0,41437.0,62381.0,62803.0,327.0,0.0
96.36,0.0,0.0,59851.0,42077.0,62412.0,62891.0,407.0,0.0
96.4,0.0,0.0,59930.0,42737.0,62603.0,63068.0,515.0,0.0
96.44,0.0,0.0,60293.0,43375.0,62672.0,62777.0,490.0,0.0
96.48,0.0,0.0,59805.0,44023.0,62565.0,62148.0,391.0,0.0
96.52,0.0,0.0,58750.0,44689.0,62477.0,61645.0,350.0,0.0
96.56,0.0,0.0,57413.0,45336.0,62434.0,61141.0,358.0,0.0
96.6,0.0,0.0,55699.0,45999.0,62473.0,60539.0,359.0,0.0
96.64,0.0,0.0,53891.0,46649.0,62496.0,60174.0,475.0,0.0
96.68,0.0,0.0,53028.0,47316.0,62513.0,59164.0,431.0,0.0
96.72,0.0,0.0,48958.0,47968.0,62659.0,58349.0,494.0,0.0
96.76,0.0,0.0,47342.0,48609.0,62510.0,57785.0,709.0,0.0
96.8,0.0,0.0,46859.0,49275.0,62366.0,56277.0,658.0,0.0
96.84,0.0,0.0,45810.0,49906.0,61837.0,54747.0,679.0,0.0
96.88,0.0,0.0,42782.0,50588.0,61801.0,53346.0,789.0,0.0
96.92,0.0,0.0,41264.0,51255.0,61819.0,50757.0,563.0,0.0
96.96,0.0,0.0,35320.0,51907.0,61647.0,47582.0,236.0,0.0
97.0,0.0,0.0,31356.0,52584.0,61952.0,44768.0,49.0,0.0
97.04,0.0,0.0,28900.0,53238.0,62376.0,42451.0,82.0,0.0
97.08,0.0,0.0,27575.0,53770.0,62515.0,40529.0,284.0,0.0
97.12,0.0,0.0,25874.0,54438.0,62689.0,38190.0,400.0,0.0
97.16,0.0,0.0,25397.0,55088.0,62625.0,35417.0,414.0,0.0
97.2,0.0,0.0,24356.0,55761.0,62977.0,32431.0,392.0,0.0
97.24,0.0,0.0,23786.0,56417.0,63510.0,29269.0,320.0,0.0
97.28,0.0,0.0,23686.0,57064.0,63818.0,26370.0,332.0,0.0
97.32,0.0,0.0,23774.0,57728.0,64352.0,23712.0,426.0,0.0
97.36,0.0,0.0,25271.0,58370.0,64459.0,21073.0,516.0,0.0
97.4,0.0,0.0,26955.0,59032.0,64346.0,18433.0,556.0,0.0
97.44,0.0,0.0,29201.0,59669.0,64259.0,15903.0,609.0,0.0
97.48,0.0,0.0,30883.0,60311.0,64400.0,14252.0,884.0,0.0
97.52,0.0,0.0,39697.0,60972.0,64480.0,11855.0,845.0,0.0
97.56,0.0,0.0,45504.0,61611.0,64455.0,9478.0,740.0,0.0
97.6,0.0,0.0,48493.0,62273.0,64772.0,7613.0,715.0,0.0
97.64,0.0,0.0,50169.0,62925.0,65136.0,6487.0,840.0,0.0
97.68,0.0,0.0,51094.0,63568.0,65176.0,5703.0,960.0,0.0
97.72,0.0,0.0,53424.0,64231.0,65391.0,5038.0,1018.0,0.0
97.76,0.0,0.0,57345.0,64872.0,65298.0,4468.0,983.0,0.0
97.8,0.0,0.0,57331.0,65535.0,65203.0,4009.0,877.0,0.0
97.84,0.0,0.0,55817.0,626.0,65500.0,3905.0,783.0,0.0
97.88,0.0,0.0,52151.0,1288.0,65521.0,4310.0,728.0,0.0
97.92,0.0,0.0,50266.0,1953.0,65535.0,4892.0,615.0,0.0
97.96,0.0,0.0,48288.0,2593.0,65259.0,5843.0,507.0,0.0
98.0,0.0,0.0,48088.0,3255.0,65066.0,7232.0,459.0,0.0
98.04,0.0,0.0,43961.0,3912.0,64827.0,9140.0,480.0,0.0
98.08,0.0,0.0,41144.0,4559.0,64533.0,11505.0,565.0,0.0
98.12,0.0,0.0,32065.0,5225.0,64365.0,13837.0,562.0,0.0
98.16,0.0,0.0,28973.0,5870.0,64374.0,16187.0,494.0,0.0
98.2,0.0,0.0,26536.0,6536.0,64359.0,18686.0,433.0,0.0
98.24,0.0,0.0,24848.0,7194.0,64430.0,21372.0,381.0,0.0
98.28,0.0,0.0,24188.0,7844.0,64257.0,24160.0,343.0,0.0
98.32,0.0,0.0,23528.0,8509.0,63985.0,27127.0,360.0,0.0
98.36,0.0,0.0,24642.0,9154.0,63721.0,30273.0,417.0,0.0
98.4,0.0,0.0,25196.0,9823.0,63611.0,33441.0,503.0,0.0
98.44,0.0,0.0,25283.0,10467.0,63772.0,36544.0,562.0,0.0
98.48,0.0,0.0,26675.0,11117.0,64049.0,39389.0,578.0,0.0
98.52,0.0,0.0,28067.0,11787.0,64123.0,41906.0,527.0,0.0
98.56,0.0,0.0,30670.0,12446.0,63937.0,44404.0,516.0,0.0
98.6,0.0,0.0,33738.0,13113.0,63243.0,46807.0,533.0,0.0
98.64,0.0,0.0,38574.0,13784.0,62274.0,49509.0,669.0,0.0
98.68,0.0,0.0,41732.0,14433.0,62525.0,51238.0,545.0,0.0
98.72,0.0,0.0,41814.0,15099.0,62417.0,53120.0,551.0,0.0
98.76,0.0,0.0,46459.0,15751.0,62547.0,54450.0,436.0,0.0
98.8,0.0,0.0,47284.0,16407.0,62383.0,55680.0,344.0,0.0
98.84,0.0,0.0,47179.0,17074.0,62429.0,57169.0,395.0,0.0
98.88,0.0,0.0,50423.0,17737.0,62537.0,58725.0,536.0,0.0
98.92,0.0,0.0,50969.0,18402.0,62620.0,59916.0,589.0,0.0
98.96,0.0,0.0,53094.0,19058.0,62568.0,60795.0,605.0,0.0
99.0,0.0,0.0,53917.0,19712.0,62556.0,61440.0,590.0,0.0
99.04,0.0,0.0,58086.0,20381.0,62525.0,62033.0,596.0,0.0
99.08,0.0,0.0,58721.0,21021.0,62475.0,62239.0,518.0,0.0
99.12,0.0,0.0,58799.0,21686.0,62596.0,62597.0,508.0,0.0
99.16,0.0,0.0,59156.0,22338.0,62616.0,62727.0,465.0,0.0
99.2,0.0,0.0,59048.0,22987.0,62585.0,63007.0,479.0,0.0
99.24,0.0,0.0,58754.0,23653.0,62618.0,63051.0,433.0,0.0
99.28,0.0,0.0,59296.0,24292.0,62588.0,63036.0,392.0,0.0
99.32,0.0,0.0,59467.0,24955.0,62526.0,62823.0,290.0,0.0
99.36,0.0,0.0,59452.0,25601.0,62518.0,62751.0,260.0,0.0
99.4,0.0,0.0,60178.0,26387.0,62492.0,62768.0,255.0,0.0
99.44,0.0,0.0,60256.0,27034.0,62543.0,62939.0,304.0,0.0
99.48,0.0,0.0,59962.0,27675.0,62564.0,63069.0,343.0,0.0
99.52,0.0,0.0,60132.0,28339.0,62634.0,63053.0,329.0,0.0
99.56,0.0,0.0,60858.0,28987.0,62536.0,62817.0,258.0,0.0
99.6,0.0,0.0,60843.0,29641.0,62477.0,62690.0,213.0,0.0
99.64,0.0,0.0,60827.0,30307.0,62357.0,62559.0,171.0,0.0
99.68,0.0,0.0,60812.0,30949.0,62317.0,62620.0,186.0,0.0
99.72,0.0,0.0,61722.0,31615.0,62347.0,62686.0,202.0,0.0
99.76,0.0,0.0,61151.0,32265.0,62311.0,62703.0,211.0,0.0
99.8,0.0,0.0,60766.0,32922.0,62282.0,62773.0,225.0,0.0
99.84,0.0,0.0,61952.0,33589.0,62350.0,62933.0,283.0,0.0
99.88,0.0,0.0,62121.0,34249.0,62364.0,62902.0,268.0,0.0
99.92,0.0,0.0,61459.0,34917.0,62353.0,62894.0,272.0,0.0
99.96,0.0,0.0,61258.0,35566.0,62311.0,62897.0,278.0,0.0
100.0,0.0,0.0,62167.0,36223.0,62380.0,62680.0,210.0,0.0
100.04,0.0,0.0,61412.0,36890.0,62400.0,62562.0,179.0,0.0
100.08,0.0,0.0,60473.0,37534.0,62300.0,62761.0,233.0,0.0
100.12,0.0,0.0,61566.0,38202.0,62338.0,62783.0,240.0,0.0
100.16,0.0,0.0,61550.0,38852.0,62363.0,62767.0,237.0,0.0
100.2,0.0,0.0,60796.0,39508.0,62352.0,63029.0,323.0,0.0
100.24,0.0,0.0,60228.0,40165.0,62415.0,63707.0,555.0,0.0
100.28,0.0,0.0,61134.0,40808.0,62511.0,63579.0,519.0,0.0
100.32,0.0,0.0,60566.0,41472.0,62543.0,63385.0,493.0,0.0
100.36,0.0,0.0,59905.0,42123.0,62395.0,63025.0,427.0,0.0
100.4,0.0,0.0,60259.0,42786.0,62428.0,62744.0,394.0,0.0
100.44,0.0,0.0,60336.0,43432.0,62423.0,62372.0,347.0,0.0
100.48,0.0,0.0,59860.0,44080.0,62131.0,61825.0,264.0,0.0
100.52,0.0,0.0,59016.0,44747.0,62094.0,61415.0,265.0,0.0
100.56,0.0,0.0,57437.0,45388.0,62442.0,61387.0,409.0,0.0
100.6,0.0,0.0,55766.0,46049.0,62339.0,60893.0,446.0,0.0
100.64,0.0,0.0,52532.0,46698.0,62460.0,60872.0,680.0,0.0
100.68,0.0,0.0,51139.0,47338.0,62464.0,60051.0,700.0,0.0
100.72,0.0,0.0,48091.0,48002.0,62688.0,59194.0,756.0,0.0
100.76,0.0,0.0,47895.0,48657.0,62385.0,57400.0,559.0,0.0
100.8,0.0,0.0,47883.0,49325.0,62345.0,55438.0,370.0,0.0
100.84,0.0,0.0,45299.0,49991.0,62224.0,53722.0,317.0,0.0
100.88,0.0,0.0,43358.0,50642.0,62294.0,53155.0,704.0,0.0
100.92,0.0,0.0,40684.0,51314.0,62166.0,50379.0,427.0,0.0
100.96,0.0,0.0,36817.0,51941.0,62511.0,48452.0,483.0,0.0
101.0,0.0,0.0,34330.0,52575.0,62799.0,47140.0,801.0,0.0
101.04,0.0,0.0,31385.0,53233.0,63162.0,44651.0,749.0,0.0
101.08,0.0,0.0,28808.0,53766.0,63208.0,42244.0,805.0,0.0
101.12,0.0,0.0,27150.0,54441.0,63105.0,39201.0,705.0,0.0
101.16,0.0,0.0,25401.0,55095.0,62686.0,35630.0,470.0,0.0
101.2,0.0,0.0,24294.0,55744.0,62525.0,32235.0,331.0,0.0
101.24,0.0,0.0,23738.0,56417.0,63417.0,29327.0,332.0,0.0
101.28,0.0,0.0,23732.0,57045.0,63886.0,26685.0,429.0,0.0
101.32,0.0,0.0,24551.0,57726.0,64373.0,23600.0,371.0,0.0
101.36,0.0,0.0,25918.0,58380.0,64461.0,20560.0,313.0,0.0
101.4,0.0,0.0,27743.0,59030.0,64377.0,17874.0,356.0,0.0
101.44,0.0,0.0,29750.0,59689.0,64327.0,15494.0,456.0,0.0
101.48,0.0,0.0,34043.0,60321.0,64584.0,13644.0,677.0,0.0
101.52,0.0,0.0,41629.0,60992.0,64849.0,11995.0,878.0,0.0
101.56,0.0,0.0,44637.0,61646.0,64921.0,9698.0,793.0,0.0
101.6,0.0,0.0,47918.0,62293.0,65254.0,7784.0,750.0,0.0
101.64,0.0,0.0,49094.0,62964.0,65464.0,6659.0,877.0,0.0
101.68,0.0,0.0,50270.0,63597.0,65459.0,5478.0,889.0,0.0
101.72,0.0,0.0,52816.0,64268.0,65323.0,4617.0,879.0,0.0
101.76,0.0,0.0,56731.0,64922.0,65275.0,4003.0,852.0,0.0
101.8,0.0,0.0,55895.0,4.0,65188.0,3115.0,600.0,0.0
101.84,0.0,0.0,54785.0,674.0,65340.0,2778.0,422.0,0.0
101.88,0.0,0.0,50298.0,1321.0,65492.0,3271.0,411.0,0.0
101.92,0.0,0.0,47822.0,1991.0,65314.0,4072.0,359.0,0.0
101.96,0.0,0.0,47901.0,2646.0,65175.0,5716.0,485.0,0.0
102.0,0.0,0.0,48071.0,3297.0,65073.0,7763.0,645.0,0.0
102.04,0.0,0.0,45506.0,3969.0,64941.0,9732.0,677.0,0.0
102.08,0.0,0.0,39933.0,4606.0,64757.0,12289.0,832.0,0.0
102.12,0.0,0.0,30261.0,5282.0,64659.0,14798.0,880.0,0.0
102.16,0.0,0.0,27702.0,5937.0,64654.0,16870.0,727.0,0.0
102.2,0.0,0.0,26602.0,6586.0,64601.0,18884.0,506.0,0.0
102.24,0.0,0.0,25594.0,7247.0,64264.0,20463.0,114.0,0.0
102.28,0.0,0.0,25132.0,7877.0,64015.0,23022.0,17.0,0.0
102.32,0.0,0.0,24853.0,8544.0,63687.0,26037.0,40.0,0.0
102.36,0.0,0.0,23390.0,9195.0,63540.0,29375.0,164.0,0.0
102.4,0.0,0.0,24385.0,9849.0,63643.0,33109.0,410.0,0.0
102.44,0.0,0.0,25198.0,10497.0,63936.0,36325.0,512.0,0.0
102.48,0.0,0.0,26192.0,11128.0,64071.0,38909.0,427.0,0.0
102.52,0.0,0.0,27458.0,11797.0,63996.0,41272.0,331.0,0.0
102.56,0.0,0.0,29542.0,12438.0,63725.0,43304.0,172.0,0.0
102.6,0.0,0.0,32079.0,13086.0,62942.0,45645.0,155.0,0.0
102.64,0.0,0.0,36069.0,13746.0,62317.0,48406.0,324.0,0.0
102.68,0.0,0.0,41056.0,14383.0,62544.0,50821.0,419.0,0.0
102.72,0.0,0.0,41772.0,15054.0,62428.0,52809.0,458.0,0.0
102.76,0.0,0.0,45120.0,15709.0,62698.0,54682.0,511.0,0.0
102.8,0.0,0.0,46834.0,16368.0,62576.0,56122.0,485.0,0.0
102.84,0.0,0.0,46641.0,17032.0,62639.0,57529.0,515.0,0.0
102.88,0.0,0.0,50439.0,17686.0,62676.0,58737.0,528.0,0.0
102.92,0.0,0.0,51787.0,18350.0,62666.0,59521.0,461.0,0.0
102.96,0.0,0.0,54041.0,18996.0,62688.0,60152.0,393.0,0.0
103.0,0.0,0.0,55478.0,19644.0,62637.0,60566.0,306.0,0.0
103.04,0.0,0.0,58455.0,20304.0,62679.0,61296.0,362.0,0.0
103.08,0.0,0.0,58712.0,20945.0,62603.0,61996.0,433.0,0.0
103.12,0.0,0.0,58788.0,21614.0,62625.0,62689.0,541.0,0.0
103.16,0.0,0.0,59226.0,22274.0,62856.0,63420.0,680.0,0.0
103.2,0.0,0.0,59121.0,22928.0,62767.0,63616.0,669.0,0.0
103.24,0.0,0.0,58744.0,23589.0,62820.0,63292.0,514.0,0.0
103.28,0.0,0.0,59273.0,24231.0,62881.0,63045.0,399.0,0.0
103.32,0.0,0.0,59439.0,24891.0,62573.0,62477.0,193.0,0.0
103.36,0.0,0.0,59515.0,25544.0,62476.0,62153.0,71.0,0.0
103.4,0.0,0.0,59681.0,26173.0,62317.0,61931.0,0.0,0.0
103.44,0.0,0.0,60208.0,26816.0,62344.0,62070.0,31.0,0.0
103.48,0.0,0.0,59922.0,27459.0,62487.0,62435.0,141.0,0.0
103.52,0.0,0.0,60088.0,28121.0,62568.0,62849.0,267.0,0.0
103.56,0.0,0.0,60435.0,28777.0,62583.0,62804.0,244.0,0.0
103.6,0.0,0.0,60871.0,29428.0,62591.0,63120.0,355.0,0.0
103.64,0.0,0.0,60856.0,30091.0,62501.0,63154.0,355.0,0.0
103.68,0.0,0.0,60751.0,30736.0,62460.0,63148.0,355.0,0.0
103.72,0.0,0.0,61187.0,31398.0,62450.0,63197.0,377.0,0.0
103.76,0.0,0.0,61082.0,32054.0,62432.0,63316.0,405.0,0.0
103.8,0.0,0.0,60706.0,32703.0,62537.0,63393.0,438.0,0.0
103.84,0.0,0.0,61142.0,33364.0,62696.0,63371.0,420.0,0.0
103.88,0.0,0.0,61938.0,34025.0,62561.0,63094.0,338.0,0.0
103.92,0.0,0.0,61382.0,34686.0,62536.0,63148.0,360.0,0.0
103.96,0.0,0.0,61186.0,35342.0,62502.0,63120.0,348.0,0.0
104.0,0.0,0.0,61622.0,35989.0,62565.0,63266.0,402.0,0.0
104.04,0.0,0.0,61246.0,36647.0,62619.0,63491.0,465.0,0.0
104.08,0.0,0.0,60331.0,37288.0,62781.0,63763.0,555.0,0.0
104.12,0.0,0.0,60856.0,37947.0,62728.0,63708.0,528.0,0.0
104.16,0.0,0.0,61561.0,38604.0,62573.0,63155.0,359.0,0.0
104.2,0.0,0.0,60736.0,39254.0,62432.0,63004.0,324.0,0.0
104.24,0.0,0.0,60271.0,39921.0,62543.0,63005.0,331.0,0.0
104.28,0.0,0.0,60526.0,40567.0,62587.0,62953.0,337.0,0.0
104.32,0.0,0.0,61231.0,41227.0,62589.0,63075.0,398.0,0.0
104.36,0.0,0.0,59957.0,41885.0,62649.0,63098.0,454.0,0.0
104.4,0.0,0.0,59852.0,42529.0,62646.0,63074.0,494.0,0.0
104.44,0.0,0.0,60287.0,43172.0,62754.0,62927.0,509.0,0.0
104.48,0.0,0.0,59733.0,43816.0,62731.0,62338.0,421.0,0.0
104.52,0.0,0.0,58820.0,44474.0,62563.0,61721.0,337.0,0.0
104.56,0.0,0.0,58896.0,45135.0,62625.0,61376.0,399.0,0.0
104.6,0.0,0.0,57535.0,45777.0,62674.0,61114.0,502.0,0.0
104.64,0.0,0.0,52495.0,46444.0,62720.0,60796.0,622.0,0.0
104.68,0.0,0.0,51137.0,47092.0,62808.0,59966.0,632.0,0.0
104.72,0.0,0.0,50496.0,47749.0,62822.0,59148.0,692.0,0.0
104.76,0.0,0.0,47345.0,48407.0,62728.0,57955.0,705.0,0.0
104.8,0.0,0.0,46079.0,49042.0,62557.0,56347.0,627.0,0.0
104.84,0.0,0.0,45799.0,49701.0,62417.0,54878.0,663.0,0.0
104.88,0.0,0.0,45967.0,50376.0,62241.0,53070.0,642.0,0.0
104.92,0.0,0.0,41924.0,51016.0,62352.0,51292.0,682.0,0.0
104.96,0.0,0.0,37704.0,51682.0,62488.0,49095.0,662.0,0.0
105.0,0.0,0.0,33577.0,52346.0,62582.0,46606.0,577.0,0.0
105.04,0.0,0.0,30793.0,52993.0,63037.0,44378.0,643.0,0.0
105.08,0.0,0.0,28548.0,53058.0,63267.0,41698.0,609.0,0.0
105.12,0.0,0.0,26663.0,53740.0,63216.0,38757.0,533.0,0.0
105.16,0.0,0.0,25404.0,54424.0,62906.0,35201.0,302.0,0.0
105.2,0.0,0.0,24324.0,55108.0,62869.0,32215.0,282.0,0.0
105.24,0.0,0.0,23782.0,55767.0,63641.0,29398.0,326.0,0.0
105.28,0.0,0.0,23776.0,56445.0,64179.0,26789.0,427.0,0.0
105.32,0.0,0.0,24306.0,57104.0,64811.0,24642.0,684.0,0.0
105.36,0.0,0.0,25015.0,57759.0,65022.0,22467.0,907.0,0.0
105.4,0.0,0.0,26795.0,58428.0,64838.0,19484.0,834.0,0.0
105.44,0.0,0.0,29378.0,59065.0,64576.0,16002.0,581.0,0.0
105.48,0.0,0.0,36960.0,59735.0,64435.0,12597.0,290.0,0.0
105.52,0.0,0.0,39807.0,60393.0,64465.0,10098.0,241.0,0.0
105.56,0.0,0.0,40065.0,61044.0,64713.0,8309.0,329.0,0.0
105.6,0.0,0.0,41928.0,61703.0,65078.0,7204.0,546.0,0.0
105.64,0.0,0.0,45575.0,62343.0,65342.0,6136.0,684.0,0.0
105.68,0.0,0.0,46812.0,62999.0,65488.0,4873.0,653.0,0.0
105.72,0.0,0.0,48851.0,63643.0,65380.0,3935.0,634.0,0.0
105.76,0.0,0.0,50086.0,64281.0,65441.0,3217.0,565.0,0.0
105.8,0.0,0.0,54975.0,64936.0,65268.0,2763.0,473.0,0.0
105.84,0.0,0.0,54961.0,5.0,65358.0,2634.0,367.0,0.0
105.88,0.0,0.0,54770.0,672.0,65522.0,3258.0,389.0,0.0
105.92,0.0,0.0,51996.0,1320.0,65414.0,4621.0,544.0,0.0
105.96,0.0,0.0,51182.0,1962.0,65421.0,6370.0,698.0,0.0
106.0,0.0,0.0,50725.0,2626.0,65296.0,7902.0,688.0,0.0
106.04,0.0,0.0,49556.0,3268.0,65169.0,9564.0,638.0,0.0
106.08,0.0,0.0,43495.0,3928.0,64802.0,11752.0,661.0,0.0
106.12,0.0,0.0,32191.0,4588.0,64559.0,13941.0,627.0,0.0
106.16,0.0,0.0,29250.0,5228.0,64424.0,15790.0,398.0,0.0
106.2,0.0,0.0,26487.0,5901.0,64434.0,18197.0,309.0,0.0
106.24,0.0,0.0,25148.0,6560.0,64636.0,21325.0,407.0,0.0
106.28,0.0,0.0,24164.0,7235.0,64533.0,24529.0,506.0,0.0
106.32,0.0,0.0,23626.0,7921.0,64201.0,27230.0,429.0,0.0
106.36,0.0,0.0,23442.0,8581.0,63867.0,29774.0,294.0,0.0
106.4,0.0,0.0,24324.0,9273.0,63670.0,32550.0,251.0,0.0
106.44,0.0,0.0,25827.0,9929.0,63844.0,35696.0,332.0,0.0
106.48,0.0,0.0,26176.0,10593.0,64049.0,38627.0,372.0,0.0
106.52,0.0,0.0,27500.0,11280.0,64194.0,41365.0,387.0,0.0
106.56,0.0,0.0,30331.0,11932.0,63888.0,43435.0,234.0,0.0
106.6,0.0,0.0,32452.0,12618.0,63016.0,45820.0,249.0,0.0
106.64,0.0,0.0,37054.0,13311.0,62698.0,48970.0,524.0,0.0
106.68,0.0,0.0,39437.0,13968.0,62742.0,51186.0,562.0,0.0
106.72,0.0,0.0,41820.0,14656.0,62671.0,53147.0,589.0,0.0
106.76,0.0,0.0,42341.0,15307.0,62735.0,54620.0,508.0,0.0
106.8,0.0,0.0,44722.0,15965.0,62586.0,55730.0,381.0,0.0
106.84,0.0,0.0,46039.0,16636.0,62584.0,56905.0,318.0,0.0
106.88,0.0,0.0,48772.0,17290.0,62672.0,58219.0,372.0,0.0
106.92,0.0,0.0,49203.0,17958.0,62601.0,59307.0,393.0,0.0
106.96,0.0,0.0,51226.0,18604.0,62670.0,60321.0,443.0,0.0
107.0,0.0,0.0,53955.0,19259.0,62573.0,61265.0,525.0,0.0
107.04,0.0,0.0,56242.0,19929.0,62591.0,61979.0,564.0,0.0
107.08,0.0,0.0,58173.0,20561.0,62475.0,62192.0,483.0,0.0
107.12,0.0,0.0,58512.0,21222.0,62468.0,62520.0,470.0,0.0
107.16,0.0,0.0,59117.0,21862.0,62479.0,62693.0,439.0,0.0
107.2,0.0,0.0,59191.0,22502.0,62471.0,63012.0,462.0,0.0
107.24,0.0,0.0,59176.0,23164.0,62692.0,63547.0,575.0,0.0
107.28,0.0,0.0,58809.0,23787.0,62723.0,63534.0,528.0,0.0
107.32,0.0,0.0,59677.0,24447.0,62594.0,63642.0,534.0,0.0
107.36,0.0,0.0,59486.0,25091.0,62644.0,63379.0,440.0,0.0
107.4,0.0,0.0,59560.0,25736.0,62601.0,63297.0,403.0,0.0
107.44,0.0,0.0,60075.0,26819.0,62557.0,63022.0,307.0,0.0
107.48,0.0,0.0,59884.0,27476.0,62497.0,62981.0,297.0,0.0
107.52,0.0,0.0,60046.0,28130.0,62478.0,62885.0,259.0,0.0
107.56,0.0,0.0,60384.0,28783.0,62537.0,63143.0,347.0,0.0
107.6,0.0,0.0,60722.0,29437.0,62596.0,63371.0,414.0,0.0
107.64,0.0,0.0,60796.0,30096.0,62568.0,63544.0,467.0,0.0
107.68,0.0,0.0,60693.0,30753.0,62555.0,63491.0,448.0,0.0
107.72,0.0,0.0,61030.0,31408.0,62592.0,63573.0,471.0,0.0
107.76,0.0,0.0,61016.0,32059.0,62605.0,63527.0,459.0,0.0
107.8,0.0,0.0,60737.0,32713.0,62554.0,63462.0,434.0,0.0
107.84,0.0,0.0,61162.0,33371.0,62566.0,63616.0,490.0,0.0
107.88,0.0,0.0,61851.0,34043.0,62714.0,63697.0,508.0,0.0
107.92,0.0,0.0,61221.0,34697.0,62657.0,63526.0,455.0,0.0
107.96,0.0,0.0,61206.0,35348.0,62597.0,63273.0,375.0,0.0
108.0,0.0,0.0,61631.0,36003.0,62587.0,63030.0,298.0,0.0
108.04,0.0,0.0,61264.0,36664.0,62554.0,62964.0,283.0,0.0
108.08,0.0,0.0,60459.0,37324.0,62583.0,62932.0,266.0,0.0
108.12,0.0,0.0,60971.0,37980.0,62629.0,63044.0,308.0,0.0
108.16,0.0,0.0,61484.0,38628.0,62614.0,63143.0,344.0,0.0
108.2,0.0,0.0,60679.0,39282.0,62606.0,63252.0,383.0,0.0
108.24,0.0,0.0,60313.0,39940.0,62595.0,63242.0,401.0,0.0
108.28,0.0,0.0,60562.0,40595.0,62607.0,63186.0,397.0,0.0
108.32,0.0,0.0,60459.0,41249.0,62762.0,63234.0,446.0,0.0
