time_s,RequestScannerOn [unary],RecordScannerOn [unary],Periodicity [arbitrary unit],Phase [degree],Left-Right [millimeter],Ant.-Post. [millimeter],Head-Feet [millimeter],MarkerBlockFound [unary]
0.0,0.0,0.0,0.15861258289416,4.804384921903,-2.8939180833323,157.63159288322,620.14170631995,-1.0
0.04,0.0,0.0,0.15942099276426,4.866924506104,-2.8885072033785,157.29991454168,619.95454148643,-1.0
0.08,0.0,0.0,0.1589102830368,4.929847181173,-2.9022070909210997,156.9074442534,619.60026519441,-1.0
0.12,0.0,0.0,0.16103524612391998,4.992961401676,-2.8996743386023,156.54080266788,619.34625577749,-1.0
0.16,0.0,0.0,0.16008825170465998,5.056171394896,-2.8938605207796,156.24723741212,619.3863625275301,-1.0
0.2,0.0,0.0,0.15826355514072,5.118902524531,-2.8865500765867,156.05131725216,619.63034525694,-1.0
0.24,0.0,0.0,0.15907196501082,5.180388608845,-2.8683027473808,155.78641555678,619.70053206951,-1.0
0.28,0.0,0.0,0.15856382166389998,5.242736647612,-2.8590927389488,155.62892346678,620.13836409078,-1.0
0.32,0.0,0.0,0.1563054067887,5.30441427736,-2.8417664105861,155.49726007954,620.66309407047,-1.0
0.36,0.0,0.0,0.1540469919135,5.364559543636,-2.8365857808431,155.20589971304,620.64304069545,-1.0
0.4,0.0,0.0,0.15398026601946,5.426332946101,-2.8280089604908,155.01186945816002,620.8836811956901,-1.0
0.44,0.0,0.0,0.15085184814119998,5.489542939321,-2.8247278949869,154.72869868034002,620.8937078832,-1.0
0.48,0.0,0.0,0.15646965514326,5.552944477975,-2.8377370318971,154.2867758758,620.3221866951301,-1.0
0.52,0.0,0.0,0.15552522710453998,5.614813653157,-2.8384277825295,153.91225968578001,620.11496848659,-1.0
0.56,0.0,0.0,0.15764249105004,5.678694055396,-2.8510915441235,153.57176178720002,619.88101244469,-1.0
0.6,0.0,0.0,0.15757319877546,5.740850548729,-2.8526457330464,153.27032192694,619.88769690303,-1.0
0.64,0.0,0.0,0.15663133711728,5.805592905421,-2.8524154828356,152.96541724070002,619.86430129884,-1.0
0.68,0.0,0.0,0.15656461122324,5.868898671358,-2.8590927389488,152.67594677928,619.84424792382,-1.0
0.72,0.0,0.0,0.16085559948612,5.930863619257,-2.8724472511752,152.36600234616,619.75400773623,-1.0
0.76,0.0,0.0,0.15904116844434,5.994648248779,-2.8678998095119,152.03243409954,619.53676284018,-1.0
0.8,0.0,0.0,0.16071444855641998,6.056996287546,-2.8765917549696,151.63933384290002,619.1557487148,-1.0
0.84,0.0,0.0,0.16412773467462,6.1203978262,-2.8702023116199,151.31049035898002,619.09558858974,-1.0
0.88,0.0,0.0,0.16623216671742,6.183703592137,-2.8606469278717,151.05566815736,619.1991976940101,-1.0
0.92,0.0,0.0,0.16311401436131998,6.245668540036,-2.852530607941,150.88935651032,619.63034525694,-1.0
0.96,0.0,0.0,0.16391215870926,0.026284070772999997,-2.8440113501414,150.62067500478,619.6169763402601,-1.0
1.0,0.0,0.0,0.1681877486889,0.08853633682300001,-2.8477529160669,150.25844319778,619.32954463164,-1.0
1.04,0.0,0.0,0.16724588703072,0.15184210276,-2.8457957892751,149.90975571052002,619.14572202729,-1.0
1.08,0.0,0.0,0.1641328674357,0.21505209598,-2.8421117859023,149.52264015330002,618.77139236025,-1.0
1.12,0.0,0.0,0.16406357516112,0.276921271162,-2.8315202762055,149.27915738216,618.97861056879,-1.0
1.16,0.0,0.0,0.16529287143978,0.340610127967,-2.8179355137683,149.01205079752,619.0086906313201,-1.0
1.2,0.0,0.0,0.16305242122836,0.4027666213,-2.8086103802309,148.81329577994,619.356282465,-1.0
1.24,0.0,0.0,0.15474761380092,0.464923114633,-2.7970403071382,148.69675163334,619.90440804888,-1.0
1.28,0.0,0.0,0.14514678420077998,0.528803516872,-2.7991125590354,148.49358683724,620.10159956991,-1.0
1.32,0.0,0.0,0.13079301784056,0.591343101073,-2.7961768688477,148.24285942996002,620.24197319505,-1.0
1.36,0.0,0.0,0.12943796891544,0.655702366897,-2.786333672336,148.52855008122,620.54277382035,-1.0
1.4,0.0,0.0,0.12635317950636,0.718625041966,-2.8006091854056,149.25805344210002,620.6697785288101,-1.0
1.44,0.0,0.0,0.12716158937646,0.782313898771,-2.8079771921512,149.97401248324002,620.58622279956,-1.0
1.48,0.0,0.0,0.11975758151855999,0.845332346557,-2.8331895902338,150.51200546268,620.18849752833,-1.0
1.52,0.0,0.0,0.08686171575684,0.906818430871,-2.8458533518277997,151.17914195592002,620.31216000762,-1.0
1.56,0.0,0.0,0.07732247928965999,0.970028424091,-2.8495949177532998,151.86391756324002,620.3890312785301,-1.0
1.6,0.0,0.0,0.08074346454947999,1.0318018265559998,-2.8469470403291,152.56160752194,620.5294049036701,-1.0
1.64,0.0,0.0,0.07984523136048,1.0967357286819999,-2.8402697842159,153.3056001551,620.75667648723,-1.0
1.68,0.0,0.0,0.08153647613633999,1.1594668583169998,-2.8331320276811,153.99982528782002,620.7867565497601,-1.0
1.72,0.0,0.0,0.0840874583931,1.2219106698009998,-2.8285270234651,154.6726314963,620.81683661229,-1.0
1.76,0.0,0.0,0.08491383292697999,1.285695299323,-2.8420542233496,155.27677115354,620.5795383412201,-1.0
1.8,0.0,0.0,0.0844467516687,1.347372929071,-2.8498251679641,155.7813758099,620.0147016114901,-1.0
1.84,0.0,0.0,0.08656401561419999,1.410870240442,-2.87382875244,156.31212415320002,619.60694965275,-1.0
1.88,0.0,0.0,0.0856657824252,1.4730267337749998,-2.8925365820674998,156.90523936414002,619.37967806919,-1.0
1.92,0.0,0.0,0.08476754923619999,1.534991681674,-2.9127986006179,157.4933148282,619.08556190223,-1.0
1.96,0.0,0.0,0.08645109487043999,1.5983932203279998,-2.9117049121166,158.21840841056002,619.28275342326,-1.0
2.0,0.0,0.0,0.08770348857396,1.6595919864909998,-2.9051427811088,158.85341651744,619.14237979812,-1.0
2.04,0.0,0.0,0.08766755924639999,1.7230892978619998,-2.9093448474559,159.44810664928002,618.85160586033,-1.0
2.08,0.0,0.0,0.0859095885765,1.785245791195,-2.9055457189777,160.0084635055,618.51069848499,-1.0
2.12,0.0,0.0,0.08458533621785999,1.847498057245,-2.9049700934507,160.58708944416,618.19652894301,-1.0
2.16,0.0,0.0,0.08412082134012,1.9112826867669999,-2.9070999079006,161.26966016222002,618.30348027645,-1.0
2.2,0.0,0.0,0.08108222678075999,1.9720983620619998,-2.9368597476465,161.78119447054002,617.81217258846,-1.0
2.24,0.0,0.0,0.08490613378536,2.032914037357,-2.9864211055211998,162.1818543475,616.81953052497,-1.0
2.28,0.0,0.0,0.08444161890761999,2.093442394501,-2.9748510324285,162.89875834118,616.9532196917701,-1.0
2.32,0.0,0.0,0.08568887985005999,2.154258069796,-3.0031142458042,163.54699578362002,616.87969065003,-1.0
2.36,0.0,0.0,0.10535248754754,2.218042699318,-2.9955159888478,164.21003748252002,616.8496105875,-1.0
2.4,0.0,0.0,0.12371494031123999,2.279145692764,-3.0029991206988,164.85953486168,616.77273931659,-1.0
2.44,0.0,0.0,0.12451821742026,2.341876822399,-3.0054167479122,165.5332860227,616.75937039991,-1.0
2.48,0.0,0.0,0.12189794288891999,2.405661451921,-3.0127847546578,166.24735515876,616.96658860845,-1.0
2.52,0.0,0.0,0.12227520082829998,2.466955990801,-3.0267724549639,166.85180980018,616.76271262908,-1.0
2.56,0.0,0.0,0.13333373457515998,2.5314110293420002,-3.0340253366041,167.04552507088002,616.79279269161,-1.0
2.6,0.0,0.0,0.14310137891039998,2.593375977241,-3.0004088058273,166.87133881934,617.20054465035,-1.0
2.64,0.0,0.0,0.1567031957724,2.657926788499,-3.0048411223852,166.50249234456,617.07688217106,-1.0
2.68,0.0,0.0,0.16432021321512,2.721807190738,-3.0141662559226,166.09899760998002,616.67915689983,-1.0
2.72,0.0,0.0,0.16510295927982,2.7832932750520003,-3.0084100006526,165.8262213101,616.69252581651,-1.0
2.76,0.0,0.0,0.16204640005668,2.8478440863100003,-3.0089856261796,165.58179358642002,616.84292612916,-1.0
2.8,0.0,0.0,0.1636837508412,2.9095217160580003,-3.0077192500202,165.22964127318002,616.56886333722,-1.0
2.84,0.0,0.0,0.16446649690589998,2.9726359365610002,-3.0066831240716,165.08380359784002,617.07688217106,-1.0
2.88,0.0,0.0,0.16226454240257998,3.036229020649,-3.0118061912619,164.7820487534,617.03677542102,-1.0
2.92,0.0,0.0,0.16134577816926,3.097715104963,-3.0209586371412,164.57856897312,617.34091827549,-1.0
2.96,0.0,0.0,0.16383003453198,3.162170143504,-3.019462010771,164.29949298964002,617.3743405671901,-1.0
3.0,0.0,0.0,0.16418419504649998,3.223847773252,-3.032701397892,163.94230092952,617.12033115027,-1.0
3.04,0.0,0.0,0.1619899396848,3.287153539189,-3.0350039,163.60810271454,616.95990415011,-1.0
3.08,0.0,0.0,0.16362215770823998,3.350938168711,-3.0249880158302,163.40493791844,617.27073146292,-1.0
3.12,0.0,0.0,0.16439977101185999,3.412520025742,-3.0218220754317,163.11389253612,617.19720242118,-1.0
3.16,0.0,0.0,0.16305755398944,3.477070837,-3.0126120669997,162.89151370504,617.4411851505901,-1.0
3.2,0.0,0.0,0.16086586500827998,3.538556921314,-3.0195771358764,162.65779544348,617.57153208822,-1.0
3.24,0.0,0.0,0.16164604469243998,3.6001387783450003,-3.0089856261796,162.47636455580002,617.94586175526,-1.0
3.28,0.0,0.0,0.16284967716569998,3.663923407867,-3.0038049964366,162.12011744822001,617.70522125502,-1.0
3.32,0.0,0.0,0.16151002652382,3.725601037615,-2.9948252382154,161.86340534152,617.81217258846,-1.0
3.36,0.0,0.0,0.16228763982744,3.790534939741,-2.9884357948657,161.52416737966,617.62166552577,-1.0
3.4,0.0,0.0,0.16433817787889998,3.852404114923,-2.9821614766214,161.24509139618002,617.60161215075,-1.0
3.44,0.0,0.0,0.16215162165882,3.916092971728,-2.9694977150274,160.94239159920002,617.56818985905,-1.0
3.48,0.0,0.0,0.15954417903017998,3.980452237552,-2.9643170852844,160.73544699294,617.89238608854,-1.0
3.52,0.0,0.0,0.16074524512289998,4.041842549149,-2.9629355840196,160.56378061484,618.26671575558,-1.0
3.56,0.0,0.0,0.15856125528336,4.106489133124,-2.9623599584926,160.36880540742,618.55748969337,-1.0
3.6,0.0,0.0,0.16018577416517998,4.168262535589,-2.9634536469939,160.11272326908002,618.6377031934501,-1.0
3.64,0.0,0.0,0.15969559548204,4.232909119564,-2.9558553900374998,159.7848247377,618.5173829433301,-1.0
3.68,0.0,0.0,0.16258533997007998,4.296693749086,-2.958445704909,159.42479781996002,618.3101647347901,-1.0
3.72,0.0,0.0,0.16167170849784,4.358946015136,-2.9559705151429,159.10949865578002,618.24332015139,-1.0
3.76,0.0,0.0,0.15991630420848,4.424550326281,-2.9582154546982,158.72080817766002,617.89907054688,-1.0
3.8,0.0,0.0,0.16195657673778,4.486611046897,-2.9700157780017,158.39511453554002,617.76203915091,-1.0
3.84,0.0,0.0,0.16188985084374,4.550970312721,-2.9849820417037,158.06375117818,617.62500775494,-1.0
3.88,0.0,0.0,0.16224144497772,4.61485071496,-2.9887236076292,157.86090136626,617.89572831771,-1.0
3.92,0.0,0.0,0.15964683425178,4.676719890142,-2.9712821541611,157.70529918134002,618.38369377653,-1.0
3.96,0.0,0.0,0.16210542680909998,4.741845337702,-2.9246564864741,157.6256081838,619.0822196730601,-1.0
4.0,0.0,0.0,0.15908992967459998,4.803044103865,-2.9108414738261,157.53898753430002,619.77406111125,-1.0
4.04,0.0,0.0,0.15860231737199998,4.865487915349,-2.9016314653940998,157.42181341934,620.33555561181,-1.0
4.08,0.0,0.0,0.15769638504137998,4.928219044984,-2.9042793428183,157.15029705618002,620.33221338264,-1.0
4.12,0.0,0.0,0.15888975199247998,4.989992447449,-2.904336905371,156.66616637152,619.6671097778101,-1.0
4.16,0.0,0.0,0.16050400535214,5.054734804141,-2.8995016509441998,156.25668693752002,619.25935781907,-1.0
4.2,0.0,0.0,0.15833798017637998,5.116316661172,-2.8992714007334,155.99178524214,619.3596246941701,-1.0
4.24,0.0,0.0,0.15911046071892,5.177898518203,-2.8909248305919,155.7357031038,619.45989156927,-1.0
4.28,0.0,0.0,0.15988294126146,5.241970465876,-2.8830963234247,155.46607664572002,619.46657602761,-1.0
4.32,0.0,0.0,0.15855612252228,5.304126959209,-2.8699144988564,155.26858156486,619.8241945488,-1.0
4.36,0.0,0.0,0.15639523010759998,5.373083315449,-2.8625464921108,154.98572577122002,619.7573499654001,-1.0
4.4,0.0,0.0,0.15758603067816,5.435144036065,-2.8587473636326,154.75641728818002,619.94117256975,-1.0
4.44,0.0,0.0,0.15542513826347998,5.498258256568,-2.8586322385272,154.52647883678,620.16510192414,-1.0
4.48,0.0,0.0,0.15661593883403999,5.561276704354,-2.8537969841004,154.27134165098002,620.2586843409,-1.0
4.52,0.0,0.0,0.15194769263177998,5.622667015951,-2.8471772905399,154.0851860006,620.6597518413,-1.0
4.56,0.0,0.0,0.15104689306223998,5.68654741819,-2.8488466045682,153.87572152090002,620.9070767998801,-1.0
4.6,0.0,0.0,0.15307433368884,5.747937729787,-2.8480982913831,153.5953856007,620.93715686241,-1.0
4.64,0.0,0.0,0.14966618033172,5.812201222894,-2.8527032955991,153.30150536076002,620.89705011237,-1.0
4.68,0.0,0.0,0.14751298705865998,5.874932352529,-2.8556965483395,153.07534671952,621.15105952929,-1.0
4.72,0.0,0.0,0.15288185514834,5.93651420956,-2.8613952410568,152.82178445462,621.24464194605,-1.0
4.76,0.0,0.0,0.15448840936638,6.000586157233,-2.8706052494888,152.48853119218,621.01402813332,-1.0
4.8,0.0,0.0,0.15317185614936,6.062168014264,-2.8691661856713,152.06519245426,620.56951165371,-1.0
4.84,0.0,0.0,0.15769638504137998,6.125282234767,-2.8616830538203,151.74107373304,620.45587586193,-1.0
4.88,0.0,0.0,0.16388649490385998,6.188588000704,-2.8578839253421,151.25253326986,619.75066550706,-1.0
4.92,0.0,0.0,0.1625673753063,6.250552948603,-2.8584595508691,150.8613229183,619.3863625275301,-1.0
4.96,0.0,0.0,0.16416623038272,0.031743115642,-2.8626616172162,150.56114299476002,619.3629669233401,-1.0
5.0,0.0,0.0,0.16784642007707998,0.09361229082400001,-2.8626040546635,150.21938515946002,619.20253992318,-1.0
5.04,0.0,0.0,0.16736137415501998,0.156726511327,-2.8562146113138,149.92707984042002,619.13235311061,-1.0
5.08,0.0,0.0,0.16396091993952,0.22031959541499999,-2.8458533518277997,149.70407104098,619.37967806919,-1.0
5.12,0.0,0.0,0.16472570134043998,0.282667634182,-2.8251308328558,149.57366759046002,619.8910391322,-1.0
5.16,0.0,0.0,0.16631942365577998,0.34740999087400004,-2.8132153844469,149.38152724066,620.16844415331,-1.0
5.2,0.0,0.0,0.16334242222938,0.409758029641,-2.8015877488015,149.2092308942,620.58956502873,-1.0
5.24,0.0,0.0,0.15496575614681998,0.47114834123800003,-2.8011848109326,148.87723756848,620.37900459102,-1.0
5.28,0.0,0.0,0.14534952826344,0.534645652609,-2.8032570628298,148.52918004958002,620.18515529916,-1.0
5.32,0.0,0.0,0.13075965489354,0.596035964206,-2.8076893793877,148.15592379628,619.8977235905401,-1.0
5.36,0.0,0.0,0.11244852974064,0.658862866558,-2.8052717521743,148.14899414432,619.2459889023901,-1.0
5.4,0.0,0.0,0.1169627931105,0.720348950872,-2.8209287665087,148.80731108052,619.1724598606501,-1.0
5.44,0.0,0.0,0.12147705648035999,0.782505444205,-2.8269728345422,149.59382657798,619.4097581317201,-1.0
5.48,0.0,0.0,0.12225466978397999,0.845045028406,-2.8546604223909,150.2376542419,619.32954463164,-1.0
5.52,0.0,0.0,0.09113473935593999,0.906818430871,-2.865769995062,151.00653062528002,619.75400773623,-1.0
5.56,0.0,0.0,0.07701964638594,0.9707946058270001,-2.8616254912676,151.84281362318,620.358951216,-1.0
5.6,0.0,0.0,0.08029691433552,1.0337172808959998,-2.8510339815708,152.74555828306,621.14771730012,-1.0
5.64,0.0,0.0,0.08067930503597999,1.09807654672,-2.8455655390643,153.46592710272,621.27137977941,-1.0
5.68,0.0,0.0,0.08147231662283999,1.160424585487,-2.8441840377995,153.9859659839,620.6965163621701,-1.0
5.72,0.0,0.0,0.08391807727746,1.222006442518,-2.8482134164885,154.53813325144,620.33889784098,-1.0
5.76,0.0,0.0,0.08595065066513999,1.2848333448699998,-2.8627767423216,155.04147797108,619.8041411737801,-1.0
5.8,0.0,0.0,0.08632790860452,1.346894065486,-2.8703174367253,155.57159634602002,619.3228601733,-1.0
5.84,0.0,0.0,0.0867051665439,1.409433649687,-2.891673143777,156.17132622474,619.17914431899,-1.0
5.88,0.0,0.0,0.08584286268246,1.472069006605,-2.904336905371,156.83247801856,619.14237979812,-1.0
5.92,0.0,0.0,0.08622012062184,1.5344170453719999,-2.9169431044123,157.5137887999,619.16577540231,-1.0
5.96,0.0,0.0,0.08659737856121999,1.59801012946,-2.9118775997747,158.28140524656,619.5267361526701,-1.0
6.0,0.0,0.0,0.0869746365006,1.661315895397,-2.8950117718336,159.01122359162002,619.66042531947,-1.0
6.04,0.0,0.0,0.0861148990197,1.7247174340509999,-2.8977747743632,159.68591970518,619.68047869449,-1.0
6.08,0.0,0.0,0.08772658599882,1.7876401091199998,-2.8960478977822,160.21540811176,619.16911763148,-1.0
6.12,0.0,0.0,0.08645622763152,1.849988147887,-2.9019192781576,160.71686292632,618.61764981843,-1.0
6.16,0.0,0.0,0.08353825295754,1.9133896865409998,-2.9063515947155,161.30997813726,618.4739339641201,-1.0
6.2,0.0,0.0,0.08309426912411999,1.976408134327,-2.9390471246491,161.83127695516,617.9859685053,-1.0
6.24,0.0,0.0,0.0834715270635,2.029370446828,-3.0095612517066,162.43856645420001,617.73530131755,-1.0
6.28,0.0,0.0,0.08261435596314,2.092580440048,-2.9941920501357,163.08617392828,617.60161215075,-1.0
6.32,0.0,0.0,0.08586596010731999,2.1557904332680002,-2.9979336160612,163.76024007348002,617.6550878174701,-1.0
6.36,0.0,0.0,0.11088303761123999,2.219479290073,-2.9867089182847,164.40060291142,617.54145202569,-1.0
6.4,0.0,0.0,0.12233166120017999,2.2827850560100003,-3.0022508075137,165.0671094363,617.52139865067,-1.0
6.44,0.0,0.0,0.12146165819711999,2.346569685532,-3.002193244961,165.71534687874,617.43115846308,-1.0
6.48,0.0,0.0,0.11977041342125999,2.40920504245,-3.0066831240716,166.35948952684,617.35428719217,-1.0
6.52,0.0,0.0,0.11890041041819999,2.472031944802,-3.0188288226913,166.92898092428,617.07688217106,-1.0
6.56,0.0,0.0,0.13155779924147998,2.535146165305,-3.0202678865088,167.17561353722002,617.26738923375,-1.0
6.6,0.0,0.0,0.1433836807698,2.597111113204,-2.9990273045625,166.88551310744,617.22728248371,-1.0
6.64,0.0,0.0,0.15642859305461998,2.66204501533,-2.9996604926422,166.57084391162002,617.31083821296,-1.0
6.68,0.0,0.0,0.16414313295785998,2.724201508663,-3.0066255615189,166.21176194642,617.0434598793601,-1.0
6.72,0.0,0.0,0.16530313696194,2.78654954743,-3.0055894355703,165.85740474392,616.7827660041,-1.0
6.76,0.0,0.0,0.1619642758794,2.84975954065,-3.0063953113081,165.59376298526,616.8161882958,-1.0
6.8,0.0,0.0,0.16312427988348,2.9120118067000003,-3.0012146815651,165.33484598930002,616.94319300426,-1.0
6.84,0.0,0.0,0.16264693310304,2.9751260272030002,-3.0091583138377,165.1064824588,617.1136466919301,-1.0
6.88,0.0,0.0,0.16258277358954,3.037378293253,-3.0046108721744,164.86268470348,617.2573625462401,-1.0
6.92,0.0,0.0,0.16128931779737998,3.099917877454,-3.0169292584522,164.59998789736,617.38770948387,-1.0
6.96,0.0,0.0,0.16244932180146,3.163032097957,-3.0140511308172,164.43903098138,617.7954614426101,-1.0
7.0,0.0,0.0,0.16279065041328,3.2251885912900002,-3.0176200090846,164.20058795712,617.9826262761301,-1.0
7.04,0.0,0.0,0.16109170649579999,3.2880154936420003,-3.0157204448455,164.05569523432,618.44385390159,-1.0
7.08,0.0,0.0,0.16265719862519998,3.350363532409,-3.0228582013803,163.6591301517,618.04612863036,-1.0
7.12,0.0,0.0,0.16340658174287997,3.412711571176,-3.0157780073982,163.33595638302,617.94251952609,-1.0
7.16,0.0,0.0,0.16333985584883998,3.475825791679,-3.0091583138377,163.0449110007,617.9358350677501,-1.0
7.2,0.0,0.0,0.16123799018658,3.53836537588,-3.0116910661565,162.67921436772002,617.66845673415,-1.0
7.24,0.0,0.0,0.16157931879839998,3.59965991476,-3.0017903070921,162.46911991966002,617.92580838024,-1.0
7.28,0.0,0.0,0.1627341900414,3.662103726244,-3.0016751819867,162.205478161,618.0294174845101,-1.0
7.32,0.0,0.0,0.16185392151618,3.724547537728,-2.9954008637424,161.94152141816002,618.0862353804,-1.0
7.36,0.0,0.0,0.16219525012799998,3.787853303665,-2.9899899837886,161.5818094846,617.78209252593,-1.0
7.4,0.0,0.0,0.16334755499046,3.850201342432,-2.9807224128039,161.28666930794,617.75535469257,-1.0
7.44,0.0,0.0,0.16125082208928,3.913124017501,-2.9707640911868,161.00538843520002,617.73864354672,-1.0
7.48,0.0,0.0,0.15956214369396,3.975759374419,-2.9635112095466,160.7486763285,617.87567494269,-1.0
7.52,0.0,0.0,0.16071444855641998,4.038586276771,-2.963626334652,160.50141374720002,617.9558884427701,-1.0
7.56,0.0,0.0,0.16105577716824,4.102658224444,-2.9628204589141998,160.1754051209,617.83222596348,-1.0
7.6,0.0,0.0,0.16180002752484,4.165389354079,-2.9639141474155,159.9234177769,617.97594181779,-1.0
7.64,0.0,0.0,0.15970842738473998,4.230323256205,-2.9553373270632,159.65536623972002,618.01270633866,-1.0
7.68,0.0,0.0,0.16248011836794,4.29305438584,-2.957294453855,159.36967558846,618.0528130887001,-1.0
7.72,0.0,0.0,0.16200790434857998,4.355689742758,-2.9572368913023,159.08052011122,617.98931073447,-1.0
7.76,0.0,0.0,0.15991887058902,4.419091281412,-2.9616116453075,158.76049618434,617.90241277605,-1.0
7.8,0.0,0.0,0.16066312094562,4.480577365726,-2.9650653984695,158.55229164136,618.22326677637,-1.0
7.84,0.0,0.0,0.16181285942753998,4.543595813512,-2.9772686596419,158.2508517811,618.15976442214,-1.0
7.88,0.0,0.0,0.16255454340359998,4.60623117043,-2.9865937931793,157.93334772766002,618.06618200538,-1.0
7.92,0.0,0.0,0.15965966615448,4.668962300065,-2.9959764892694,157.66025644360002,618.12968435961,-1.0
7.96,0.0,0.0,0.16282914612138,4.7338962021910005,-2.9977609284031,157.3531468681,618.10294652625,-1.0
8.0,0.0,0.0,0.16235949848255998,4.796531559109,-2.964777585706,157.19659973064,618.5441207766901,-1.0
8.04,0.0,0.0,0.16067851922885998,4.860507734065,-2.9127986006179,157.09706472976,619.2192510690301,-1.0
8.08,0.0,0.0,0.15778877474081998,4.923526181851,-2.9024949036846,156.96382642162,619.7239276737,-1.0
8.12,0.0,0.0,0.1589359468422,4.984916493448,-2.9031280917643,156.77452092944,620.0180438406601,-1.0
8.16,0.0,0.0,0.15846886558391998,5.0485095775360005,-2.8985230875483,156.51024920242,620.1082840282501,-1.0
8.2,0.0,0.0,0.15759886258085998,5.109612570982,-2.8892555165636,156.28283062446002,620.2921066326,-1.0
8.24,0.0,0.0,0.15753470306735998,5.170236700843,-2.8783186315506,156.0554120465,620.5294049036701,-1.0
8.28,0.0,0.0,0.15706762180908,5.232967830478,-2.866345620589,155.7136542112,620.2954488617701,-1.0
8.32,0.0,0.0,0.1586151492747,5.295507414679,-2.8662880580363,155.27677115354,619.7807455695901,-1.0
8.36,0.0,0.0,0.15613602567305998,5.362739862013,-2.868648122697,154.96021205264,619.7339543612101,-1.0
8.4,0.0,0.0,0.15768355313868,5.4248005826290004,-2.8596683644758,154.73909315828,619.9445147989201,-1.0
8.44,0.0,0.0,0.15882559247897998,5.487914803132,-2.8565599866299998,154.48805076682,620.07820396572,-1.0
8.48,0.0,0.0,0.15675195700265998,5.55055016005,-2.8553511730233,154.25590742616,620.23863096588,-1.0
8.52,0.0,0.0,0.15709071923394,5.6128024261,-2.8533364836787998,154.09841533616,620.6965163621701,-1.0
8.56,0.0,0.0,0.15140618633783998,5.676874373773,-2.8563297364192,153.85587751756,620.8368899873101,-1.0
8.6,0.0,0.0,0.15335150278715998,5.738743548955,-2.8546604223909,153.58467613858002,620.8335477581401,-1.0
8.64,0.0,0.0,0.15449354212746,5.803677451081,-2.8585171134218,153.23094890444,620.62967177877,-1.0
8.68,0.0,0.0,0.15242760579276,5.866312807999,-2.8603015525555,152.98085146552,620.77004540391,-1.0
8.72,0.0,0.0,0.15316672338828,5.928660846766,-2.8638704308229,152.70965008654002,620.84691667482,-1.0
8.76,0.0,0.0,0.15470911809281998,5.992732794439,-2.8661729329309,152.42175454602,620.8335477581401,-1.0
8.8,0.0,0.0,0.15905400034703998,6.054506196904,-2.8630645550851,152.01668489054,620.3923735077001,-1.0
8.84,0.0,0.0,0.16139453939951998,6.117716190124,-2.8638704308229,151.67429708688002,620.24197319505,-1.0
8.88,0.0,0.0,0.16413030105516,6.180160001608,-2.8643884937972,151.32025486856,620.01135938232,-1.0
8.92,0.0,0.0,0.16286507544894,6.242412267658,-2.8620284291365,151.00873551454,619.91443473639,-1.0
8.96,0.0,0.0,0.16399941564762,0.023219343828999997,-2.8603015525555,150.6534333595,619.67045200698,-1.0
9.0,0.0,0.0,0.16793367701543999,0.084896973577,-2.859438114265,150.28080707456002,619.37633584002,-1.0
9.04,0.0,0.0,0.16666588502868,0.14820273951399998,-2.8537969841004,150.01149560066,619.45989156927,-1.0
9.08,0.0,0.0,0.16500287043876,0.210550778281,-2.8501705432803,149.66690290774,619.20922438152,-1.0
9.12,0.0,0.0,0.16453578918047998,0.27251572618000003,-2.8406151595321,149.38845689262,619.2459889023901,-1.0
9.16,0.0,0.0,0.16606791836286,0.336300355702,-2.8288723987813,149.16103831466,619.41978481923,-1.0
9.2,0.0,0.0,0.16280861507706,0.397403349148,-2.8194321401385,148.89078188822,619.49331386097,-1.0
9.24,0.0,0.0,0.16075037788398,0.458889433462,-2.8149998235806,148.65548870576,619.65039863196,-1.0
9.28,0.0,0.0,0.14035021897152,0.5210459267950001,-2.8128700091307,148.32160547496,619.4331537359101,-1.0
9.32,0.0,0.0,0.13072885832706,0.583106647411,-2.809934318943,148.06048358974002,619.56684290271,-1.0
9.36,0.0,0.0,0.12231113015586,0.647561685952,-2.8052717521743,148.1792326256,619.4064159025501,-1.0
9.4,0.0,0.0,0.11907492429491999,0.709622406568,-2.8145968857117,148.8910968724,619.5233939235001,-1.0
9.44,0.0,0.0,0.12141802972794,0.772928172505,-2.8259367085936,149.59792137232,619.40307367338,-1.0
9.48,0.0,0.0,0.12017590154657999,0.835755074857,-2.8472348530926,150.20269099792,619.13903756895,-1.0
9.52,0.0,0.0,0.09944211316391999,0.897624250039,-2.8592654266068998,150.88872654196,619.3629669233401,-1.0
9.56,0.0,0.0,0.07872885582558,0.961504652278,-2.8624889295580997,151.67933683376,619.82085231963,-1.0
9.6,0.0,0.0,0.08028664881335999,1.022511873007,-2.8546604223909,152.42616432454,620.11496848659,-1.0
9.64,0.0,0.0,0.08184444180113999,1.0869669115479998,-2.8475802284088,153.14936800182002,620.25534211173,-1.0
9.68,0.0,0.0,0.08300187942468,1.1498895866169998,-2.8419966607969,153.81933935268,620.2018664450101,-1.0
9.72,0.0,0.0,0.08495489501562,1.211567216365,-2.8412483476118,154.4426930449,620.0848884240601,-1.0
9.76,0.0,0.0,0.08611233263915999,1.2764053457739999,-2.8538545466531,155.05565225918002,619.89438136137,-1.0
9.8,0.0,0.0,0.08528339172473999,1.338849157258,-2.862891867427,155.69853497056002,619.8542746113301,-1.0
9.84,0.0,0.0,0.08604304036457999,1.4030168776479999,-2.8751526911521,156.38677540386,619.9712526322801,-1.0
9.88,0.0,0.0,0.08600967741756,1.466897279887,-2.8926517071729,157.07092104282,620.0147016114901,-1.0
9.92,0.0,0.0,0.08676675967686,1.5290537732199998,-2.8983503998902,157.70025943446,619.86095906967,-1.0
9.96,0.0,0.0,0.08633560774613999,1.5936045844779998,-2.8947815216228,158.34692195600002,619.75400773623,-1.0
10.0,0.0,0.0,0.0878857015923,1.6551864415089999,-2.8919033939878,158.961141107,619.54344729852,-1.0
10.04,0.0,0.0,0.08824756124843999,1.7181091165779998,-2.8891979540109,159.53472729878,619.20253992318,-1.0
10.08,0.0,0.0,0.08781640931771999,1.7814148825149998,-2.8948966467282,160.12847247808,618.97861056879,-1.0
10.12,0.0,0.0,0.08659481218067999,1.843092512263,-2.9009982773144,160.67811987218002,618.5675163808801,-1.0
10.16,0.0,0.0,0.08379489101153999,1.9077390962379999,-2.9056032815304,161.32446740954,618.52406740167,-1.0
10.2,0.0,0.0,0.08336630546136,1.969512498703,-2.9359963093559998,161.83505676532002,618.04278640119,-1.0
10.24,0.0,0.0,0.08372816511749999,2.0309028103,-2.9947676756627,162.4070680362,617.5815587757301,-1.0
10.28,0.0,0.0,0.0829069233447,2.094208576237,-2.9974155530869,163.01246763016002,617.3743405671901,-1.0
10.32,0.0,0.0,0.08603020846187999,2.155886205985,-3.0038625589893,163.71677225664,617.5147141923301,-1.0
10.36,0.0,0.0,0.11084710828368,2.220437017243,-2.9839459157551,164.40060291142,617.57487431739,-1.0
10.4,0.0,0.0,0.1226344941039,2.282210419708,-2.9963218645856,165.03214619232,617.4445273797601,-1.0
10.44,0.0,0.0,0.12179785404785999,2.3452288674940003,-2.9999483054057,165.65360997946001,617.24399362956,-1.0
10.48,0.0,0.0,0.12017333516604,2.40824731528,-3.0078919376782998,166.23507077574,616.9966686709801,-1.0
10.52,0.0,0.0,0.11894403888737999,2.470691126764,-3.0232035766965,167.02946087770002,617.4679229839501,-1.0
10.56,0.0,0.0,0.12637884331176,2.535050392588,-3.0264270796477,167.36964379210002,617.90241277605,-1.0
10.6,0.0,0.0,0.13852808878811998,2.596440704185,-3.0057621232284,166.9995373806,617.48129190063,-1.0
10.64,0.0,0.0,0.15185017017125998,2.66108728816,-3.0104246899971,166.60738207650002,617.33423381715,-1.0
10.68,0.0,0.0,0.16397888460329998,2.723243781493,-3.019462010771,166.06466433436,616.48864983714,-1.0
10.72,0.0,0.0,0.16430738131241998,2.785974911128,-3.0138784431591,165.93961561490002,617.02674873351,-1.0
10.76,0.0,0.0,0.16109940563741998,2.850046858801,-3.0063953113081,165.73298599282,617.23730917122,-1.0
10.8,0.0,0.0,0.16143046872708,2.9116287158320002,-2.9886084825238,165.57706882372,617.67179896332,-1.0
10.84,0.0,0.0,0.16254427788144,2.974838709052,-3.0008117436962,165.12002677854002,617.016722046,-1.0
10.88,0.0,0.0,0.16248011836794,3.037090975102,-2.9844064161767,164.96568453034,617.57153208822,-1.0
10.92,0.0,0.0,0.16045524412187998,3.09972633202,-2.9905080467629,164.88252870682,618.31350696396,-1.0
10.96,0.0,0.0,0.14784405014832,3.1635109615420003,-2.9940769250303,164.99844288506,619.68382092366,-1.0
11.0,0.0,0.0,0.15915408918809998,3.225092818573,-3.0007541811435,164.55337023872002,619.0120328604901,-1.0
11.04,0.0,0.0,0.15869983983251998,3.28839858451,-3.0152023818712,164.08876857322002,618.3770093181901,-1.0
11.08,0.0,0.0,0.16098648489366,3.350363532409,-3.0108851904187,163.85032554896,618.66778325598,-1.0
11.12,0.0,0.0,0.15661593883403999,3.412711571176,-3.0077768125729,163.67708424996002,619.06885075638,-1.0
11.16,0.0,0.0,0.16164347831189999,3.476783518849,-3.0130725674213,163.24114614484,618.53075186001,-1.0
11.2,0.0,0.0,0.15923364698484,3.537886512295,-3.0069133742824,162.93088672754,618.4271427557401,-1.0
11.24,0.0,0.0,0.16073497960073999,3.599468369326,-3.0014449317758998,162.6685049056,618.53075186001,-1.0
11.28,0.0,0.0,0.16106347630985998,3.662007953527,-3.0054167479122,162.30091836754002,618.2533468389,-1.0
11.32,0.0,0.0,0.16099931679635998,3.72416444686,-2.996436989691,161.99191888696,618.15976442214,-1.0
11.36,0.0,0.0,0.16211055957018,3.788906803552,-2.9970701777707,161.52763220564,617.54145202569,-1.0
11.4,0.0,0.0,0.16399941564762,3.8508717514510002,-2.9966096773490998,161.09799378412,617.01003758766,-1.0
11.44,0.0,0.0,0.16276242022734,3.9147521536900003,-2.9857303548888,160.74048673982,616.79947714995,-1.0
11.48,0.0,0.0,0.16035772166135998,3.978153692344,-2.9724909677677998,160.43117227506002,616.72260587904,-1.0
11.52,0.0,0.0,0.16107630821256,4.039735549375,-2.9567763908807,160.42455760728,617.70522125502,-1.0
11.56,0.0,0.0,0.1610147150796,4.103903269765,-2.9533802002714,160.27116031162,618.1463955054601,-1.0
11.6,0.0,0.0,0.1609505555661,4.165102035928,-2.9575247040658,160.08342974034002,618.43382721408,-1.0
11.64,0.0,0.0,0.15660310693134,4.2287908927330005,-2.9458970684204,159.9470415904,618.9852950271301,-1.0
11.68,0.0,0.0,0.15459619734906,4.290372749764,-2.9447458173664,159.81285832972,619.50668277765,-1.0
11.72,0.0,0.0,0.16115329962876,4.352720788531,-2.9566037032226,159.31234846770002,618.70120554768,-1.0
11.76,0.0,0.0,0.15914382366594,4.4153561454490005,-2.9619570206237,159.10823871906,619.06216629804,-1.0
11.8,0.0,0.0,0.15908223053297998,4.4767464570460005,-2.9810677881200998,158.84081715024,619.1557487148,-1.0
11.84,0.0,0.0,0.16174100077241998,4.542159222757,-3.0032869334623,158.10343918486,617.56484762988,-1.0
11.88,0.0,0.0,0.16284454440461998,4.602974898052,-3.0029415581461,157.8760206069,617.84559488016,-1.0
11.92,0.0,0.0,0.16006258789925998,4.665993345838,-3.004495747069,157.73679759934,618.41043160989,-1.0
11.96,0.0,0.0,0.16271879175815998,4.730639929813,-3.0090431887323,157.31030901962,617.8623060260101,-1.0
12.0,0.0,0.0,0.16265463224465998,4.790976741523,-2.9940193624776,157.17360588550002,618.43048498491,-1.0
12.04,0.0,0.0,0.161040378885,4.856006416366,-2.9683464639734,157.11785368564,619.20253992318,-1.0
12.08,0.0,0.0,0.15787346529864,4.917875591548,-2.9438823790759,156.85925167386,619.20253992318,-1.0
12.12,0.0,0.0,0.160527102777,4.981755993787,-2.917576292492,156.48001072114002,618.93181936041,-1.0
12.16,0.0,0.0,0.16085303310558,5.04582794146,-2.9015163402887,156.38677540386,619.63368748611,-1.0
12.2,0.0,0.0,0.15807877574183998,5.1070267076230005,-2.90836628406,156.18235067104,619.8977235905401,-1.0
12.24,0.0,0.0,0.15879222953195998,5.170715564428,-2.901458777736,155.90642452936,619.89438136137,-1.0
12.28,0.0,0.0,0.15524549162568,5.230573512553,-2.8725623762806,155.8380729623,620.64304069545,-1.0
12.32,0.0,0.0,0.15131636301894,5.292634233169,-2.8608771780825,155.7388529456,621.3014598419401,-1.0
12.36,0.0,0.0,0.15473991465929998,5.3581427715970005,-2.8730228767022,155.26165191290002,620.5294049036701,-1.0
12.4,0.0,0.0,0.15235831351818,5.417042992552,-2.8556389857868,155.17156643742,621.31817098779,-1.0
12.44,0.0,0.0,0.1526868102273,5.483221939999,-2.8601288648974,154.66349695508,620.48929815363,-1.0
12.48,0.0,0.0,0.15571770564503998,5.543558751709,-2.8539121092058,154.33465347116,620.39905796604,-1.0
12.52,0.0,0.0,0.15720363997769998,5.606289881344,-2.8414785978226,154.09810035198,620.6697785288101,-1.0
12.56,0.0,0.0,0.1517372494275,5.67122378347,-2.8388307203984,153.94596299304,621.08421494589,-1.0
12.6,0.0,0.0,0.148978390347,5.730028231708,-2.8435508497198,153.8079999222,621.58889155056,-1.0
12.64,0.0,0.0,0.14660448834749998,5.797452224476,-2.8422844735604,153.6205843351,621.87632325918,-1.0
12.68,0.0,0.0,0.14539059035208,5.857214399884,-2.8602439900028,153.41521464974002,622.15372828029,-1.0
12.72,0.0,0.0,0.1530461035029,5.920711711255,-2.8689359354604997,152.81453981848,620.97057915411,-1.0
12.76,0.0,0.0,0.15992400335009999,5.986124476966,-2.8688208103551,152.0881862994,619.36630915251,-1.0
12.8,0.0,0.0,0.16063232437914,6.045312016072,-2.8608771780825,151.72311963478,619.2927801107701,-1.0
12.84,0.0,0.0,0.16134064540818,6.111682508953,-2.8558692359976,151.51239521836,619.5935807360701,-1.0
12.88,0.0,0.0,0.16512605670468,6.172019320663,-2.8655973074039,150.91014546620002,618.43382721408,-1.0
12.92,0.0,0.0,0.16159984984272,6.234846223015,-2.8706628120415,150.7195800373,618.78476127693,-1.0
12.96,0.0,0.0,0.16461534697722,0.016994117224000002,-2.8580566130002,150.5384641338,619.11229973559,-1.0
13.0,0.0,0.0,0.16647340648818,0.076085883613,-2.8486739169101,150.51358038358,620.04812390319,-1.0
13.04,0.0,0.0,0.16794650891813998,0.14226483105999999,-2.8627767423216,150.09874621852,619.53676284018,-1.0
13.08,0.0,0.0,0.16596269676071998,0.202697415487,-2.8573658623678,149.8171503616,619.60026519441,-1.0
13.12,0.0,0.0,0.16436127530376,0.265524317839,-2.8507461688073,149.48578700424,619.4331537359101,-1.0
13.16,0.0,0.0,0.16621933481471998,0.33055399268200003,-2.8414210352699,149.06087334542002,618.90842375622,-1.0
13.2,0.0,0.0,0.16193347931292,0.38935844092,-2.8383126574240998,148.68100242434002,618.5875697559001,-1.0
13.24,0.0,0.0,0.14729484471276,0.452759979574,-2.851954982414,148.18521732502,617.8656482551801,-1.0
13.28,0.0,0.0,0.13612082384159999,0.513288336718,-2.8502856683857,147.97071309844,618.2366356930501,-1.0
13.32,0.0,0.0,0.13070062814112,0.576689875372,-2.8333047153392,148.11529083706,619.70053206951,-1.0
13.36,0.0,0.0,0.12222130683695999,0.641336459347,-2.8243825196707,148.18647726174,619.27606896492,-1.0
13.4,0.0,0.0,0.12255750268769999,0.701002862038,-2.8033721879352,148.81140587486001,619.1056152772501,-1.0
13.44,0.0,0.0,0.12710512900458,0.768714172957,-2.8171296380305,149.9478687963,620.6931741330001,-1.0
13.48,0.0,0.0,0.12016820240496,0.828859439233,-2.8460836020386,150.42380989228002,619.94117256975,-1.0
13.52,0.0,0.0,0.09870042918786,0.892260977887,-2.865194369535,150.94731359944,619.51002500682,-1.0
13.56,0.0,0.0,0.076863097173,0.957769516315,-2.8740014400981,151.73193919182,619.98127931979,-1.0
13.6,0.0,0.0,0.08065877399166,1.0167655099869999,-2.8725048137279,152.47467188826002,620.1818130699901,-1.0
13.64,0.0,0.0,0.07986319602426,1.086009184378,-2.8667485584578998,153.22275931576002,620.46590254944,-1.0
13.68,0.0,0.0,0.08174178657954,1.1456755870689999,-2.8528759832572,153.85367262830002,620.28876440343,-1.0
13.72,0.0,0.0,0.08514737355612,1.209268671157,-2.8501705432803,154.46978168438,620.1249951741,-1.0
13.76,0.0,0.0,0.08473161990863999,1.275351845887,-2.8563872989719,155.19645018764,620.38568904936,-1.0
13.8,0.0,0.0,0.08660764408338,1.333007021521,-2.8615103661622,155.64467267578001,619.57686959022,-1.0
13.84,0.0,0.0,0.08581206611598,1.4030168776479999,-2.8689934980132,156.62899823828002,620.8335477581401,-1.0
13.88,0.0,0.0,0.08616109386941999,1.4645029619619998,-2.8770522553912,157.61521370586001,621.9130877800501,-1.0
13.92,0.0,0.0,0.08727233664324,1.5267552280119998,-2.9129137257232998,158.00232926308001,620.73662311221,-1.0
13.96,0.0,0.0,0.08609436797537999,1.593508811761,-2.9144103520935,158.4366924473,619.98127931979,-1.0
14.0,0.0,0.0,0.08796525938904,1.6503978056589999,-2.908941909587,158.91420846418,619.3395713191501,-1.0
14.04,0.0,0.0,0.08793189644202,1.7176302529929999,-2.9274194890037,159.31423837278,618.45722281827,-1.0
14.08,0.0,0.0,0.08599684551485999,1.7775839738349999,-2.9128561631706,159.83081242798002,617.9859685053,-1.0
14.12,0.0,0.0,0.08558365824792,1.8394531490169999,-2.9124532253017,160.4982639054,617.9859685053,-1.0
14.16,0.0,0.0,0.08479064666106,1.9055363237469998,-2.9251169868957,161.15941569922,617.99265296364,-1.0
14.2,0.0,0.0,0.08361781075428,1.9637661356829998,-2.9461848811838998,161.86624019914,618.15976442214,-1.0
14.24,0.0,0.0,0.08396683850771999,2.0085877672390002,-3.0095036891538998,162.43447165986,617.7185901717,-1.0
14.28,0.0,0.0,0.08355365124078,2.074862487403,-2.980895100462,163.07609443452,617.59492769241,-1.0
14.32,0.0,0.0,0.08959747741247999,2.134241571943,-2.9907958595264,163.80717271630002,617.83222596348,-1.0
14.36,0.0,0.0,0.1108163117172,2.201761337428,-2.9815858510943998,164.34138588558,617.3509449630001,-1.0
14.4,0.0,0.0,0.11722199754504,2.262098149138,-2.99471011311,164.86362965602,616.85629504584,-1.0
14.44,0.0,0.0,0.12514184789148,2.3256912332260002,-2.9983941164828,165.57612387118002,617.05348656687,-1.0
14.48,0.0,0.0,0.12509565304175999,2.3906251353520003,-3.0013298066705,166.06434935018,616.45188531627,-1.0
14.52,0.0,0.0,0.11898510097602,2.450483083477,-2.9983941164828,166.9223662565,617.23730917122,-1.0
14.56,0.0,0.0,0.12234962586395999,2.516087394622,-2.9937315497141,167.34633496278002,617.94586175526,-1.0
14.6,0.0,0.0,0.12987425360724,2.57584957003,-2.9595393934103,167.34255515262,618.7981301936101,-1.0
14.64,0.0,0.0,0.14912980679885998,2.639442654118,-2.9783047855905,166.7554246411,617.7720658384201,-1.0
14.68,0.0,0.0,0.16193604569345998,2.702939965489,-2.9884357948657,166.27948354512,617.10696223359,-1.0
14.72,0.0,0.0,0.1649027815977,2.762414822746,-2.9806648502512,165.9301660895,616.9164551709,-1.0
14.76,0.0,0.0,0.16143560148816,2.82773181574,-2.9852122919145,165.82496137338,617.61163883826,-1.0
14.8,0.0,0.0,0.16250834855388,2.887589763865,-3.0068558117297,165.45705985114,617.33757604632,-1.0
14.84,0.0,0.0,0.16509269375765998,2.949554711764,-3.007373874704,165.0781338826,617.03009096268,-1.0
14.88,0.0,0.0,0.1623877286685,3.0138182048710003,-2.9954008637424,165.07435407244,618.00936410949,-1.0
14.92,0.0,0.0,0.15515310192624,3.073101516694,-2.966504462287,165.21798685852002,619.39973144421,-1.0
14.96,0.0,0.0,0.15962373682692,3.138418509688,-2.9897597335778,164.73669103148,618.58088529756,-1.0
15.0,0.0,0.0,0.16484375484528,3.199425730417,-3.0235489520127,164.13286635842002,617.59158546324,-1.0
15.04,0.0,0.0,0.16138684025789998,3.260911814731,-3.0120940040254,164.08971352576,618.5173829433301,-1.0
15.08,0.0,0.0,0.16245702094307998,3.32574994414,-3.0084100006526,163.61881217666001,617.80548813012,-1.0
15.12,0.0,0.0,0.16352720162825998,3.385320574114,-2.9929256739763,163.46069011830002,618.31684919313,-1.0
15.16,0.0,0.0,0.16421755799352,3.45121220341,-2.9958038016113,163.00018324714,617.66511450498,-1.0
15.2,0.0,0.0,0.16227480792474,3.513081378592,-3.0017903070921,162.55952037932002,617.19386019201,-1.0
15.24,0.0,0.0,0.16146126529356,3.572268917698,-2.987802606786,162.56393015784002,618.28008467226,-1.0
15.28,0.0,0.0,0.16403277859464,3.638160546994,-2.9823341642795,162.27981442748,618.2600312972401,-1.0
15.32,0.0,0.0,0.16321923596346,3.6973480861,-2.9909109846318,162.00136841236002,618.2132400888601,-1.0
15.36,0.0,0.0,0.16203100177344,3.76343126083,-2.9916017352642,161.53204198416,617.5147141923301,-1.0
15.4,0.0,0.0,0.16234410019932,3.8256835268800002,-2.9818736638579,161.11783778746002,617.13370006695,-1.0
15.44,0.0,0.0,0.16416109762164,3.885349929571,-2.9698430903436,160.92853229528,617.4679229839501,-1.0
15.48,0.0,0.0,0.15997019819982,3.951050013433,-2.9680010886572,160.73324210368,617.8422526509901,-1.0
15.52,0.0,0.0,0.16066055456508,4.008800961784,-2.9602877065954,160.614808052,618.36029817234,-1.0
15.56,0.0,0.0,0.16172560248918,4.075363000099,-2.956718828328,160.30801346068,618.20655563052,-1.0
15.6,0.0,0.0,0.16241595885444,4.138668766036,-2.94290381568,159.90357377356,617.82888373431,-1.0
15.64,0.0,0.0,0.15935426687022,4.199675986765,-2.9336362446953,159.75049146208002,618.34358702649,-1.0
15.68,0.0,0.0,0.16191808102968,4.269015433873,-2.9451487552353,159.32305792982,617.87567494269,-1.0
15.72,0.0,0.0,0.16185905427726,4.329352245583,-2.9451487552353,158.87263055242002,617.3275493588101,-1.0
15.76,0.0,0.0,0.16067338646777998,4.394956556728,-2.9414071893098,158.64174714848002,617.5815587757301,-1.0
15.8,0.0,0.0,0.16061435971535998,4.459315822552,-2.9435945663124,158.64111718012,618.60093867258,-1.0
15.84,0.0,0.0,0.16205153281776,4.518407588941,-2.9554524521686,158.39763440898,618.66444102681,-1.0
15.88,0.0,0.0,0.16124312294766,4.582000673029,-2.9610360197805,158.37338062712,619.5735273610501,-1.0
15.92,0.0,0.0,0.15557142195426,4.639847394097,-2.9670225252613,158.42818787444,620.75333425806,-1.0
15.96,0.0,0.0,0.14654289521454,4.700279978524,-2.9717426545827,158.59953926836002,622.40773769721,-1.0
16.0,0.0,0.0,0.14648643484266,4.760712562951,-2.9128561631706,158.35857637066002,622.50132011397,-1.0
16.04,0.0,0.0,0.16025506643975998,4.822198647265,-2.922756922235,157.56450125288,620.7265964247,-1.0
16.08,0.0,0.0,0.15832771465422,4.887994503844,-2.9161372286744998,156.90775923758002,619.58355404856,-1.0
16.12,0.0,0.0,0.16050657173268,4.949672133592,-2.9111292865896,156.34645742882,618.67780994349,-1.0
16.16,0.0,0.0,0.15932860306482,5.013935626699,-2.9027827164481,155.9624917134,618.39372046404,-1.0
16.2,0.0,0.0,0.15889488475355998,5.07743293807,-2.8961630228876,155.86831144358,619.0120328604901,-1.0
16.24,0.0,0.0,0.1577169160857,5.136045840874,-2.8753253788102,156.01698397654002,620.4358224869101,-1.0
16.28,0.0,0.0,0.15579469706124,5.1999262431130004,-2.865194369535,156.05068728380002,621.40506894621,-1.0
16.32,0.0,0.0,0.15573823668936,5.2613165547100005,-2.8523003577301997,155.87776096898,621.68915842566,-1.0
16.36,0.0,0.0,0.14636838133781999,5.369731270354,-2.8422844735604,155.44024794296,621.15440175846,-1.0
16.4,0.0,0.0,0.15115468104492,5.431600445536,-2.8493071049898,155.12998852566,621.13434838344,-1.0
16.44,0.0,0.0,0.14849334442494,5.493852711586,-2.8581717381056,155.02887860388,621.84624319665,-1.0
16.48,0.0,0.0,0.15141388547946,5.556009204919,-2.8603015525555,154.67357644884,621.57218040471,-1.0
16.52,0.0,0.0,0.14912724041831998,5.620081152592,-2.8773400681547,154.21054970424,620.9605524666,-1.0
16.56,0.0,0.0,0.15985214469498,5.684344645699,-2.8807938213167,153.53081384380002,619.58021181939,-1.0
16.6,0.0,0.0,0.1579350584316,5.748416593372,-2.8926517071729,152.96132244636001,618.63101873511,-1.0
16.64,0.0,0.0,0.15639009734651999,5.813829359083,-2.8875286399826,152.75941758698002,619.04211292302,-1.0
16.68,0.0,0.0,0.15336176830932,5.875794306982,-2.8771098179439,152.94210841138002,620.66643629964,-1.0
16.72,0.0,0.0,0.1481058209634,5.938812754768,-2.8721594384117,152.93801361704,621.52204696716,-1.0
16.76,0.0,0.0,0.14990742010247998,6.001735429837,-2.8638128682702,152.66303242790002,621.45854461293,-1.0
16.8,0.0,0.0,0.15652868189567998,6.064945423057,-2.8718140630955,151.95778284888002,619.9712526322801,-1.0
16.84,0.0,0.0,0.16351436972556,6.127963870843,-2.8856290757435,151.37758198932002,619.06885075638,-1.0
16.88,0.0,0.0,0.16530826972301998,6.190503455044,-2.8832114485301,150.91361029218,618.5173829433301,-1.0
16.92,0.0,0.0,0.16413543381624,6.254288084566,-2.8741165652035,150.64429881828002,618.58422752673,-1.0
16.96,0.0,0.0,0.16481552465934,0.033945888133,-2.8627191797689,150.44995357922002,618.8883703812,-1.0
17.0,0.0,0.0,0.16660429189571999,0.097538972221,-2.846774352671,150.48523180738002,620.0147016114901,-1.0
17.04,0.0,0.0,0.16432277959566,0.160940510875,-2.8399819714524,150.43168449678,620.77004540391,-1.0
17.08,0.0,0.0,0.16389162766493998,0.223480095076,-2.841593722928,149.99732131256002,620.17512861165,-1.0
17.12,0.0,0.0,0.16457171850803998,0.28755204274900004,-2.8368160310539,149.50405608668,619.44986488176,-1.0
17.16,0.0,0.0,0.16635791936387997,0.350570490535,-2.838715595293,149.08386719056,618.99532171464,-1.0
17.2,0.0,0.0,0.16075294426452,0.41492975635900003,-2.8212741418249,148.90810601812,619.41978481923,-1.0
17.24,0.0,0.0,0.15478354312848,0.477565113277,-2.8126397589199,148.75187386484,619.8743279863501,-1.0
17.28,0.0,0.0,0.14549581195421998,0.540104697478,-2.8172447631359,148.53516474900002,620.10159956991,-1.0
17.32,0.0,0.0,0.13362886833725998,0.603985099717,-2.8132729469996,148.27530280050001,620.19518198667,-1.0
17.36,0.0,0.0,0.11513039740494,0.66614159305,-2.8078620670458,148.28916210442,619.6637675486401,-1.0
17.4,0.0,0.0,0.11656243774625999,0.727914995515,-2.8046961266473,148.88448220462,619.4298115067401,-1.0
17.44,0.0,0.0,0.12131280812579999,0.791124988735,-2.8094162559687,149.64107420498001,619.63034525694,-1.0
17.48,0.0,0.0,0.11315941715021999,0.852802618483,-2.8291602115448,150.29529634684002,619.61363411109,-1.0
17.52,0.0,0.0,0.09137854550723999,0.914959111816,-2.8451050386427,151.01188535634,619.88435467386,-1.0
17.56,0.0,0.0,0.07697858429729999,0.977881786885,-2.8452777263008,151.79021126512,620.23194650754,-1.0
17.6,0.0,0.0,0.08026611776904,1.039559416633,-2.8406151595321,152.39151606474002,619.98462154896,-1.0
17.64,0.0,0.0,0.08170842363252,1.104589091476,-2.8406151595321,153.18149638818002,620.41911134106,-1.0
17.68,0.0,0.0,0.08131063464881999,1.1662667212239999,-2.8367009059484998,153.88769091974,620.5093515286501,-1.0
17.72,0.0,0.0,0.08311993292952,1.2281358964059998,-2.8380824072133,154.55419744462,620.56951165371,-1.0
17.76,0.0,0.0,0.0841901136147,1.2921120713619998,-2.851379356887,155.24968251406,620.63969846628,-1.0
17.8,0.0,0.0,0.08599684551485999,1.3524488830719998,-2.8562146113138,155.68625058754,619.82085231963,-1.0
17.84,0.0,0.0,0.08670003378282,1.412689922065,-2.8833841361881998,156.23778788672,619.49665609014,-1.0
17.88,0.0,0.0,0.08593525238189999,1.4751337335489998,-2.893400020358,156.94587232336002,619.65039863196,-1.0
17.92,0.0,0.0,0.08663844064986,1.535374772542,-2.9028402790008,157.6051342121,619.58689627773,-1.0
17.96,0.0,0.0,0.08697207012005999,1.5982016748939998,-2.9030129666589,158.24266219242,619.44986488176,-1.0
18.0,0.0,0.0,0.08767525838802,1.6612201226799999,-2.9025524662373,158.81341352658,619.10895750642,-1.0
18.04,0.0,0.0,0.08800888785821999,1.723855479598,-2.899156275628,159.38542479746002,618.7546812144001,-1.0
18.08,0.0,0.0,0.08687711404008,1.788118972705,-2.8936302705688,160.12122784194,619.0354284646801,-1.0
18.12,0.0,0.0,0.08721074351027999,1.8490304207169999,-2.895702522466,160.70741340092002,618.687836631,-1.0
18.16,0.0,0.0,0.08424914036711999,1.9125277320879999,-2.9012285275252,161.3597456377,618.66444102681,-1.0
18.2,0.0,0.0,0.08385135138342,1.9747799981379999,-2.930815679613,161.87537474036,618.2165823180301,-1.0
18.24,0.0,0.0,0.08345612878026,2.040288536566,-2.9925802986601,162.54912590138002,618.10963098459,-1.0
18.28,0.0,0.0,0.08342533221378,2.102828120767,-2.9978760535085,163.04428103234,617.5113719631601,-1.0
18.32,0.0,0.0,0.08558879100899999,2.1632607051940003,-3.0074889998094,163.61251249306002,617.19051796284,-1.0
18.36,0.0,0.0,0.11371118896631999,2.2271411074330003,-2.9937315497141,164.20814757744,616.96658860845,-1.0
18.4,0.0,0.0,0.12573211541568,2.287190600992,-3.0005814934854,164.72157179084002,616.45856977461,-1.0
18.44,0.0,0.0,0.12787760954712,2.3512625486650003,-2.995861364164,165.40351254054002,616.55215219137,-1.0
18.48,0.0,0.0,0.12527273329902,2.4139936783000002,-3.0002936807219,166.13459082232,616.79947714995,-1.0
18.52,0.0,0.0,0.13107018693887998,2.475192444463,-3.0114608159457,166.85086484764003,616.91979740007,-1.0
18.56,0.0,0.0,0.13394196676314,2.5403178920230003,-3.0236640771181,167.07387364708,616.9532196917701,-1.0
18.6,0.0,0.0,0.14410740008207998,2.601133567318,-2.9901626714467,166.92047635142,617.36765610885,-1.0
18.64,0.0,0.0,0.1575501013506,2.668653332803,-2.9728939056367,166.74156533718002,617.7954614426101,-1.0
18.68,0.0,0.0,0.16259560549223998,2.731767553306,-2.969958215449,166.47288383164002,617.8155148176301,-1.0
18.72,0.0,0.0,0.16253657873982,2.794690228375,-2.9677708384464,166.24515026950002,617.9592306719401,-1.0
18.76,0.0,0.0,0.16174869991403998,2.859815675935,-2.9719153422408,165.91095205452,617.7954614426101,-1.0
18.8,0.0,0.0,0.16314737730834,2.920822896664,-2.9799740996187998,165.59124311182,617.71190571336,-1.0
18.84,0.0,0.0,0.16272392451923998,2.98575679879,-2.9954584262951,165.1616046903,617.1871757336701,-1.0
18.88,0.0,0.0,0.16339118345964,3.048296382991,-3.0049562474906,164.80315269346002,617.00669535849,-1.0
18.92,0.0,0.0,0.16187701894103998,3.111410603494,-3.0091583138377,164.60219278662,617.3242071296401,-1.0
18.96,0.0,0.0,0.16290870391811998,3.175961414752,-3.001617619434,164.55935493814002,618.17981779716,-1.0
19.0,0.0,0.0,0.16321410320238,3.236777090047,-3.0143389435806998,164.31177737266,618.2533468389,-1.0
19.04,0.0,0.0,0.16169993868378,3.3018067648900002,-3.0112881282876,164.10388781386,618.4873028808,-1.0
19.08,0.0,0.0,0.16091462623854,3.364154803657,-3.0178502592954,163.70007809510003,618.08957760957,-1.0
19.12,0.0,0.0,0.16376074225739998,3.4273647968770002,-3.0121515665781,163.2480757968,617.5113719631601,-1.0
19.16,0.0,0.0,0.16370171550498,3.491532517267,-3.0103671274444,162.76961482738,616.89974402505,-1.0
19.2,0.0,0.0,0.16182825771078,3.553210147015,-3.0112881282876,162.46093033098,616.81953052497,-1.0
19.24,0.0,0.0,0.16430994769295998,3.6164201402350002,-2.9973004279815,162.33525164316,617.4411851505901,-1.0
19.28,0.0,0.0,0.1627983495549,3.678385088134,-2.9912563599479998,162.18531917348,617.86899048435,-1.0
19.32,0.0,0.0,0.16128931779737998,3.740637354184,-2.9804921625931,162.14594615098002,618.6811521726601,-1.0
19.36,0.0,0.0,0.16014471207654,3.80365580197,-2.982621977043,161.84356133818,618.5675163808801,-1.0
19.4,0.0,0.0,0.16153569032922,3.864471477265,-2.9764052213514,161.53393188924002,618.43716944325,-1.0
19.44,0.0,0.0,0.16183852323293998,3.92911806124,-2.9666771499451,161.10618337280002,617.9859685053,-1.0
19.48,0.0,0.0,0.16105577716824,3.992136509026,-2.9621872708345,160.61858786216,617.3275493588101,-1.0
19.52,0.0,0.0,0.16317047473319998,4.055633820397,-2.9632233967831,160.3045486347,617.2506780879,-1.0
19.56,0.0,0.0,0.1623877286685,4.119226904485,-2.957870079382,160.032087319,617.3476027338301,-1.0
19.6,0.0,0.0,0.16269056157221998,4.181383397818,-2.9522289492174,159.80025896252002,617.50468750482,-1.0
19.64,0.0,0.0,0.16118666257578,4.246604618095,-2.9494083841350998,159.59425930880002,617.7954614426101,-1.0
19.68,0.0,0.0,0.16293436772352,4.307324520673,-2.9505596351891,159.39581927540002,618.05949754704,-1.0
19.72,0.0,0.0,0.16251348131496,4.37063028661,-2.9504445100837,159.15422640934,618.17313333882,-1.0
19.76,0.0,0.0,0.15992656973063998,4.433936052547,-2.9595969559629998,158.86255105866002,618.15642219297,-1.0
19.8,0.0,0.0,0.16203613453451998,4.496379864031,-2.9861332927577,158.49590947314002,617.78209252593,-1.0
19.84,0.0,0.0,0.15981364898688,4.56409117495,-2.9963794271383,157.84987691996,616.66244575398,-1.0
19.88,0.0,0.0,0.15975462223446,4.628929304359,-3.0017327445394,157.52859305636002,616.63905014979,-1.0
19.92,0.0,0.0,0.16077860806991998,4.696449069844,-3.0160658201617,157.36322636186,617.1169889211001,-1.0
19.96,0.0,0.0,0.16216188718097999,4.764064608046,-3.0172746337684,157.07407088462,617.08690885857,-1.0
20.0,0.0,0.0,0.16246472008469998,4.824401419756,-2.9823917268322,157.10525431844002,618.2199245472,-1.0
20.04,0.0,0.0,0.15772461522731998,4.889909958184,-2.9315639927981,157.05296694456,618.9552149646,-1.0
20.08,0.0,0.0,0.15910789433838,4.949480588158,-2.8891979540109,157.00792420682,619.71724321536,-1.0
20.12,0.0,0.0,0.15941072724209998,5.010487808887,-2.8791245072883997,156.85358195862,620.2252620492001,-1.0
20.16,0.0,0.0,0.15647478790434,5.073506256673,-2.8798152579208,156.74113260636,620.7934410081,-1.0
20.2,0.0,0.0,0.15318212167151998,5.134034613817,-2.8862047012705,156.37701089428,620.47258700778,-1.0
20.24,0.0,0.0,0.15923877974592,5.200309333981,-2.8826358230031,155.85665702892,619.70053206951,-1.0
20.28,0.0,0.0,0.15989833954469998,5.261891191012,-2.8770522553912,155.58797552338,619.8509323821601,-1.0
20.32,0.0,0.0,0.14834706073415999,5.324335002496,-2.8581717381056,155.64750753340002,621.1610862168001,-1.0
20.36,0.0,0.0,0.15224539277441998,5.35517381737,-2.865194369535,155.47206134514002,621.4217800920601,-1.0
20.4,0.0,0.0,0.15757319877546,5.416851447118,-2.8666909959052,154.92178398268,620.4124268827201,-1.0
20.44,0.0,0.0,0.16002922495223998,5.483317712716,-2.8866076391393998,154.25181263182,619.0889041314,-1.0
20.48,0.0,0.0,0.15817886458289998,5.546910796804,-2.892248769304,154.0395132945,619.51336723599,-1.0
20.52,0.0,0.0,0.15812240421102,5.607151835797,-2.8849383251111,154.00612497142,620.44584917442,-1.0
20.56,0.0,0.0,0.15483743711981998,5.671798419772,-2.881887509818,153.84359313454001,620.82352107063,-1.0
20.6,0.0,0.0,0.15836621036232,5.731369049746,-2.8944937088593,153.49490564728,620.54277382035,-1.0
20.64,0.0,0.0,0.15616168947846,5.797739542627,-2.8898311420905998,153.11881453636002,620.18515529916,-1.0
20.68,0.0,0.0,0.1575372694479,5.861332626715,-2.8928819573837,152.6315340099,619.46991825678,-1.0
20.72,0.0,0.0,0.16070161665372,5.921477892991,-2.8976020867051,152.50081557520002,620.1082840282501,-1.0
20.76,0.0,0.0,0.14132287719618,5.985549840664,-2.9097477853248,152.9953407378,622.81548965595,-1.0
20.8,0.0,0.0,0.15808390850291998,6.047035924978,-2.9179792303609,152.11716484396,620.52272044533,-1.0
20.84,0.0,0.0,0.16160241622326,6.110916327217,-2.8972567113889,151.60405561474002,619.82085231963,-1.0
20.88,0.0,0.0,0.16440233739239998,6.174126320437,-2.8834416987409,151.385771578,620.23528873671,-1.0
20.92,0.0,0.0,0.16255710978413998,6.23436735943,-2.8783186315506,151.04306879016002,619.9712526322801,-1.0
20.96,0.0,0.0,0.16107117545147998,0.015270208318,-2.871526250332,151.07173235054,621.0908994042301,-1.0
21.0,0.0,0.0,0.15173211666642,0.076947838066,-2.8762463796534,150.91613016562002,621.56883817554,-1.0
21.04,0.0,0.0,0.1655957043435,0.14015783128599998,-2.8878740152988,150.03007966728,619.27941119409,-1.0
21.08,0.0,0.0,0.16589340448613998,0.20375091537399997,-2.8632372427432,149.96267305276,620.28542217426,-1.0
21.12,0.0,0.0,0.16440747015347998,0.26360886349900003,-2.8582293006583,149.47035277942,619.49331386097,-1.0
21.16,0.0,0.0,0.16648880477142,0.32806390204,-2.8357799051053,149.37207771526002,620.14839077829,-1.0
21.2,0.0,0.0,0.163221802344,0.389645759071,-2.8171872005832,148.97393771174,619.70053206951,-1.0
21.24,0.0,0.0,0.15888975199247998,0.450461434366,-2.8245552073288,148.53327484392,619.1022730480801,-1.0
21.28,0.0,0.0,0.14066845015847998,0.514246063888,-2.8228283307478,148.28695721516002,619.30949125662,-1.0
21.32,0.0,0.0,0.1302951400158,0.573816693862,-2.8083801300201,148.17986259396,619.91443473639,-1.0
21.36,0.0,0.0,0.12953805775649999,0.639133686856,-2.8253610830666,148.45988352998,620.28207994509,-1.0
21.4,0.0,0.0,0.13198125203058,0.7029183163780001,-2.8164964499508,149.26529807824002,620.79678323727,-1.0
21.44,0.0,0.0,0.12375600239988,0.765936764164,-2.8270879596476,149.87636738744,620.40908465355,-1.0
21.48,0.0,0.0,0.12015537050226,0.830296029988,-2.8699144988564,150.23261449502002,619.41978481923,-1.0
21.52,0.0,0.0,0.1090968367554,0.889962432679,-2.8746921907305,150.82541472178002,619.30614902745,-1.0
21.56,0.0,0.0,0.07815398658462,0.954800562088,-2.8669788086687,151.67807689704,619.99799046564,-1.0
21.6,0.0,0.0,0.08025585224687999,1.019159827912,-2.862891867427,152.56507234792002,620.70654304968,-1.0
21.64,0.0,0.0,0.07987346154642,1.0839021846039998,-2.8611074282933,153.31410472796,620.92044571656,-1.0
21.68,0.0,0.0,0.08232692134266,1.148069904994,-2.8577688002367,153.89304565080002,620.5929072579,-1.0
21.72,0.0,0.0,0.08300701218576,1.2091728984399999,-2.8449323509846,154.60553986596,620.80346769561,-1.0
21.76,0.0,0.0,0.08439799043844,1.2745856641509998,-2.8455079765116,155.45788705704,621.5120202796501,-1.0
21.8,0.0,0.0,0.08472135438648,1.339040702692,-2.8476377909615,156.05919185666002,621.18113959182,-1.0
21.84,0.0,0.0,0.08575560574409999,1.4034957412329998,-2.8785488817614,156.63718782696,620.93381463324,-1.0
21.88,0.0,0.0,0.08643313020665999,1.467471916189,-2.8964508356511,157.17896061656,620.48929815363,-1.0
21.92,0.0,0.0,0.08675649415469999,1.5285749096349999,-2.912395662749,157.7106539124,620.00467492398,-1.0
21.96,0.0,0.0,0.08743401861726,1.592838402742,-2.9251169868957,158.19604453378,619.43649596508,-1.0
22.0,0.0,0.0,0.08811154307982,1.6560483959619998,-2.9173460422812,158.74726684878001,618.9886372563001,-1.0
22.04,0.0,0.0,0.08878650116183999,1.71964148005,-2.9080209087438,159.3674706992,618.8449214019901,-1.0
22.08,0.0,0.0,0.08698746840329999,1.7830430187039998,-2.9056032815304,160.05917595848,618.92513490207,-1.0
22.12,0.0,0.0,0.08589675667379999,1.843762921282,-2.911820037222,160.64189669148,618.5441207766901,-1.0
22.16,0.0,0.0,0.08516020545882,1.9087925961249999,-2.9108990363788,161.30493839038002,618.58088529756,-1.0
22.2,0.0,0.0,0.08406949372931999,1.9713321803259998,-2.9410042514409,161.86277537316002,618.2199245472,-1.0
22.24,0.0,0.0,0.08580436697435999,2.014525675693,-2.9740451566907,162.34312624766,617.5849010049001,-1.0
22.28,0.0,0.0,0.08577357040788,2.079076486951,-2.9644322103898,162.97970927544,617.38770948387,-1.0
22.32,0.0,0.0,0.08574534022194,2.1426695710390002,-2.9925802986601,163.64306595852,617.39105171304,-1.0
22.36,0.0,0.0,0.10476222002334,2.207316155014,-2.9907958595264,164.29634314784002,617.33423381715,-1.0
22.4,0.0,0.0,0.1177712029806,2.2721542844230003,-3.0035747462258,164.97670897664,617.36097165051,-1.0
22.44,0.0,0.0,0.12548574288383998,2.333353050586,-3.0070860619405,165.54935021588,617.0501443377,-1.0
22.48,0.0,0.0,0.12508795390014,2.397520770976,-3.0162960703725,166.12104650258001,616.70255250402,-1.0
22.52,0.0,0.0,0.1268048624814,2.460251900611,-3.0259090166734,166.59194785168,616.07421342006,-1.0
22.56,0.0,0.0,0.13802764458282,2.522121075793,-3.0275783307017,166.88929291760002,616.33156506615,-1.0
22.6,0.0,0.0,0.14642740809024,2.5846606599940003,-2.9958038016113,166.80267226810003,616.88971733754,-1.0
22.64,0.0,0.0,0.15622841537249998,2.645859426157,-2.9942496126884,166.64455020974,617.43784292142,-1.0
22.68,0.0,0.0,0.16320897044129998,2.708207464924,-2.9962643020329,166.29145294396,617.1370422961201,-1.0
22.72,0.0,0.0,0.16525950849276,2.770363958257,-3.0004088058273,165.95095504538,616.96658860845,-1.0
22.76,0.0,0.0,0.16274188918302,2.831945815288,-3.00046636838,165.69487290704,617.07353994189,-1.0
22.8,0.0,0.0,0.16303702294511999,2.894581172206,-2.9985668041409,165.44572042066,617.24065140039,-1.0
22.84,0.0,0.0,0.16508499461603998,2.954822211199,-3.0025386202771998,165.28381855214002,617.64506112996,-1.0
22.88,0.0,0.0,0.16292153582082,3.017840658985,-3.0009268688016,165.03340612904,617.74198577589,-1.0
22.92,0.0,0.0,0.16216188718097999,3.080667561337,-3.0103095648917,164.83307619056,618.05615531787,-1.0
22.96,0.0,0.0,0.16210542680909998,3.142153645651,-3.0133028176321,164.57793900476,618.15642219297,-1.0
23.0,0.0,0.0,0.16520561450142,3.20507632072,-3.0172170712157,164.30894251504,618.2533468389,-1.0
23.04,0.0,0.0,0.16234153381878,3.265604677864,-3.0127847546578,164.016637196,618.1865022555,-1.0
23.08,0.0,0.0,0.16298569533432,3.329197761952,-3.017159508663,163.68023409176,617.9859685053,-1.0
23.12,0.0,0.0,0.16362985684985998,3.392503527889,-3.0221674507479,163.32241206328,617.75535469257,-1.0
23.16,0.0,0.0,0.16357339647798,3.4539896122030003,-3.0229733264857,162.8905687525,617.26404700458,-1.0
23.2,0.0,0.0,0.16246472008469998,3.5171038327060002,-3.0276358932544,162.48612906538,616.85295281667,-1.0
23.24,0.0,0.0,0.1592567444097,3.576482917246,-3.0204405741669,162.1487810086,616.68584135817,-1.0
23.28,0.0,0.0,0.16235179934094,3.640746410353,-3.0128423172105,161.95475075372002,617.0668554835501,-1.0
23.32,0.0,0.0,0.16194374483507998,3.704339494441,-3.0035747462258,161.78402932816002,617.42781623391,-1.0
23.36,0.0,0.0,0.1618872844632,3.766591760491,-2.9955159888478,161.49959861362,617.3709983380201,-1.0
23.4,0.0,0.0,0.16253144597874,3.8302806172960002,-2.9869967310482,161.21737278834001,617.38102502553,-1.0
23.44,0.0,0.0,0.16247498560686,3.892341337912,-2.9784199106959,160.91120816538,617.31083821296,-1.0
23.48,0.0,0.0,0.16032179233379998,3.9572752400380002,-2.9703035907652,160.57826988712,617.1838335045001,-1.0
23.52,0.0,0.0,0.16131241522224,4.020293687824,-2.9719729047935,160.26076583368,617.03009096268,-1.0
23.56,0.0,0.0,0.16300109361756,4.081971317572,-2.9646048980479,160.00153385354,617.15709567114,-1.0
23.6,0.0,0.0,0.1622465777388,4.1450855380750005,-2.9700733405544,159.7659256869,617.35762942134,-1.0
23.64,0.0,0.0,0.16044754498025998,4.208295531295,-2.9658137116546,159.55457130212,617.5849010049001,-1.0
23.68,0.0,0.0,0.16213365699503998,4.271601297232,-2.963050709125,159.5832348625,618.74465452689,-1.0
23.72,0.0,0.0,0.16347074125637998,4.334332426867,-2.9598272061738,159.40400886408,619.0120328604901,-1.0
23.76,0.0,0.0,0.15923364698484,4.39457346586,-2.9481420079757,159.2572262362,619.51002500682,-1.0
23.8,0.0,0.0,0.16057073124618,4.457208822778,-2.9595969559629998,158.92554789466,619.3863625275301,-1.0
23.84,0.0,0.0,0.16225684326096,4.519652634262,-2.975138845192,158.4398422891,618.69452108934,-1.0
23.88,0.0,0.0,0.1611558660093,4.580851400425,-2.9814131634363,158.10406915322,618.57754306839,-1.0
23.92,0.0,0.0,0.16040391651108,4.643199439192,-2.9869967310482,157.87539063854,618.80481465195,-1.0
23.96,0.0,0.0,0.16139197301897998,4.703440478185,-2.9852698544672,157.61521370586001,618.9217926729,-1.0
24.0,0.0,0.0,0.16376844139902,4.764735017065,-2.9830824774646,157.291724953,618.7780768185901,-1.0
24.04,0.0,0.0,0.16127905227522,4.829764691908,-2.9755993456136,156.92665828838,618.4739339641201,-1.0
24.08,0.0,0.0,0.15844320177851998,4.889622640033,-2.9547041389835,157.15596677142,620.33555561181,-1.0
24.12,0.0,0.0,0.15838930778718,4.952353769668,-2.9418101271787,157.2019544617,621.43514900874,-1.0
24.16,0.0,0.0,0.16111223754012,5.015563762888,-2.9292039281374,156.71215406180002,620.6263295496001,-1.0
24.2,0.0,0.0,0.15723700292471998,5.075996347315,-2.936571934883,156.50489447136002,620.97057915411,-1.0
24.24,0.0,0.0,0.15891798217842,5.140930249441,-2.9142376644354,156.09289516392002,620.5327471328401,-1.0
24.28,0.0,0.0,0.15955701093288,5.200309333981,-2.9028402790008,155.89760497232,620.88702342486,-1.0
24.32,0.0,0.0,0.1608863960526,5.264285508937,-2.8729653141495,155.40874952496,620.16844415331,-1.0
24.36,0.0,0.0,0.15701886057882,5.354024544766,-2.8728501890441,154.95391236904,619.56350067354,-1.0
24.4,0.0,0.0,0.15904373482488,5.415319083646,-2.8754405039156,154.65278749296002,619.5467895276901,-1.0
24.44,0.0,0.0,0.1596801971988,5.478816395017,-2.8564448615246,154.62286399586,620.47592923695,-1.0
24.48,0.0,0.0,0.15754753497006,5.538961661293,-2.8480407288304,154.34095315476,620.44919140359,-1.0
24.52,0.0,0.0,0.15818656372452,5.603129381683,-2.8520125449667,153.98155620538,620.15173300746,-1.0
24.56,0.0,0.0,0.15882302609843998,5.666339374903,-2.8516671696505,153.79099077648002,620.53943159118,-1.0
24.6,0.0,0.0,0.15911559347999998,5.728400095519,-2.8563297364192,153.46529713436001,620.37566236185,-1.0
24.64,0.0,0.0,0.1569854976318,5.794674815683,-2.864618744008,153.00920004172002,619.81751009046,-1.0
24.68,0.0,0.0,0.15727549863281998,5.854628536525,-2.8691086231186,152.6709070324,619.66042531947,-1.0
24.72,0.0,0.0,0.16136887559412,5.9188920296320005,-2.8661729329309,152.35308799478,619.5935807360701,-1.0
24.76,0.0,0.0,0.15958524111882,5.983059750022,-2.8708354996996,152.08125664744,619.60694965275,-1.0
24.8,0.0,0.0,0.16022170349273998,6.044066970751,-2.8596683644758,151.91463001622,619.99799046564,-1.0
24.84,0.0,0.0,0.1629266685819,6.108617782009,-2.8607620529771,151.65382311518002,620.07486173655,-1.0
24.88,0.0,0.0,0.16459738231343998,6.169337684587,-2.8546028598382,151.3432487137,619.96122594477,-1.0
24.92,0.0,0.0,0.16212595785342,6.232356132373,-2.8514944819924,151.00023094168,619.75400773623,-1.0
24.96,0.0,0.0,0.16413800019678,0.012971663109999998,-2.8561570487611,150.69564123962002,619.7372965903801,-1.0
25.0,0.0,0.0,0.16752818889012,0.073787338405,-2.8504007934911,150.43105452842002,619.81751009046,-1.0
25.04,0.0,0.0,0.16574712079536,0.138146604229,-2.8505734811492,150.0770123101,619.5467895276901,-1.0
25.08,0.0,0.0,0.16431251407349998,0.19877073408999998,-2.8448747884319,149.70344107262,619.2192510690301,-1.0
25.12,0.0,0.0,0.16356826371689998,0.261693409159,-2.834110591077,149.55193368204002,619.72726990287,-1.0
25.16,0.0,0.0,0.16660942465679998,0.325956902266,-2.8158632618711,149.38058228812,620.11831071576,-1.0
25.2,0.0,0.0,0.16345534297314,0.386581032127,-2.802451187092,149.16229825138,620.31550223679,-1.0
25.24,0.0,0.0,0.16064772266237998,0.449886798064,-2.7975583701125,148.8218003528,620.11496848659,-1.0
25.28,0.0,0.0,0.14064535273362,0.510606700642,-2.7912264893155,148.43594473230002,619.7606921945701,-1.0
25.32,0.0,0.0,0.12925318951655998,0.573337830277,-2.7934138663181,148.1650583375,619.88435467386,-1.0
25.36,0.0,0.0,0.12233679396125999,0.637792868818,-2.7831677319375,148.31562077554,619.95119925726,-1.0
25.4,0.0,0.0,0.12229573187262,0.697650816943,-2.7951983054518,148.88290728372002,619.64705640279,-1.0
25.44,0.0,0.0,0.11847439124855999,0.761818537333,-2.8153451988968,149.43790940888002,619.0554818397001,-1.0
25.48,0.0,0.0,0.11877722415228,0.8236877125150001,-2.8387731578457,150.07260253158,618.96858388128,-1.0
25.52,0.0,0.0,0.10912763332188,0.886993478452,-2.8515520445451,150.90794057694,619.7372965903801,-1.0
25.56,0.0,0.0,0.07684513250922,0.95250201688,-2.8510339815708,151.83619895540002,620.60961840375,-1.0
25.6,0.0,0.0,0.0799042581129,1.01379655576,-2.8380248446606,152.64570829800002,621.0441081958501,-1.0
25.64,0.0,0.0,0.07953469931514,1.0807416849429998,-2.8340530285243,153.38907096280002,621.2814064669201,-1.0
25.68,0.0,0.0,0.08156213994174,1.142898178276,-2.8255337707247,154.05400256678,621.2112196543501,-1.0
25.72,0.0,0.0,0.08290435696416,1.2056293079109999,-2.821446829483,154.69216051546002,621.1945085085,-1.0
25.76,0.0,0.0,0.08630224479911999,1.269701255584,-2.8297933996245,155.25913203946,620.8335477581401,-1.0
25.8,0.0,0.0,0.08593011962081999,1.3311873398979999,-2.8274908975165,155.9120942446,620.8368899873101,-1.0
25.84,0.0,0.0,0.08658454665852,1.3955466057219998,-2.852530607941,156.48190062622,620.5327471328401,-1.0
25.88,0.0,0.0,0.08621242148022,1.456074962866,-2.8765917549696,156.9672912476,619.88101244469,-1.0
25.92,0.0,0.0,0.08515763907828,1.518710319784,-2.8882193906149998,157.47819558756,619.37967806919,-1.0
25.96,0.0,0.0,0.08786260416743999,1.583931540061,-2.8810816340802,158.19541456542,619.56350067354,-1.0
26.0,0.0,0.0,0.08817570259332,1.6458007152429999,-2.8814270093964,158.83168260902002,619.4231270484,-1.0
26.04,0.0,0.0,0.08814490602684,1.710734617369,-2.878433756656,159.44432683912,619.16911763148,-1.0
26.08,0.0,0.0,0.08743145223672,1.7705925654939998,-2.8814270093964,159.80435375686,618.0962620679101,-1.0
26.12,0.0,0.0,0.08603534122296,1.8338025587139999,-2.8918458314351,160.44503157898,618.03610194285,-1.0
26.16,0.0,0.0,0.08498312520156,1.8986406881229998,-2.8927092697256,161.16571538282,618.27005798475,-1.0
26.2,0.0,0.0,0.08324825195652,1.959743681569,-2.9133742261449,161.85206591104,618.3770093181901,-1.0
26.24,0.0,0.0,0.08458276983732,2.023719856525,-2.939450062518,162.38753901704,617.83222596348,-1.0
26.28,0.0,0.0,0.08557852548683999,2.121599573299,-2.9515381985849998,162.89119872086002,617.28744260877,-1.0
26.32,0.0,0.0,0.08418498085362,2.1834687484810003,-2.979168223881,163.30130812322,616.3917251912101,-1.0
26.36,0.0,0.0,0.10903011086136,2.243230923889,-2.9716275294773,164.0134873542,616.54546773303,-1.0
26.4,0.0,0.0,0.12329662028321998,2.309792962204,-2.9634536469939,165.10081274356,617.98931073447,-1.0
26.44,0.0,0.0,0.12223413873965999,2.369076274027,-2.9639141474155,165.65203505856002,617.41110508806,-1.0
26.48,0.0,0.0,0.128319027,2.433722858002,-2.9834854153335,166.32799110884002,617.4879763589701,-1.0
26.52,0.0,0.0,0.13065699967194,2.498752532845,-2.9978184909558,166.9129167311,617.24065140039,-1.0
26.56,0.0,0.0,0.13129346204585998,2.560909026178,-3.0065104364135,167.13876038816,617.20054465035,-1.0
26.6,0.0,0.0,0.14926839134802,2.628907655248,-2.9779018477216,166.88803298088,617.22394025454,-1.0
26.64,0.0,0.0,0.16111480392066,2.691543012166,-2.976290096246,166.63384074762,617.4411851505901,-1.0
26.68,0.0,0.0,0.1627598538468,2.7573388687450002,-2.9817585387525,166.33838558678002,617.38770948387,-1.0
26.72,0.0,0.0,0.15998559648306,2.8218896800030002,-2.9753115328501,166.1286061229,617.57153208822,-1.0
26.76,0.0,0.0,0.1616306464092,2.883758855185,-2.9765203464568,165.77015412606002,617.29078483794,-1.0
26.8,0.0,0.0,0.16496950749174,2.950895529802,-2.9766930341149,165.4419406105,617.20388687952,-1.0
26.84,0.0,0.0,0.16287790735163998,3.011519659663,-2.9736997813745,165.26428953298,617.57153208822,-1.0
26.88,0.0,0.0,0.16078630721154,3.077219743525,-2.9775564724054,164.88347365936002,617.26070477541,-1.0
26.92,0.0,0.0,0.16242879075713998,3.141004373047,-2.9912563599479998,164.5584099856,617.1136466919301,-1.0
26.96,0.0,0.0,0.1640687079222,3.202969320946,-2.9856727923361,164.34642563246,617.42447400474,-1.0
27.0,0.0,0.0,0.16164091193136,3.26924404111,-2.9925802986601,164.12089695958002,617.63503444245,-1.0
27.04,0.0,0.0,0.16090692709691998,3.3298681709710003,-2.9902202339994,163.85190046986,617.63837667162,-1.0
27.08,0.0,0.0,0.16457941764966,3.395855572984,-2.9915441727115,163.46761977026,617.3175226713,-1.0
27.12,0.0,0.0,0.16350667058394,3.458395157185,-2.9898172961305,163.13436650782,617.1370422961201,-1.0
27.16,0.0,0.0,0.16209772766747998,3.520264332367,-2.9873421063644,162.82127223290001,617.10696223359,-1.0
27.2,0.0,0.0,0.16204383367613998,3.585389779927,-2.9862484178631,162.61149276902,617.33757604632,-1.0
27.24,0.0,0.0,0.16435614254268,3.644481546316,-2.9794560366444998,162.3503708838,617.4211317755701,-1.0
27.28,0.0,0.0,0.16091975899962,3.710373175612,-2.9796862868553,162.04609616592,617.38102502553,-1.0
27.32,0.0,0.0,0.16187958532157998,3.772433896228,-2.972836343084,161.70276340972,617.15375344197,-1.0
27.36,0.0,0.0,0.16317560749427998,3.834686162278,-2.9713972792664998,161.41266297994002,617.19051796284,-1.0
27.4,0.0,0.0,0.16176923095836,3.899045428102,-2.958445704909,161.181779576,617.33757604632,-1.0
27.44,0.0,0.0,0.16036542080298,3.9597653306800003,-2.9514806360323,160.8604957124,617.22728248371,-1.0
27.48,0.0,0.0,0.16132268074439998,4.025369641825,-2.944630692261,160.60756341586,617.34091827549,-1.0
27.52,0.0,0.0,0.16261870291709998,4.08618531712,-2.9476815075541,160.3864445215,617.49466081731,-1.0
27.56,0.0,0.0,0.15851506043364,4.147479856,-2.9442853169448,160.35274121424,618.4271427557401,-1.0
27.6,0.0,0.0,0.15711381665879998,4.211743349107,-2.9475663824487,160.1297324148,618.56083192254,-1.0
27.64,0.0,0.0,0.1611045383985,4.274953342327,-2.9490054462662,159.77380029140002,618.3201914223,-1.0
27.68,0.0,0.0,0.16105064440716,4.341228062491,-2.9468180692636,159.48117998818,618.3201914223,-1.0
27.72,0.0,0.0,0.15964940063232,4.4032887831070004,-2.9485449458446,159.17155053924,618.2132400888601,-1.0
27.76,0.0,0.0,0.15959550664098,4.4635298221,-2.9437672539705,159.2084036883,619.4097581317201,-1.0
27.8,0.0,0.0,0.16156135413462,4.528559496943,-2.9628204589141998,158.79104964980002,618.87834369369,-1.0
27.84,0.0,0.0,0.16150746014328,4.590237126691,-2.9814131634363,158.25841140142,618.0728664637201,-1.0
27.88,0.0,0.0,0.16078117445046,4.655745665119,-2.9897597335778,157.85176682504002,617.68516788,-1.0
27.92,0.0,0.0,0.16207206386207998,4.718955658339,-3.0036898713312,157.45047697972,617.33423381715,-1.0
27.96,0.0,0.0,0.16235179934094,4.780058651785,-2.9959764892694,157.31723867158001,617.9191239219,-1.0
28.0,0.0,0.0,0.16061949247644,4.845854508364,-2.964201960179,157.26306139262002,618.69786331851,-1.0
28.04,0.0,0.0,0.1588846192314,4.9083940925650005,-2.9070999079006,157.16604626518,619.32620240247,-1.0
28.08,0.0,0.0,0.15547389949374,4.969592858728,-2.8930546450417998,157.39220490642,621.03408150834,-1.0
28.12,0.0,0.0,0.14770033283807998,5.033281715533,-2.8839021991625,157.20699420858,621.2613530919,-1.0
28.16,0.0,0.0,0.1577169160857,5.097449435923,-2.8902340799595,156.46363154378,619.46991825678,-1.0
28.2,0.0,0.0,0.15800178432564,5.160467883709,-2.8776278809182,156.13762291748,619.45989156927,-1.0
28.24,0.0,0.0,0.1606297579986,5.22396519508,-2.8684754350389,155.58010091888002,618.52740963084,-1.0
28.28,0.0,0.0,0.15990603868632,5.285355506677,-2.8457382267224,155.20873457066,618.13302658878,-1.0
28.32,0.0,0.0,0.16018834054571998,5.311309912984,-2.8413059101645,155.15865208604,618.83489471448,-1.0
28.36,0.0,0.0,0.15678275356913998,5.372700224581,-2.8311173383366,155.12431881042002,619.47326048595,-1.0
28.4,0.0,0.0,0.16041418203323998,5.436676399537,-2.8369311561593,154.69562534144,618.6844944018301,-1.0
28.44,0.0,0.0,0.16002665857169998,5.501035665361,-2.8178779512156,154.50757978598,618.91176598539,-1.0
28.48,0.0,0.0,0.15896930978922,5.561851340656,-2.8305992753623,154.21306957768002,618.71791669353,-1.0
28.52,0.0,0.0,0.15021795214782,5.624582470291,-2.8173598882413,154.38536592414002,620.26536879924,-1.0
28.56,0.0,0.0,0.14715626016359998,5.686068554605,-2.8050415019634998,154.20708487826002,620.38568904936,-1.0
28.6,0.0,0.0,0.15947745313613998,5.751289774882,-2.8507461688073,153.15944749558,617.45789629644,-1.0
28.64,0.0,0.0,0.15708558647286,5.815936358857,-2.8317505264163,152.78430133720002,617.1370422961201,-1.0
28.68,0.0,0.0,0.15836877674285998,5.877805534039,-2.8278362728327,152.6378336935,617.54813648403,-1.0
28.72,0.0,0.0,0.1616563102146,5.94130284541,-2.8123519461564,152.45640280582,617.6751411924901,-1.0
28.76,0.0,1.0000000002165,0.15926444355132,6.002214293422,-2.8107401946808,152.34867821626,618.0996042970801,-1.0
28.8,0.0,1.0000000002165,0.15453973697718,6.066956650114,-2.7998033096678,152.19748580986,618.3770093181901,-1.0
28.84,0.0,1.0000000002165,0.16182825771078,6.130070870617,-2.8088981929944,151.81226015772,617.85562156767,-1.0
28.88,0.0,1.0000000002165,0.16277525213004,6.192131591233,-2.8124095087091,151.54200373128,617.83556819265,-1.0
28.92,0.0,1.0000000002165,0.1607195813175,6.255820448038,-2.8166691376089,151.11488518320002,617.23730917122,-1.0
28.96,0.0,1.0000000002165,0.16066568732616,0.033850115416,-2.825476208172,150.86321282338,617.2172557962,-1.0
29.0,0.0,1.0000000002165,0.16661199103733998,0.098784017542,-2.8215619545884,150.58634172916,617.15375344197,-1.0
29.04,0.0,1.0000000002165,0.16588827172506,0.16199401076199998,-2.8031419377244,150.15827822854,616.40509410789,-1.0
29.08,0.0,1.0000000002165,0.16183852323293998,0.22367164051,-2.7890391123129,149.41491556374,614.65042379364,-1.0
29.12,0.0,1.0000000002165,0.16278295127165998,0.287360497315,-2.7919748025006,149.27663750872,615.0782291274,-1.0
29.16,0.0,1.0000000002165,0.16638871593035998,0.348655036195,-2.7684317184463,149.24986385342,615.8770218990301,-1.0
29.2,0.0,1.0000000002165,0.16067851922885998,0.41330162017,-2.7535805798497,149.0926867476,616.07421342006,-1.0
29.24,0.0,1.0000000002165,0.15264318175812,0.474979249918,-2.7603153985156,148.69234185482,615.46926994029,-1.0
29.28,0.0,1.0000000002165,0.14095845115949998,0.537039970534,-2.7444856965231,148.41925057076,615.42582096108,-1.0
29.32,0.0,1.0000000002165,0.12230086463369999,0.59910069115,-2.7487453254228997,147.79369198928,614.0521647722101,-1.0
29.36,0.0,1.0000000002165,0.1033224805404,0.658575548407,-2.7578977713022,147.6311601524,612.9993625836601,-1.0
29.4,0.0,1.0000000002165,0.10561169198208,0.722360177929,-2.7595670853305,148.17419287872002,612.54816164571,-1.0
29.44,0.0,1.0000000002165,0.11553845191079999,0.786432125602,-2.7696980946057,149.35695847462,614.07221814723,-1.0
29.48,0.0,1.0000000002165,0.11981404189044,0.8500252096900001,-2.7860458595725,150.59894109636002,615.88704858654,-1.0
29.52,0.0,1.0000000002165,0.07664238844655999,0.916012611703,-2.7639994018884,151.96030272232002,618.20655563052,-1.0
29.56,0.0,1.0000000002165,0.08026611776904,0.976157877979,-2.7653233406005002,152.44348845444,617.2573625462401,-1.0
29.6,0.0,1.0000000002165,0.07990682449344,1.040421371086,-2.782304293647,152.82682420150002,616.17782252433,-1.0
29.64,0.0,1.0000000002165,0.08153904251687999,1.1044933187589998,-2.7756270375338,153.3008753924,615.44921656527,-1.0
29.68,0.0,1.0000000002165,0.08051762306195999,1.163872403299,-2.7804622919606,153.59759048996,614.07221814723,-1.0
29.72,0.0,1.0000000002165,0.08181621161519999,1.2273697146699998,-2.7597973355413,154.15668740946,613.6076482926001,-1.0
29.76,0.0,1.0000000002165,0.08609180159483999,1.287610753663,-2.7528322666646,155.05943206934,614.3563076266801,-1.0
29.8,0.0,1.0000000002165,0.08473931905026,1.353981246544,-2.7412621935719,156.22644845624,615.9137864199,-1.0
29.84,0.0,1.0000000002165,0.08603534122296,1.4178616487829998,-2.7591641474616,156.88256050318,615.63972362796,-1.0
29.88,0.0,1.0000000002165,0.08666923721634,1.47829423321,-2.7949104926883,157.11753870146,613.9886624179801,-1.0
29.92,0.0,1.0000000002165,0.0849856915821,1.5427492717509999,-2.8235766439329,157.51189889482,612.9759669794701,-1.0
29.96,0.0,1.0000000002165,0.08694127355358,1.6012664018379998,-2.8065956908864,157.9988644371,612.3041789163001,-1.0
30.0,0.0,1.0000000002165,0.08757516954696,1.663805986039,-2.8113158202078,158.26660099010002,610.69322445636,-1.0
30.04,0.0,1.0000000002165,0.0868848131817,1.7239512523149998,-2.8210438916141,158.4807902325,608.94858082962,-1.0
30.08,0.0,1.0000000002165,0.08817826897386,1.7834261095719999,-2.8205833911925,159.02445292718002,608.48401097499,-1.0
30.12,0.0,1.0000000002165,0.08880703220616,1.845582602905,-2.8042356262257,159.71426828138001,608.42385084993,-1.0
30.16,0.0,1.0000000002165,0.08613799644456,1.9044828238599998,-2.797846182876,160.51149324096002,608.78481160029,-1.0
30.2,0.0,1.0000000002165,0.08479064666106,1.967213953495,-2.8278938353854,161.10240356264,608.33026843317,-1.0
30.24,0.0,1.0000000002165,0.08278373707877999,2.026976128903,-2.8506310437019,161.72481230232,608.07291678708,-1.0
30.28,0.0,1.0000000002165,0.0830865699825,2.0870256224620003,-2.885916888507,162.52928189804,608.2567393914301,-1.0
30.32,0.0,1.0000000002165,0.08338940288621999,2.151672206437,-2.9047398432399,163.32965669942,608.56756670424,-1.0
30.36,0.0,1.0000000002165,0.09555148026527999,2.2111470636940003,-2.8828660732138998,163.97915407858,608.31355728732,-1.0
30.4,0.0,1.0000000002165,0.12186971270297998,2.274548602348,-2.876706880075,164.63148631536,608.07960124542,-1.0
30.44,0.0,1.0000000002165,0.13006159938665998,2.336609322964,-2.8822328851342,165.16664443718003,607.54150234905,-1.0
30.48,0.0,1.0000000002165,0.12738743086398,2.396850361957,-2.8654246197458,165.89614779806,607.64511145332,-1.0
30.52,0.0,1.0000000002165,0.12405370254251999,2.4626462185360003,-2.869799373751,166.75132984676,608.2266593289,-1.0
30.56,0.0,1.0000000002165,0.13092133686756,2.5236534392650003,-2.8569053619462,167.23294065798,608.8416294961801,-1.0
30.6,0.0,1.0000000002165,0.13613878850538,2.5888746595420002,-2.8101070066011,167.21908135406,609.3964395384,-1.0
30.64,0.0,1.0000000002165,0.14924272754262,2.653712788951,-2.8276060226219,166.95764448466002,609.4632841218,-1.0
30.68,0.0,1.0000000002165,0.16464101078262,2.7133791916420003,-2.8536242964423,165.96229447586,606.7594207232701,-1.0
30.72,0.0,1.0000000002165,0.16557260691863998,2.778217321051,-2.8654821822985,165.21767187434,605.14178180499,-1.0
30.76,0.0,1.0000000002165,0.16289073925434,2.838745678195,-2.8605318027663,165.06364461032,605.55956045124,-1.0
30.8,0.0,1.0000000002165,0.16217985184476,2.902721853151,-2.8582293006583,164.75275522466,605.28215543013,-1.0
30.84,0.0,1.0000000002165,0.15162432868373998,2.9655487555030002,-2.8783761941033,164.1993280204,604.19927317905,-1.0
30.88,0.0,1.0000000002165,0.15091857403523998,3.026460203515,-2.864618744008,164.11648718106,604.8008744296501,-1.0
30.92,0.0,1.0000000002165,0.15316415700774,3.091585651075,-2.8528759832572,163.96592474302003,605.13175511748,-1.0
30.96,0.0,1.0000000002165,0.16131241522224,3.152784417238,-2.8476377909615,164.05538025014002,606.2447174310901,-1.0
31.0,0.0,1.0000000002165,0.16388136214277998,3.217143683062,-2.8512642317816,164.06010501284,607.1103547861201,-1.0
31.04,0.0,1.0000000002165,0.1625160476955,3.2801621308480002,-2.8573658623678,163.85095551732002,607.23067503624,-1.0
31.08,0.0,1.0000000002165,0.16344507745098,3.34107357886,-2.851954982414,163.57754924908002,607.14377707782,-1.0
31.12,0.0,1.0000000002165,0.16339118345964,3.406007480986,-2.8448172258792,163.24933573352,606.93321664011,-1.0
31.16,0.0,1.0000000002165,0.16366578617741998,3.4671104744320003,-2.8437235373779,162.87292963842,606.51543799386,-1.0
31.2,0.0,1.0000000002165,0.160013826669,3.532331694709,-2.8472924156453,162.3015483359,605.39579122191,-1.0
31.24,0.0,1.0000000002165,0.15963400234907998,3.59391355174,-2.8462562896967,162.03948149814002,605.3556844718701,-1.0
31.28,0.0,1.0000000002165,0.16252374683711998,3.653388408997,-2.8321534642852,162.28044439584002,607.0468524318901,-1.0
31.32,0.0,1.0000000002165,0.15625921193897999,3.716885720368,-2.7976734952179,162.45494563156,608.3603484957,-1.0
31.36,0.0,1.0000000002165,0.15098016716819998,3.775594395889,-2.7706190954489,162.50061833766,609.18253687152,-1.0
31.4,0.0,1.0000000002165,0.14962511824308,3.8381339800900003,-2.7577826461968,162.31320275056,609.33962164251,-1.0
31.44,0.0,1.0000000002165,0.15218893240254,3.8998116098380002,-2.761006149148,161.84293136982,608.54417110005,-1.0
31.48,0.0,1.0000000002165,0.14985352611114,3.9583287399250002,-2.7442554463123,161.52385239548002,608.40713970408,-1.0
31.52,0.0,1.0000000002165,0.1592695763124,4.0230710966170005,-2.756976770459,161.01830278658002,607.5314756615401,-1.0
31.56,0.0,1.0000000002165,0.16248011836794,4.08426986278,-2.7543864555875,160.52031279800002,606.655811619,-1.0
31.6,0.0,1.0000000002165,0.16112250306228,4.147862946868,-2.7634237763614,160.19524912424,606.4385667229501,-1.0
31.64,0.0,1.0000000002165,0.15748337545656,4.211264485522,-2.7410895059138,160.11524314252,606.9532700151301,-1.0
31.68,0.0,1.0000000002165,0.15645425686001999,4.27006893376,-2.7276774311347,160.0431117653,607.54818680739,-1.0
31.72,0.0,1.0000000002165,0.16194117845453998,4.335002835886,-2.7233602396822,159.61504826468,606.79952747331,-1.0
31.76,0.0,1.0000000002165,0.15993426887225998,4.397638192804,-2.7317643723764,159.09595433604,605.8469921598601,-1.0
31.8,0.0,1.0000000002165,0.16118409619524,4.461135504175,-2.7484575126594,158.6130835881,605.14846626333,-1.0
31.84,0.0,1.0000000002165,0.16211055957018,4.5253032245650004,-2.7625603380709,158.1358825554,604.37641132506,-1.0
31.88,0.0,1.0000000002165,0.16205666557884,4.585448490841,-2.7711947209759,157.75191683998,603.9820282830001,-1.0
31.92,0.0,1.0000000002165,0.15745001250954,4.6512443474200005,-2.7738425984001,157.26432132934002,603.1364443029901,-1.0
31.96,0.0,1.0000000002165,0.15512230535976,4.714933204225,-2.7396504420963,156.96540134252,603.04954634457,-1.0
32.0,0.0,1.0000000002165,0.15799665156456,4.779962879068,-2.7155892950677,156.71183907762,603.01612405287,-1.0
32.04,0.0,1.0000000002165,0.15892054855895998,4.846908008251,-2.7081061632167,156.43937776192,602.8824348860701,-1.0
32.08,0.0,1.0000000002165,0.15757063239492,4.910405319622,-2.6950394637538,156.28787037134,603.22668449058,-1.0
32.12,0.0,1.0000000002165,0.16141507044384,4.976488494352,-2.6855416425583,156.11935383504002,603.4907205950101,-1.0
32.16,0.0,1.0000000002165,0.16168710678107998,5.038453442251,-2.6665460001673,156.03241820136,604.03884617889,-1.0
32.2,0.0,1.0000000002165,0.15968789634042,5.101663435471,-2.6403550386888,156.04816741036,604.91451022143,-1.0
32.24,0.0,1.0000000002165,0.15931320478157998,5.161617156313,-2.6255614626449,155.92784345360002,605.2621020551101,-1.0
32.28,0.0,1.0000000002165,0.15828665256558,5.221379331721,-2.6075443836498,155.77224126868,605.5662449095801,-1.0
32.32,0.0,1.0000000002165,0.15661593883403999,5.284972415809,-2.5882033659426,155.72278875242,606.2447174310901,-1.0
32.36,0.0,1.0000000002165,0.14975600365062,5.345309227519,-2.5801446085646,155.62419870408002,606.7895007858001,-1.0
32.4,0.0,1.0000000002165,0.14776449235157998,5.382181723564,-2.5707619124745,155.43709810116002,606.94324332762,-1.0
32.44,0.0,1.0000000002165,0.15257645586408,5.446540989388,-2.5679413473922,155.11077449068,606.6190470981301,-1.0
32.48,0.0,1.0000000002165,0.15479380865064,5.505058119475,-2.5726039141609,154.79201050052,606.38174882706,-1.0
32.52,0.0,1.0000000002165,0.15182963912694,5.570758203337,-2.5757122920067,154.47891622560002,606.16784616018,-1.0
32.56,0.0,1.0000000002165,0.154367789481,5.634063969274,-2.5813534221713,154.09337558928001,605.70327630555,-1.0
32.6,0.0,1.0000000002165,0.15949541779992,5.6929641902290005,-2.5821017353564,153.67791145586,605.08830613827,-1.0
32.64,0.0,1.0000000002165,0.16009081808519998,5.760005092129,-2.5872248025467,153.2410283982,604.4432559084601,-1.0
32.68,0.0,1.0000000002165,0.156805850994,5.8199588129710005,-2.5910239310249,152.84824312574,603.96531713715,-1.0
32.72,0.0,1.0000000002165,0.15837134312339998,5.884126533361,-2.5959743105571,152.45955264762,603.43056046995,-1.0
32.76,0.0,1.0000000002165,0.16187445256049998,5.947815390166,-2.5942474339761,152.11212509708,603.11973315714,-1.0
32.8,0.0,1.0000000002165,0.1602063052095,6.0075775655740005,-2.5909088059195,151.84690841752,603.0194662820401,-1.0
32.84,0.0,1.0000000002165,0.16047834154673998,6.073277649436,-2.583137861305,151.61980482374,603.1364443029901,-1.0
32.88,0.0,1.0000000002165,0.16300879275917998,6.133327142995,-2.5778996690093,151.53633401604,603.68791211604,-1.0
32.92,0.0,1.0000000002165,0.16424578817945998,6.197111772517,-2.571049725238,151.36277773286,603.87507694956,-1.0
32.96,0.0,1.0000000002165,0.1577425798911,6.260513311171,-2.5708194750272,151.20024589598,604.15248197067,-1.0
33.0,0.0,1.0000000002165,0.16091462623854,0.036723296925999994,-2.5649480946518,150.84336882004,603.7413877827601,-1.0
33.04,0.0,1.0000000002165,0.16634508746117999,0.102423380788,-2.5690925984462,150.45688323118,603.29352907398,-1.0
33.08,0.0,1.0000000002165,0.1656470319543,0.162951737932,-2.5633939057289,150.07197256322002,602.83898590686,-1.0
33.12,0.0,1.0000000002165,0.16333728946829998,0.22683214017099998,-2.5567742121684,149.76013822502,602.6117143233,-1.0
33.16,0.0,1.0000000002165,0.163606759425,0.290137906108,-2.5418655110191,149.417120453,602.2741491771301,-1.0
33.2,0.0,1.0000000002165,0.16580871392832,0.349325445214,-2.5378936948828,149.09898643120002,602.00342861436,-1.0
33.24,0.0,1.0000000002165,0.16028329662569998,0.413205847453,-2.5322525647182,148.81896549518,601.9098461976,-1.0
33.28,0.0,1.0000000002165,0.15250972997004,0.473925750031,-2.5332886906668,148.52477027106002,601.68257461404,-1.0
33.32,0.0,1.0000000002165,0.1408814597433,0.537614606836,-2.5316769391912,148.33325988962,601.8964772809201,-1.0
33.36,0.0,1.0000000002165,0.13408311769283998,0.603506236132,-2.5187253648337,148.4375196532,601.81292155167,-1.0
33.4,0.0,1.0000000002165,0.12150528666629999,0.664417684144,-2.5391600710422,148.9084210023,601.01412878004,-1.0
33.44,0.0,1.0000000002165,0.12628645361232,0.731841676912,-2.5420957612299,149.60044124576,600.78017273814,-1.0
33.48,0.0,1.0000000002165,0.12849354087672,0.792178488622,-2.5558532113252,150.18536686802,600.31560288351,-1.0
33.52,0.0,1.0000000002165,0.10886329612625999,0.853089936634,-2.5663295959166,150.82226487998,600.19528263339,-1.0
33.56,0.0,1.0000000002165,0.07865186440937999,0.91610838442,-2.5656388452842,151.64468857396,600.6097190504701,-1.0
33.6,0.0,1.0000000002165,0.08023018844148,0.976253650696,-2.5522843330578002,152.49829570176001,601.1478179468401,-1.0
33.64,0.0,1.0000000002165,0.08020452463608,1.039367871199,-2.5698409116313,152.51121005314002,598.5676170276,-1.0
33.68,0.0,1.0000000002165,0.08146205110068,1.102099000834,-2.5764606051917998,153.06715713084,598.0997049438,-1.0
33.72,0.0,1.0000000002165,0.08079479216027999,1.1628189034119998,-2.5788782324052,153.43694855816,596.9967693177,-1.0
33.76,0.0,1.0000000002165,0.08205231862488,1.224688078594,-2.5740429779784,154.1403082321,596.9967693177,-1.0
33.8,0.0,1.0000000002165,0.08683091919036,1.285312208455,-2.5853828008603,155.1104595065,597.95933131866,-1.0
33.84,0.0,1.0000000002165,0.08776508170691999,1.345649020165,-2.5941323088707,155.88878541528,598.13646946467,-1.0
33.88,0.0,1.0000000002165,0.08645622763152,1.408571695234,-2.6145094525265,156.45197712912,597.5716327349401,-1.0
33.92,0.0,1.0000000002165,0.08642799744558,1.4666099617359998,-2.6289000907015,156.62490344394,595.78688235816,-1.0
33.96,0.0,1.0000000002165,0.08735959358159999,1.5280002733329998,-2.625734150303,157.0428874508,594.84771596139,-1.0
34.0,0.0,1.0000000002165,0.08733136339566,1.5916891301379998,-2.5964923735314,157.79758954608002,595.0983831491401,-1.0
34.04,0.0,1.0000000002165,0.08890198828613999,1.655090668792,-2.59177224421,158.58379005936,595.27552129515,-1.0
34.08,0.0,1.0000000002165,0.08983358442216,1.71964148005,-2.6070838832282,159.06697579148002,594.42993731514,-1.0
34.12,0.0,1.0000000002165,0.08661021046391999,1.7818937461,-2.5991402509556,159.77978499082002,594.48007075269,-1.0
34.16,0.0,1.0000000002165,0.08658198027797999,1.8474022845279998,-2.6070838832282,160.72347759410002,595.29891689934,-1.0
34.2,0.0,1.0000000002165,0.08463666382865999,1.9150178227299999,-2.6059901947268997,161.99223387114,597.33433446387,-1.0
34.24,0.0,1.0000000002165,0.08525002877771999,1.974492679987,-2.6371890982903,162.788198894,597.4613391723301,-1.0
34.28,0.0,1.0000000002165,0.08330727870893999,2.038851945811,-2.6812820136585,163.09310358024,595.87378031658,-1.0
34.32,0.0,1.0000000002165,0.08774711704313999,2.102828120767,-2.6761589464682,163.78732871296,595.9272559833,-1.0
34.36,0.0,1.0000000002165,0.1059016929831,2.166995841157,-2.6536519883625,164.35178036352002,595.49945064954,-1.0
34.4,0.0,1.0000000002165,0.11607225906311999,2.2313551069810003,-2.6457083560898997,164.85134527300002,594.75079131546,-1.0
34.44,0.0,1.0000000002165,0.11412180985272,2.295618600088,-2.6580267423677,165.55438996276,594.6271288361701,-1.0
34.48,0.0,1.0000000002165,0.11536137165353999,2.3579666388550002,-2.6589477432109,165.96733422274002,593.6010644809801,-1.0
34.52,0.0,1.0000000002165,0.11373172001064,2.420601995773,-2.6760438213628,166.56422924384,593.23676150145,-1.0
34.56,0.0,1.0000000002165,0.12515981255525999,2.482566943672,-2.671784192463,166.89212777522002,593.3203172307001,-1.0
34.6,0.0,1.0000000002165,0.13307966290169998,2.543765709835,-2.6412184769793,166.7318008276,593.35708175157,-1.0
34.64,0.0,1.0000000002165,0.14640431066537998,2.607550339357,-2.6368437229741,166.50343729710002,593.49411314754,-1.0
34.68,0.0,1.0000000002165,0.16099161765474,2.668844878237,-2.6255039000922,166.31602171,593.71135804359,-1.0
34.72,0.0,1.0000000002165,0.16380437072658,2.732246416891,-2.6273459017786,165.96922412782,593.28355270983,-1.0
34.76,0.0,1.0000000002165,0.16534163267003998,2.794690228375,-2.6312025928095,165.53801078540002,592.65855585504,-1.0
34.8,0.0,1.0000000002165,0.16306525313106,2.857708676161,-2.6196900822695,165.43753083198,593.2233925847701,-1.0
34.84,0.0,1.0000000002165,0.16078887359208,2.9212059875320002,-2.5959167480044,165.44005070542002,594.03555427308,-1.0
34.88,0.0,1.0000000002165,0.16232613553553998,2.982308980978,-2.5979889999016,165.09766290176,593.70467358525,-1.0
34.92,0.0,1.0000000002165,0.16322693510508,3.045327428764,-2.5995431888244998,164.66361470172,593.00614768872,-1.0
34.96,0.0,1.0000000002165,0.16253914512036,3.107771240248,-2.6148548278427,164.33666112288,592.8022717093501,-1.0
35.0,0.0,1.0000000002165,0.16375817587685998,3.170023506298,-2.6135308891306,164.14420578890002,592.9660409386801,-1.0
35.04,0.0,1.0000000002165,0.16402251307247998,3.2330419540840003,-2.6198627699276,163.90576276464,592.98275208453,-1.0
35.08,0.0,1.0000000002165,0.16301905828134,3.294240720247,-2.6214745214032,163.61219750888,592.84237845939,-1.0
35.12,0.0,1.0000000002165,0.16391985785087998,3.357642258901,-2.6204383954546,163.19011870768,592.20735491709,-1.0
35.16,0.0,1.0000000002165,0.16386596385954,3.420373388536,-2.6239497111693,162.83796639444,591.92326543764,-1.0
35.2,0.0,1.0000000002165,0.16381463624874,3.4823383364350002,-2.6132430763671,162.6039331487,591.97005664602,-1.0
35.24,0.0,1.0000000002165,0.16281374783813998,3.543058239013,-2.5989675632975,162.41683254578,592.19064377124,-1.0
35.28,0.0,1.0000000002165,0.16212852423396,3.604257005176,-2.5861311140453997,162.31351773474,592.70200483425,-1.0
35.32,0.0,1.0000000002165,0.16302675742296,3.669095134585,-2.581410984724,161.96357031076002,592.26083058381,-1.0
35.36,0.0,1.0000000002165,0.16234153381878,3.733071309541,-2.5792236077214,161.64260143134,591.9834255627001,-1.0
35.4,0.0,1.0000000002165,0.16292410220136,3.796855939063,-2.5579254632224,161.46904514816,592.21403937543,-1.0
35.44,0.0,1.0000000002165,0.16160754898434,3.8608321140190003,-2.5357638804329,161.33832671346002,592.60842241749,-1.0
35.48,0.0,1.0000000002165,0.16155622137353998,3.922605516484,-2.5339218787465,161.15752579414,592.79224502184,-1.0
35.52,0.0,1.0000000002165,0.15802744813104,3.987347873176,-2.5336916285357,160.94900626698,592.8524051469001,-1.0
35.56,0.0,1.0000000002165,0.1582943517072,4.049983230094,-2.5339218787465,160.58015979220002,592.42125758397,-1.0
35.6,0.0,1.0000000002165,0.16108657373472,4.113097450597,-2.54572220205,160.12784250972,591.71270499993,-1.0
35.64,0.0,1.0000000002165,0.16261357015602,4.178989079893,-2.5435923876001,159.685604721,591.0709969992901,-1.0
35.68,0.0,1.0000000002165,0.16098391851312,4.2419117549620005,-2.5439377629163,159.3847948291,590.90388554079,-1.0
35.72,0.0,1.0000000002165,0.16251091493442,4.308473793277,-2.5392751961476,159.05532137682002,590.5830315404701,-1.0
35.76,0.0,1.0000000002165,0.16088382967206,4.372641513667,-2.5417503859137,158.6178083508,589.90121678979,-1.0
35.8,0.0,1.0000000002165,0.159885507642,4.436809234057,-2.5584435261967,158.19604453378,589.3263533725501,-1.0
35.84,0.0,1.0000000002165,0.15668266472807998,4.5018389089,-2.5701287243948,157.66466622212002,588.40055589246,-1.0
35.88,0.0,1.0000000002165,0.14591926474331998,4.564378493101,-2.5795114204849,157.25046202542,587.85577253775,-1.0
35.92,0.0,1.0000000002165,0.14240588978406,4.630748985982,-2.5914844314465,156.90996412684,587.57836751664,-1.0
35.96,0.0,1.0000000002165,0.15496062338574,4.692618161164,-2.5852676757549,156.79436493278,588.0629907462901,-1.0
36.0,0.0,1.0000000002165,0.14924529392316,4.757264745139,-2.5243089324456,156.37764086264002,587.4480205790101,-1.0
36.04,0.0,1.0000000002165,0.14384562926699998,4.821432465529,-2.5047376645276,156.0207637867,587.08371759948,-1.0
36.08,0.0,1.0000000002165,0.14915033784318,4.88301432256,-2.4897138382729,155.83460813632,587.26419797466,-1.0
36.12,0.0,1.0000000002165,0.14690218849014,4.951204497064,-2.4829214570543,155.55490218448,587.1438777245401,-1.0
36.16,0.0,1.0000000002165,0.1484266185309,5.01326521768,-2.4719845720413,155.37315631262,587.3611226205901,-1.0
36.2,0.0,1.0000000002165,0.1499536149522,5.078965301542,-2.4593208104473,155.12305887370002,587.2675402038301,-1.0
36.24,0.0,1.0000000002165,0.15022051852836,5.142941476498,-2.4474629245911,154.90697972622002,587.3711493081,-1.0
36.28,0.0,1.0000000002165,0.14765927074944,5.2059599242840005,-2.4305395340973,154.61845421734,587.18064224541,-1.0
36.32,0.0,1.0000000002165,0.15703425886206,5.27472473509,-2.4144220193413,154.57089160616002,587.92595935032,-1.0
36.36,0.0,1.0000000002165,0.15667239920592,5.338413591895,-2.4106228908630998,154.35985220556,587.95269718368,-1.0
36.4,0.0,1.0000000002165,0.15976232137607999,5.447594489275,-2.3927209369734,154.32551892994002,588.68464537191,-1.0
36.44,0.0,1.0000000002165,0.16065285542346,5.512336845967,-2.3947931888706,154.06093221874002,588.55764066345,-1.0
36.48,0.0,1.0000000002165,0.15872037087684,5.5780369298290005,-2.3848348672535,153.84705796052,588.64453862187,-1.0
36.52,0.0,1.0000000002165,0.16023710177598,5.642204650219,-2.3917423735775,153.4394684316,588.0797018921401,-1.0
36.56,0.0,1.0000000002165,0.15987524211984,5.705318870722,-2.3865617438345,153.08668615000002,587.6886610792501,-1.0
36.6,0.0,1.0000000002165,0.15293061637859998,5.76986968198,-2.393181437395,152.53987361352,586.6525700365501,-1.0
36.64,0.0,1.0000000002165,0.14943520608312,5.835282447691,-2.3878281199939,152.14771830942001,586.2013690986,-1.0
36.68,0.0,1.0000000002165,0.14844971595575998,5.900503667968,-2.3925482493153,151.8519481644,586.0509687859501,-1.0
36.72,0.0,1.0000000002165,0.15936196601184,5.963809433905,-2.3936995003693,151.76469754654002,586.62248997402,-1.0
36.76,0.0,1.0000000002165,0.1599368352528,6.026061699955,-2.3966927531096998,151.5637376397,586.66593895323,-1.0
36.8,0.0,1.0000000002165,0.16082480291964,6.089367465892,-2.3887491208371,151.46546257554002,587.1973533912601,-1.0
36.84,0.0,1.0000000002165,0.16296516429,6.152481686395,-2.3858134306494,151.23489415578,587.18064224541,-1.0
36.88,0.0,1.0000000002165,0.16260073825332,6.217319815804,-2.3828777404617,151.01535018232002,587.31098918304,-1.0
36.92,0.0,1.0000000002165,0.16380180434604,-0.002735062478,-2.3844894919373,150.67737215718,586.95002843268,-1.0
36.96,0.0,1.0000000002165,0.16500030405822,0.059229885421,-2.3746462954256,150.48964158590002,587.17730001624,-1.0
37.0,0.0,1.0000000002165,0.16650933581573998,0.12234410592400001,-2.3688900401556,150.18788674146,586.9867929535501,-1.0
37.04,0.0,1.0000000002165,0.16583437773371998,0.18536255371,-2.358068280248,150.08425694624,587.49146955822,-1.0
37.08,0.0,1.0000000002165,0.16390959232872,0.250200683119,-2.3500670854227,149.92392999862,587.78558572518,-1.0
37.12,0.0,1.0000000002165,0.16635535298333998,0.313985312641,-2.3261210634995,149.84360903272,588.2969467881901,-1.0
37.16,0.0,1.0000000002165,0.16380693710712,0.376333351408,-2.3191559946228,149.53996428320002,588.01954176708,-1.0
37.2,0.0,1.0000000002165,0.16126108761143998,0.439926435496,-2.3062044202653,149.1934816852,587.72208337095,-1.0
37.24,0.0,1.0000000002165,0.15434982481721998,0.50141251981,-2.2952099726996,148.81361076412,587.25751351632,-1.0
37.28,0.0,1.0000000002165,0.1374681736251,0.566154876502,-2.2935406586713,148.51752563492002,587.13385103703,-1.0
37.32,0.0,1.0000000002165,0.12246767936879999,0.62879023342,-2.2921015948537997,148.25073403446,587.02021524525,-1.0
37.36,0.0,1.0000000002165,0.11277189368867999,0.689605908715,-2.2789197702855,148.27467283214,586.7361257658,-1.0
37.4,0.0,1.0000000002165,0.11865403788635999,0.752911674652,-2.2861726519256997,148.96322824962002,586.7294413074601,-1.0
37.44,0.0,1.0000000002165,0.11207897094288,0.814780849834,-2.2963612237535997,149.60737089772002,586.27155591117,-1.0
37.48,0.0,1.0000000002165,0.11266667208653999,0.87875702479,-2.3186379316485,150.2549783718,586.1144711401801,-1.0
37.52,0.0,1.0000000002165,0.10516514176811999,0.939381154651,-2.3277903775278,150.67737215718,585.1318557642,-1.0
37.56,0.0,1.0000000002165,0.08273754222905999,0.998185602889,-2.3317046311114,151.14228880686,584.37985420095,-1.0
37.6,0.0,1.0000000002165,0.07804619860194,1.061491368826,-2.3334315076924,151.62862438078,583.6178259501901,-1.0
37.64,0.0,1.0000000002165,0.07926522935843999,1.1231689985739999,-2.3224946226794,152.13259906878,582.90593113698,-1.0
37.68,0.0,1.0000000002165,0.07986319602426,1.186570537228,-2.3147236780649,152.73327390004002,582.54831261579,-1.0
37.72,0.0,1.0000000002165,0.07921646812817999,1.248631257844,-2.3191559946228,153.26087240154,581.89323569847,-1.0
37.76,0.0,1.0000000002165,0.08198815911138,1.3059991153269999,-2.3237609988388,153.84800291306001,581.52559048977,-1.0
37.8,0.0,1.0000000002165,0.08537834780471999,1.368634472245,-2.3250849375509,154.49876022894,581.3250567395701,-1.0
37.84,0.0,1.0000000002165,0.08410798943742,1.427917784068,-2.3408570769907,155.23613819432,581.4620881355401,-1.0
37.88,0.0,1.0000000002165,0.08749561175022,1.4919897317409998,-2.3560535909035,155.96847641282,581.59243507317,-1.0
37.92,0.0,1.0000000002165,0.08591728771811999,1.555774361263,-2.3585287806696,156.64159760548,581.42866584384,-1.0
37.96,0.0,1.0000000002165,0.08496002777669999,1.6152492185199998,-2.354038901559,157.33550775402,581.37519017712,-1.0
38.0,0.0,1.0000000002165,0.08741348757294,1.6805662115139999,-2.3435625169675998,158.03949739632,581.34176788542,-1.0
38.04,0.0,1.0000000002165,0.08738782376754,1.742148068545,-2.3364247604328,158.80868876388,581.54898609396,-1.0
38.08,0.0,1.0000000002165,0.08705162791679999,1.8069861979539998,-2.3230702482064,159.59646419806,581.84644449009,-1.0
38.12,0.0,1.0000000002165,0.0851653382199,1.87000464574,-2.3221492473631997,160.35652102440002,581.97344919855,-1.0
38.16,0.0,1.0000000002165,0.08452117670435999,1.929096412129,-2.3228399979956,161.15721080996002,582.31769880306,-1.0
38.2,0.0,1.0000000002165,0.08387444880827999,1.9931683598019998,-2.341375139965,161.8983685855,582.40459676148,-1.0
38.24,0.0,1.0000000002165,0.08323028729274,2.0412462637360003,-2.3605434700141,162.59511359166,582.37117446978,-1.0
38.28,0.0,1.0000000002165,0.082894091442,2.10273234805,-2.3948507514233,163.15263559026002,581.68267526076,-1.0
38.32,0.0,1.0000000002165,0.089053404738,2.165846568553,-2.4147098321048,163.71992209844,581.21142094779,-1.0
38.36,0.0,1.0000000002165,0.12241121899692,2.228577698188,-2.3778697983768,164.41005243682002,581.14791859356,-1.0
38.4,0.0,1.0000000002165,0.12268325533416,2.2916919186910003,-2.3887491208371,165.04128073354002,580.8538024266,-1.0
38.44,0.0,1.0000000002165,0.12079183287617999,2.355955411798,-2.3955990646084,165.69487290704,580.65995313474,-1.0
38.48,0.0,1.0000000002165,0.11890041041819999,2.419069632301,-2.4015280075365,166.34815009636,580.44605046786,-1.0
38.52,0.0,1.0000000002165,0.12534715833468,2.482566943672,-2.4084930764132,167.04647002342,580.45607715537,-1.0
38.56,0.0,1.0000000002165,0.12623512600151998,2.545393846024,-2.4117741419170997,167.26223418672,580.08174748833,-1.0
38.6,0.0,1.0000000002165,0.12989735103209998,2.6090827028290002,-2.3785029864564997,167.1554545497,580.28228123853,-1.0
38.64,0.0,1.0000000002165,0.1465146650286,2.6743996958230003,-2.3772941728498,166.86976389844,580.33575690525,-1.0
38.68,0.0,1.0000000002165,0.15726266673012,2.7371308254580002,-2.3797118000632,166.56139438622,580.0917741758401,-1.0
38.72,0.0,1.0000000002165,0.160912059858,2.800340818678,-2.3833382408833,166.19412283234,579.62051986287,-1.0
38.76,0.0,1.0000000002165,0.16055533296294,2.862880402879,-2.3797118000632,165.9144168805,579.46677732105,-1.0
38.8,0.0,1.0000000002165,0.15557655471534,2.925994623382,-2.3762580469012002,165.65644483708002,579.4133016543301,-1.0
38.84,0.0,1.0000000002165,0.15891541579788,2.989396162036,-2.3712501048163,165.37705386942002,579.28629694587,-1.0
38.88,0.0,1.0000000002165,0.16071444855641998,3.051935746237,-2.3765458596647,165.0812837244,579.10581657069,-1.0
38.92,0.0,1.0000000002165,0.15758603067816,3.114762648589,-2.3777546732714,164.7851985952,578.97212740389,-1.0
38.96,0.0,1.0000000002165,0.16307808503375998,3.177206460073,-2.385698305544,164.46139485816002,578.70140684112,-1.0
39.0,0.0,1.0000000002165,0.16333472308775998,3.240320680576,-2.3863314936237,164.16404979224,578.54432207013,-1.0
39.04,0.0,1.0000000002165,0.16236206486309998,3.30372221923,-2.388576433179,163.91332238496,578.53763761179,-1.0
39.08,0.0,1.0000000002165,0.16077347530883998,3.366166030714,-2.3852953676751,163.6418060218,578.4540818825401,-1.0
39.12,0.0,1.0000000002165,0.16349127230069999,3.4288013876320003,-2.3767761098755003,163.33658635138002,578.2669170490201,-1.0
39.16,0.0,1.0000000002165,0.16190524912697998,3.4908621082480003,-2.3699837286569,163.10349805818,578.3070237990601,-1.0
39.2,0.0,1.0000000002165,0.15878453039034,3.553880556034,-2.3733223567135,162.81245267586002,578.1432545697301,-1.0
39.24,0.0,1.0000000002165,0.15996249905819998,3.615462413065,-2.3674509763381,162.59605854420002,578.246863674,-1.0
39.28,0.0,1.0000000002165,0.16175639905566,3.678289315417,-2.3626157219113,162.31194281384,578.09312113218,-1.0
39.32,0.0,1.0000000002165,0.1613996721606,3.7409246723350003,-2.3565140913251,161.97616967796,577.80234719439,-1.0
39.36,0.0,1.0000000002165,0.16073497960073999,3.8029853929510002,-2.3511032113713,161.72103249216002,577.72547592348,-1.0
39.4,0.0,1.0000000002165,0.16160754898434,3.866578477039,-2.3372881987233,161.46148552784,577.67200025676,-1.0
39.44,0.0,1.0000000002165,0.16063745714021999,3.9299800156930003,-2.3288840660291,161.24540638036,577.75889821518,-1.0
39.48,0.0,1.0000000002165,0.15782983682946,3.9930942361960002,-2.3207677460984,161.01357802388,577.7789515902,-1.0
39.52,0.0,1.0000000002165,0.15655691208161998,4.056016911265,-2.3162203044350997,160.81041322778,577.90261406949,-1.0
39.56,0.0,1.0000000002165,0.15681355013561998,4.117981859164,-2.3134573019055003,160.51590301948002,577.68536917344,-1.0
39.6,0.0,1.0000000002165,0.15829691808774,4.180712988799,-2.3128241138258,160.25005637156002,577.64860465257,-1.0
39.64,0.0,1.0000000002165,0.15457566630473998,4.244689163755,-2.3018296662601,159.94011193844,577.39125300648,-1.0
39.68,0.0,1.0000000002165,0.16095568832718,4.307516066107,-2.31547199125,159.55394133376,576.9066297768301,-1.0
39.72,0.0,1.0000000002165,0.16090436071637998,4.369385241289,-2.3068951708977,159.24651677408002,576.6726737349301,-1.0
39.76,0.0,1.0000000002165,0.15963400234907998,4.430488234735,-2.3105791742705,158.94003716694002,576.4888511305801,-1.0
39.8,0.0,1.0000000002165,0.16019603968734,4.492165864483,-2.3106367368232,158.68741985458,576.50556227643,-1.0
39.84,0.0,1.0000000002165,0.16045267774133998,4.551449176306,-2.3126514261677,158.55134668882002,576.91665646434,-1.0
39.88,0.0,1.0000000002165,0.1610147150796,4.612647942469,-2.3186379316485,158.2335276512,576.66264704742,-1.0
39.92,0.0,1.0000000002165,0.16188215170211998,4.674517117651,-2.3329134447181,157.61521370586001,575.33578206693,-1.0
39.96,0.0,1.0000000002165,0.16061179333481998,4.737344020003,-2.359219531302,156.9672912476,574.02228600312,-1.0
40.0,0.0,1.0000000002165,0.16086586500827998,4.798255468015,-2.3416053901758,156.76349648314002,574.29969102423,-1.0
40.04,0.0,1.0000000002165,0.16142790234653998,4.855814870932,-2.2741420784114,157.12541330596002,576.42200654718,-1.0
40.08,0.0,1.0000000002165,0.15954931179126,4.918162909699,-2.2353449178916,156.91248400028002,576.45208660971,-1.0
40.12,0.0,1.0000000002165,0.16224401135826,4.979170130428,-2.2606148785269,156.31873882098,575.1385905459,-1.0
40.16,0.0,1.0000000002165,0.1533540691677,5.044104032554,-2.267119446982,155.45442223106002,573.07977737718,-1.0
40.2,0.0,1.0000000002165,0.1499536149522,5.106643616755,-2.2600968155526,155.1277836364,572.9327192937001,-1.0
40.24,0.0,1.0000000002165,0.14594749492925999,5.166214246729,-2.2538224973083,154.8442978744,572.80905681441,-1.0
40.28,0.0,1.0000000002165,0.15686744412696,5.2300946489680005,-2.2338482915214,154.70822470864002,573.19341316896,-1.0
40.32,0.0,1.0000000002165,0.1571266485615,5.29196382415,-2.2246958456421,154.58475091008,573.4908715650901,-1.0
40.36,0.0,1.0000000002165,0.15677248804698,5.355939999106,-2.2070817045159,154.48805076682,573.97549479474,-1.0
40.4,0.0,1.0000000002165,0.16007285342142,5.431217354668,-2.1971809454515,154.63042361618,575.32241315025,-1.0
40.44,0.0,1.0000000002165,0.15424460321508,5.490787984642,-2.1797970545361,154.74602281024002,576.50556227643,-1.0
40.48,0.0,1.0000000002165,0.156934170021,5.553997977862,-2.1668454801786,154.57404144796,576.7094382558,-1.0
40.52,0.0,1.0000000002165,0.15901550463894,5.615867153044,-2.181926868986,153.88706095138002,575.1385905459,-1.0
40.56,0.0,1.0000000002165,0.16048604068835998,5.680609509736,-2.1824449319603,153.31473469632002,574.09581504486,-1.0
40.6,0.0,1.0000000002165,0.15648761980703998,5.741999821333,-2.1956843190813,152.81674470774,573.24020437734,-1.0
40.64,0.0,1.0000000002165,0.1448978452884,5.805592905421,-2.2050670151714,152.25764778824,572.18071773045,-1.0
40.68,0.0,1.0000000002165,0.15183733826856,5.869185989509,-2.2109383955468,151.94455351332002,571.96681506357,-1.0
40.72,0.0,1.0000000002165,0.15664930178105999,5.93172557371,-2.1925759412355,151.77288713522,572.21079779298,-1.0
40.76,0.0,1.0000000002165,0.15629770764707998,5.996946793987,-2.1792214290091,151.63744393782,572.59515414753,-1.0
40.8,0.0,1.0000000002165,0.16049630621052,6.058911741886,-2.1739256741607,151.45412314506,572.75892337686,-1.0
40.84,0.0,1.0000000002165,0.16135861007195998,6.121259780653,-2.1721987975797,151.11772004082002,572.4313849182,-1.0
40.88,0.0,1.0000000002165,0.15858178632768,6.185044410175,-2.1791638664564,150.66067799564001,571.6760411257801,-1.0
40.92,0.0,1.0000000002165,0.15216840135822,6.247488221659,-2.1802575549577,150.28269697964,571.2315246461701,-1.0
40.96,0.0,1.0000000002165,0.15939276257832,0.029444570434,-2.173868111608,150.00803077468,571.17470675028,-1.0
41.0,0.0,1.0000000002165,0.16510039289928,0.091409518333,-2.1561964079291,149.97275254652,571.87657487598,-1.0
41.04,0.0,1.0000000002165,0.16323463424669998,0.1537575571,-2.1347831383247,149.79132165884002,572.08045085535,-1.0
41.08,0.0,1.0000000002165,0.16348870592016,0.21725486847099998,-2.1222920643888,149.6344595372,572.3645403348,-1.0
41.12,0.0,1.0000000002165,0.16374021121308,0.279411361804,-2.1075560508976,149.39759143384,572.35117141812,-1.0
41.16,0.0,1.0000000002165,0.16611154683204,0.344536809364,-2.0815377770772,149.14906891582,572.3244335847601,-1.0
41.2,0.0,1.0000000002165,0.16333985584883998,0.40650175726300003,-2.0644416989253,148.9414943412,572.44809606405,-1.0
41.24,0.0,1.0000000002165,0.15421893940967998,0.467700523426,-2.0545985024136,148.74998395976002,572.6519720434201,-1.0
41.28,0.0,1.0000000002165,0.14540598863531998,0.5318682438160001,-2.053562376465,148.6028863477,572.95945712706,-1.0
41.32,0.0,1.0000000002165,0.13418064015335998,0.5943120553,-2.0430284293209002,148.4201955233,573.1867287106201,-1.0
41.36,0.0,1.0000000002165,0.11571039940698,0.658384002973,-2.0388263629737997,148.4280701278,572.9059814603401,-1.0
41.4,0.0,1.0000000002165,0.11929819940189999,0.720348950872,-2.0521808752002,149.00260127212002,572.53833625164,-1.0
41.44,0.0,1.0000000002165,0.11835633774372,0.781643489752,-2.0697374537737,149.39475657622,571.2248401878301,-1.0
41.48,0.0,1.0000000002165,0.11288738081298,0.842938028632,-2.1015695454168,149.70816583532002,569.86121068647,-1.0
41.52,0.0,1.0000000002165,0.10410266022456,0.904424112946,-2.1141181819054,150.18820172564,569.22952937334,-1.0
41.56,0.0,1.0000000002165,0.09683210415473999,0.967538333449,-2.1206227503605,150.78604169928002,568.85854193547,-1.0
41.6,0.0,1.0000000002165,0.07810522535436,1.029790599499,-2.1119308049028,151.42388466378,568.61455920606,-1.0
41.64,0.0,1.0000000002165,0.08079479216027999,1.0951075924929998,-2.1015695454168,152.33607884906002,569.3064006442501,-1.0
41.68,0.0,1.0000000002165,0.07956549588162,1.1592753128829998,-2.0919565991158997,153.31441971214002,570.16535354094,-1.0
41.72,0.0,1.0000000002165,0.08195222978382,1.2237303514239999,-2.0920141616686,154.126133944,570.51294537462,-1.0
41.76,0.0,1.0000000002165,0.08283249830903999,1.2889515717009998,-2.0905750978511,154.80240497846,570.36922952031,-1.0
41.8,0.0,1.0000000002165,0.08371020045371999,1.352353110355,-2.0950649769617,155.28559071058,569.63059687374,-1.0
41.84,0.0,1.0000000002165,0.08639463449856,1.416520830745,-2.104793048368,155.88878541528,569.34984962346,-1.0
41.88,0.0,1.0000000002165,0.08666923721634,1.4788688695119998,-2.1210832507821,156.38173565698,568.63127035191,-1.0
41.92,0.0,1.0000000002165,0.08574020746085999,1.5413126809959998,-2.1222345018361,156.94650229172,568.1600160389401,-1.0
41.96,0.0,1.0000000002165,0.08631507670182,1.60471421965,-2.1223496269415,157.56072144272002,567.77900191356,-1.0
42.0,0.0,1.0000000002165,0.0871927788465,1.667636894719,-2.1052535487896,158.35574151304002,568.0497224763301,-1.0
42.04,0.0,1.0000000002165,0.08686428213738,1.7307511152219999,-2.0997851062831,159.0587862028,567.9795356637601,-1.0
42.08,0.0,1.0000000002165,0.0865383518088,1.792524517687,-2.0926473497483,159.74198688922002,567.86589987198,-1.0
42.12,0.0,1.0000000002165,0.08471108886432,1.8546810110199998,-2.0933381003807,160.50550854154,568.07646030969,-1.0
42.16,0.0,1.0000000002165,0.08438515853574,1.9173163679379999,-2.0930502876172,161.24477641200002,568.14664712226,-1.0
42.2,0.0,1.0000000002165,0.08375896168397999,1.979281315837,-2.1126791180879,161.83946654384002,567.80908197609,-1.0
42.24,0.0,1.0000000002165,0.08403356440175999,2.040767400151,-2.1248248167076,162.46754499876002,567.52833472581,-1.0
42.28,0.0,1.0000000002165,0.08460843364272,2.092484667331,-2.1649459159394997,162.95325060432,566.7362264125201,-1.0
42.32,0.0,1.0000000002165,0.08548356940686,2.1554073424,-2.163506852122,163.55172054632,566.31176330793,-1.0
42.36,0.0,1.0000000002165,0.10494699942222,2.218713108337,-2.1564842206926,164.16341982388002,565.96082924508,-1.0
42.4,0.0,1.0000000002165,0.12679972972032,2.280007647217,-2.1795092417726,164.68723851522,565.34251684863,-1.0
42.44,0.0,1.0000000002165,0.13095469981458,2.3413021860970002,-2.1807180553793,165.25893480192002,564.83115578562,-1.0
42.48,0.0,1.0000000002165,0.12462600540293998,2.4033629067130002,-2.1796819294307,166.03348090054,565.10521857756,-1.0
42.52,0.0,1.0000000002165,0.11859757751448,2.4672433089520003,-2.1759403635052,166.95732950048,565.85387791164,-1.0
42.56,0.0,1.0000000002165,0.12634804674528,2.5317941202100003,-2.1712202341838,167.39925230502,566.1747319119601,-1.0
42.6,0.0,1.0000000002165,0.13618754973563998,2.593759068109,-2.1278756320007,167.26160421836002,566.2215231203401,-1.0
42.64,0.0,1.0000000002165,0.14901175329402,2.657543697631,-2.1366251400111,166.83196579684,565.72018874484,-1.0
42.68,0.0,1.0000000002165,0.16123285742549998,2.7197959636810003,-2.1460078361012,166.44705512888,565.32246347361,-1.0
42.72,0.0,1.0000000002165,0.16297799619269998,2.783772138637,-2.1491737764997,166.26562424120002,565.46617932792,-1.0
42.76,0.0,1.0000000002165,0.16053736829916,2.847748313593,-2.1464107739701,166.0057622927,565.33917461946,-1.0
42.8,0.0,1.0000000002165,0.15989320678361998,2.91009635236,-2.1416906446487,165.80385743332002,565.49291716128,-1.0
42.84,0.0,1.0000000002165,0.1589487787449,2.972540163844,-2.1338045749288,165.53643586450002,565.34920130697,-1.0
42.88,0.0,1.0000000002165,0.1606939175121,3.034696657177,-2.1375461408543,165.19184317158002,565.03503176499,-1.0
42.92,0.0,1.0000000002165,0.16094285642448,3.098481286699,-2.1394457050934,164.82646152278,564.62393757708,-1.0
42.96,0.0,1.0000000002165,0.16298569533432,3.162361688938,-2.1477922752349,164.47210432028,564.3097680351,-1.0
43.0,0.0,1.0000000002165,0.16353233438933998,3.224709727705,-2.15429684369,164.12467676974,564.00562518063,-1.0
43.04,0.0,1.0000000002165,0.16318587301644,3.287153539189,-2.163506852122,163.77661925084,563.63463774276,-1.0
43.08,0.0,1.0000000002165,0.16343481192881998,3.349405805239,-2.1593047857749,163.51045761874002,563.5811620760401,-1.0
43.12,0.0,1.0000000002165,0.16338605069856,3.412998889327,-2.1460653986539002,163.35580038636002,563.90201607636,-1.0
43.16,0.0,1.0000000002165,0.16423295627676,3.476975064283,-2.1343226379031,163.08176414976,563.79506474292,-1.0
43.2,0.0,1.0000000002165,0.16239542781011998,3.539227330333,-2.1283361324223,162.79197870416002,563.6078999094,-1.0
43.24,0.0,1.0000000002165,0.1626443667225,3.600426096496,-2.1302932592141,162.38312923852,563.05308986718,-1.0
43.28,0.0,1.0000000002165,0.16349127230069999,3.662678362546,-2.1252853171292,162.13870151484002,563.07648547137,-1.0
43.32,0.0,1.0000000002165,0.16225171049988,3.726558764785,-2.1137728065892,161.84513625908002,562.9060317837,-1.0
43.36,0.0,1.0000000002165,0.16220294926961998,3.790726485175,-2.1004758569154998,161.64795616240002,563.05977432552,-1.0
43.4,0.0,1.0000000002165,0.16334498860992,3.853074523942,-2.0957557275941,161.32415242536,562.71886695018,-1.0
43.44,0.0,1.0000000002165,0.16240312695174,3.9158056535770003,-2.0883301582958,161.09925372084,562.79573822109,-1.0
43.48,0.0,1.0000000002165,0.16086843138881998,3.978441010495,-2.0810197141029,160.7990737973,562.59520447089,-1.0
43.52,0.0,1.0000000002165,0.16141507044384,4.042512958168,-2.0775659609409,160.5864594758,562.65536459595,-1.0
43.56,0.0,1.0000000002165,0.15898984083353998,4.106489133124,-2.0689891405886,160.36880540742,562.76900038773,-1.0
43.6,0.0,1.0000000002165,0.15864594584118,4.1681667628720005,-2.0586854436552997,160.27808996358002,563.2536236173801,-1.0
43.64,0.0,1.0000000002165,0.15889488475355998,4.232334483262,-2.0446977433492,159.98137486602002,563.07648547137,-1.0
43.68,0.0,1.0000000002165,0.15825328961856,4.293245931274,-2.0464821824829,159.77033546542,563.17675234647,-1.0
43.72,0.0,1.0000000002165,0.16028586300623998,4.357317878947,-2.052986750938,159.35581628454,562.5718088667,-1.0
43.76,0.0,1.0000000002165,0.15993940163334,4.421485599337,-2.0561526913365,158.90979868566,561.92341640772,-1.0
43.8,0.0,1.0000000002165,0.160783740831,4.484504047123,-2.0640963236091,158.44330711508002,561.21486382368,-1.0
43.84,0.0,1.0000000002165,0.16162551364812,4.549150631098,-2.0674349516657,158.08989486512002,560.9341165734,-1.0
43.88,0.0,1.0000000002165,0.16216958632259998,4.610732488129,-2.0733638945938,157.80924396074002,560.82382301079,-1.0
43.92,0.0,1.0000000002165,0.16123285742549998,4.6742297995,-2.0802138383651,157.50969400556002,560.6400004064401,-1.0
43.96,0.0,1.0000000002165,0.16296259790946,4.736386292833,-2.0876394076634,157.28196044342002,560.73024059403,-1.0
44.0,0.0,1.0000000002165,0.16261870291709998,4.798351240732,-2.0760693345707,157.10871914442,560.95416994842,-1.0
44.04,0.0,1.0000000002165,0.16197710778209998,4.863189370141,-2.02765922775,156.98871017184,561.38531751135,-1.0
44.08,0.0,1.0000000002165,0.15985727745606,4.9232388637,-1.9842570630142,156.8082242367,561.58585126155,-1.0
44.12,0.0,1.0000000002165,0.16217728546422,4.98644885692,-1.9825877489859,156.51654888602002,561.44881986558,-1.0
44.16,0.0,1.0000000002165,0.16183339047186,5.046977214064,-1.9804003719832999,156.15967181008,561.04441013601,-1.0
44.2,0.0,1.0000000002165,0.15942099276426,5.107888662076,-1.9768314937159,155.80688952848,560.7101872190101,-1.0
44.24,0.0,1.0000000002165,0.1584868302477,5.168800110088,-1.9636496691476,155.5325383077,560.60323588557,-1.0
44.28,0.0,1.0000000002165,0.16139453939951998,5.228658058213,-1.9505829696847,155.24684765644,560.4528355729201,-1.0
44.32,0.0,1.0000000002165,0.16016524312086,5.292538460452,-1.9402217101987,155.07171645236002,560.7101872190101,-1.0
44.36,0.0,1.0000000002165,0.15805054555589998,5.336306592121,-1.9307238890032,154.78350592766,560.50965346881,-1.0
44.4,0.0,1.0000000002165,0.15977515327878,5.398079994586,-1.9282486992371,154.49655533968001,560.34922646865,-1.0
44.44,0.0,1.0000000002165,0.15972895842906,5.46339698758,-1.9219168184400999,154.26567193574002,560.40270213537,-1.0
44.48,0.0,1.0000000002165,0.15879479591249998,5.525840799064,-1.9132248729824,154.0221891646,560.3759643020101,-1.0
44.52,0.0,1.0000000002165,0.15786319977648,5.5890507922840005,-1.9045904900774,153.71854441508,560.20551061434,-1.0
44.56,0.0,1.0000000002165,0.15870240621305998,5.652931194523,-1.9075261802651,153.25803754392,559.40671784271,-1.0
44.6,0.0,1.0000000002165,0.15688540879073998,5.714608824271,-1.9182328150673,152.80099549874,558.71153417535,-1.0
44.64,0.0,1.0000000002165,0.153597875319,5.77944695368,-1.9196143163321,152.4472682646,558.33720450831,-1.0
44.68,0.0,1.0000000002165,0.15031034184726,5.841028810711,-1.9275579486046999,152.11558992306,558.06982617471,-1.0
44.72,0.0,1.0000000002165,0.14849847718602,5.903759940346,-1.9242768831008,151.89415604452,558.1600663623001,-1.0
44.76,0.0,1.0000000002165,0.1561129282482,5.967161479,-1.9256008218129,151.62137974464,558.0163505079901,-1.0
44.8,0.0,1.0000000002165,0.15371079606276,6.028934881465,-1.921168505255,151.3290744256,557.84923904949,-1.0
44.84,0.0,1.0000000002165,0.15543027102456,6.092240647402,-1.913685373404,151.1164601041,557.9695592996101,-1.0
44.88,0.0,1.0000000002165,0.16068365198994,6.15391827715,-1.9138580610620999,150.82478475342,557.78907892443,-1.0
44.92,0.0,1.0000000002165,0.1626956943333,6.216553634068,-1.9140883112729,150.58697169752,557.81581675779,-1.0
44.96,0.0,1.0000000002165,0.16176409819728,-0.00330969878,-1.9123614346919,150.32647978066,557.72223434103,-1.0
45.0,0.0,1.0000000002165,0.15965966615448,0.058176385533999994,-1.9088501189772,149.97747730922,557.3913536532,-1.0
45.04,0.0,1.0000000002165,0.16284454440461998,0.12129060603700001,-1.9053388032625,149.5950865147,556.9167571110601,-1.0
45.08,0.0,1.0000000002165,0.15633363697463998,0.182776690351,-1.8925023540104,149.23222473934,556.5658230482101,-1.0
45.12,0.0,1.0000000002165,0.15658000950648,0.244933183684,-1.8870339115038999,148.9509438666,556.40873827722,-1.0
45.16,0.0,1.0000000002165,0.1533027415569,0.307760086036,-1.8720676478019,148.72132039938,556.4722406314501,-1.0
45.2,0.0,1.0000000002165,0.1547270827566,0.368384215897,-1.8622244512902,148.39940656742002,556.19817783951,-1.0
45.24,0.0,1.0000000002165,0.14763617332457998,0.429391436626,-1.8558350079405,148.16631827422,556.25165350623,-1.0
45.28,0.0,1.0000000002165,0.13497621812076,0.490207111921,-1.8513451288298999,147.88566736984,556.11796433943,-1.0
45.32,0.0,1.0000000002165,0.12496220125367999,0.55121433265,-1.84345905911,147.6358849151,556.0878842769,-1.0
45.36,0.0,1.0000000002165,0.12052749568056,0.614232780436,-1.8239453537447,147.77510792266,556.37197375635,-1.0
45.4,0.0,1.0000000002165,0.11638792386953999,0.675240001165,-1.8324070489916,148.3650732918,556.01435523516,-1.0
45.44,0.0,1.0000000002165,0.12368157736421999,0.739024630687,-1.8399477433953,149.12324021306,555.94751065176,-1.0
45.48,0.0,1.0000000002165,0.12481591756289999,0.802426169341,-1.8550291322027,149.75761835158002,555.68347454733,-1.0
45.52,0.0,1.0000000002165,0.11247675992657999,0.865444617127,-1.8575618845215,150.5006660322,555.8906927558701,-1.0
45.56,0.0,1.0000000002165,0.08902004179098,0.930953155555,-1.8545686317810999,151.23520913996,556.04109306852,-1.0
45.6,0.0,1.0000000002165,0.08108992592238,0.994450466926,-1.8436317467681,151.96282259576,556.0979109644101,-1.0
45.64,0.0,1.0000000002165,0.08106426211698,1.061108277958,-1.8332704872821,152.66901712732002,556.0310663810101,-1.0
45.68,0.0,1.0000000002165,0.07987089516587999,1.124318271178,-1.823887791192,153.39190582042002,556.05780421437,-1.0
45.72,0.0,1.0000000002165,0.08131063464881999,1.186378991794,-1.8184193486855,154.03415856344,555.7971103391101,-1.0
45.76,0.0,1.0000000002165,0.08333294251434,1.2504509394669998,-1.8254419801149,154.65940216074,555.5364164638501,-1.0
45.8,0.0,1.0000000002165,0.08418498085362,1.3123201146489998,-1.8328675494132,155.24275286210002,555.10192667175,-1.0
45.84,0.0,1.0000000002165,0.08766755924639999,1.376966698624,-1.857849697285,155.88563557348002,554.93481521325,-1.0
45.88,0.0,1.0000000002165,0.0864741922953,1.4407513281459998,-1.8705710214317,156.57293105424,554.8813395465301,-1.0
45.92,0.0,1.0000000002165,0.08732366425403999,1.504535957668,-1.8738520869356,157.24542227854002,554.71088585886,-1.0
45.96,0.0,1.0000000002165,0.08729800044864,1.5696614052279998,-1.8691319576142,157.9342926802,554.61061898376,-1.0
46.0,0.0,1.0000000002165,0.0875649040248,1.6324883075799999,-1.8562379458094,158.59922428418,554.41008523356,-1.0
46.04,0.0,1.0000000002165,0.08666410445525999,1.6968475734039998,-1.8483518760895,159.1863547957,553.97893767063,-1.0
46.08,0.0,1.0000000002165,0.08663844064986,1.7607279756429999,-1.8442649348478,159.84278182682002,553.79177283711,-1.0
46.12,0.0,1.0000000002165,0.08515507269773999,1.823171787127,-1.8444951850586,160.51779292456,553.67813704533,-1.0
46.16,0.0,1.0000000002165,0.08454684050976,1.8873395075169999,-1.8415019323182,161.23249202898,553.7149015662001,-1.0
46.2,0.0,1.0000000002165,0.08364860732075999,1.949974864435,-1.8634908274496,161.9015184273,553.56450125355,-1.0
46.24,0.0,1.0000000002165,0.08333294251434,2.030423946715,-1.9105194330055,162.49400366988002,553.21690941987,-1.0
46.28,0.0,1.0000000002165,0.08389241347205999,2.093250849067,-1.9003308611776,163.09184364352,552.6854949818401,-1.0
46.32,0.0,1.0000000002165,0.08619702319698,2.15636506957,-1.9208231299388,163.77504432994002,552.65541491931,-1.0
46.36,0.0,1.0000000002165,0.11324667408858,2.220149699092,-1.9089076815299,164.48911346600002,552.67212606516,-1.0
46.4,0.0,1.0000000002165,0.12281670712224,2.284796283067,-1.9097135572677,165.26365956462,552.86597535702,-1.0
46.44,0.0,1.0000000002165,0.11754536149308,2.348676685306,-1.9009640492573,166.08230344844,553.21690941987,-1.0
46.48,0.0,1.0000000002165,0.11605686077987999,2.411695133092,-1.8971073582264,166.76140934052,553.0364290446901,-1.0
46.52,0.0,1.0000000002165,0.12532662729035998,2.4747135808780003,-1.9147214993526,167.28491304768002,552.46490785662,-1.0
46.56,0.0,1.0000000002165,0.12238298881097999,2.538593983117,-1.920017254201,167.62100116774002,552.4816190024701,-1.0
46.6,0.0,1.0000000002165,0.12554476963626,2.6023786126390003,-1.8759243388328,167.57973824016,552.82921083615,-1.0
46.64,0.0,1.0000000002165,0.14381226631997998,2.667120969331,-1.8868036612931,167.11954635318,552.2242673563801,-1.0
46.68,0.0,1.0000000002165,0.1574217823236,2.730618280702,-1.8955531693035,166.80015239466002,552.0137069186701,-1.0
46.72,0.0,1.0000000002165,0.15243787131491998,2.793828273922,-1.897567858648,166.66943395996,552.36798321069,-1.0
46.76,0.0,1.0000000002165,0.15471681723444,2.857229812576,-1.8906027897713,166.32830609302002,551.96357348112,-1.0
46.8,0.0,1.0000000002165,0.145385457591,2.92063135123,-1.8808171558123,166.17711368662,552.27440079393,-1.0
46.84,0.0,1.0000000002165,0.1592695763124,2.983362480865,-1.8925599165631,165.65077512184,551.29178541795,-1.0
46.88,0.0,1.0000000002165,0.15893338046166,3.046572474085,-1.8940565429333,165.33862579946,551.0945938969201,-1.0
46.92,0.0,1.0000000002165,0.1612071936201,3.109399376437,-1.8942292305914,164.98867837548002,550.78376658411,-1.0
46.96,0.0,1.0000000002165,0.16289843839596,3.172417824223,-1.9097135572677,164.58644357762,550.24232545857,-1.0
47.0,0.0,1.0000000002165,0.16285224354623998,3.235532044726,-1.9116131215068,164.44407072826002,550.6567618756501,-1.0
47.04,0.0,1.0000000002165,0.16019603968734,3.29797585621,-1.9084471811083,164.16625468150002,550.5097037921701,-1.0
47.08,0.0,1.0000000002165,0.15812240421102,3.360994303996,-1.9128219351135,163.82071703604,550.1387163543001,-1.0
47.12,0.0,1.0000000002165,0.16155108861245998,3.423629660914,-1.903899739445,163.59109356882,550.2389832294,-1.0
47.16,0.0,1.0000000002165,0.16063745714021999,3.4862650178320003,-1.8967619829102,163.35233556038,550.22227208355,-1.0
47.2,0.0,1.0000000002165,0.1605912622905,3.549091920184,-1.8954956067508,163.09688339040002,550.19219202102,-1.0
47.24,0.0,1.0000000002165,0.15996506543873998,3.609811822762,-1.9013669871262,162.6669299847,549.5538262495501,-1.0
47.28,0.0,1.0000000002165,0.16223374583609998,3.672542952397,-1.9003884237303,162.40675305202,549.5371151037,-1.0
47.32,0.0,1.0000000002165,0.16160754898434,3.73469944573,-1.8921569786942,162.13366176796,549.47695497864,-1.0
47.36,0.0,1.0000000002165,0.1606939175121,3.797526348082,-1.8805293430488,161.86403530988002,549.33323912433,-1.0
47.4,0.0,1.0000000002165,0.16180259390538,3.859778614132,-1.8720100852491999,161.64102651044,549.40676816607,-1.0
47.44,0.0,1.0000000002165,0.0,3.922318198333,-1.8659660172157,161.33675179256002,549.18952327002,-1.0
47.48,0.0,1.0000000002165,0.0,3.9849535552510003,-1.8654479542414,160.9943639889,548.835246978,-1.0
47.52,0.0,1.0000000002165,0.0,4.04691850315,-1.8714920222749,160.80096370238002,549.02575404069,-1.0
47.56,0.0,1.0000000002165,0.15930807202049999,4.110798905389,-1.8626849517118,160.41416312934,548.5244196651901,-1.0
47.6,0.0,1.0000000002165,0.16099161765474,4.1742004440430005,-1.8500211901178,160.06925545224001,548.18685451902,-1.0
47.64,0.0,1.0000000002165,0.15892824770057998,4.238559709867,-1.8298167341201,159.82325280766,548.18685451902,-1.0
47.68,0.0,1.0000000002165,0.15830461722935998,4.301769703087,-1.8334431749402,159.6793050374,548.5712108735701,-1.0
47.72,0.0,1.0000000002165,0.16143046872708,4.363734650986,-1.8480065007733,159.2997491005,548.06987649807,-1.0
47.76,0.0,1.0000000002165,0.15994196801388,4.4263700079040005,-1.8482367509841,159.0162633385,547.95624070629,-1.0
47.8,0.0,1.0000000002165,0.16104807802662,4.4888138193880005,-1.8481216258786999,158.60111418926002,547.4014306640701,-1.0
47.84,0.0,1.0000000002165,0.16071444855641998,4.55068299457,-1.8480065007733,158.32802290520002,547.34127053901,-1.0
47.88,0.0,1.0000000002165,0.16239542781011998,4.614659169526,-1.8575618845215,157.80388922968,546.41547305892,-1.0
47.92,0.0,1.0000000002165,0.16206179833992,4.676336799274,-1.8591736359971,157.54245236028,546.4188152880901,-1.0
47.96,0.0,1.0000000002165,0.16287790735163998,4.739738337928,-1.8740247745937,157.29298488972,546.40878860058,-1.0
48.0,0.0,1.0000000002165,0.16283171250192,4.803618740167,-1.8597492615241,157.00697925428,546.27175720461,-1.0
48.04,0.0,1.0000000002165,0.1622080820307,4.866541415236,-1.8441498097424,156.73010816006,546.0712234544101,-1.0
48.08,0.0,1.0000000002165,0.16101214869906,4.930613362909,-1.8086337147265,156.57450597514,546.4455531214501,-1.0
48.12,0.0,1.0000000002165,0.16240312695174,4.992290992657,-1.7814066272994,156.42205363202,546.76640712177,-1.0
48.16,0.0,1.0000000002165,0.16206949748153998,5.055213667726,-1.7765713728726,156.20660445290002,546.8967540594,-1.0
48.2,0.0,1.0000000002165,0.16001126028846,5.118232115512,-1.7923435123124,155.89099030454,546.6059801216101,-1.0
48.24,0.0,1.0000000002165,0.15996506543873998,5.177706972769,-1.7746718086335,155.76846145852002,546.99033647616,-1.0
48.28,0.0,1.0000000002165,0.16049373982998,5.241491602291,-1.7515316624480999,155.49694509536002,546.87670068438,-1.0
48.32,0.0,1.0000000002165,0.16044754498025998,5.303648095624,-1.7182029444348,155.12368884206,546.41213082975,-1.0
48.36,0.0,1.0000000002165,0.15839187416772,5.344926136651,-1.7095685615298,154.84555781112002,546.3285751005001,-1.0
48.4,0.0,1.0000000002165,0.15949541779992,5.409285402475,-1.7039849939179,154.51608435884,546.03780116271,-1.0
48.44,0.0,1.0000000002165,0.16088382967206,5.470484168638,-1.7036971811544,154.204879989,545.78713397496,-1.0
48.48,0.0,1.0000000002165,0.15911815986053998,5.534460343594,-1.6929329837995,153.89619549260001,545.5799157664201,-1.0
48.52,0.0,1.0000000002165,0.15821222752991998,5.597383018663,-1.6944871727224,153.6268840187,545.4863333496601,-1.0
48.56,0.0,1.0000000002165,0.16045781050242,5.658964875694,-1.6895943557429,153.35946244988,545.41948876626,-1.0
48.6,0.0,1.0000000002165,0.15983931279228,5.722653732499,-1.6899972936118,153.14747809674,545.49636003717,-1.0
48.64,0.0,1.0000000002165,0.15836107760124,5.784618680398,-1.6814780358122,152.95029800006,545.6734981831801,-1.0
48.68,0.0,1.0000000002165,0.15717027703067998,5.847541355467,-1.679405783915,152.74083352036,545.78044951662,-1.0
48.72,0.0,1.0000000002165,0.1608479003445,5.909985166951,-1.6722104648275,152.41639981496002,545.48967557883,-1.0
48.76,0.0,1.0000000002165,0.16022940263436,5.971662796699,-1.6757217805422,152.03936375150002,545.03179018254,-1.0
48.8,0.0,1.0000000002165,0.16046807602458,6.035447426221,-1.6711167763262,151.79430605946,545.05518578673,-1.0
48.84,0.0,1.0000000002165,0.16070931579533998,6.09645464695,-1.6790604085988,151.4865665156,544.87470541155,-1.0
48.88,0.0,1.0000000002165,0.16323720062723998,6.159760412887,-1.6762974060692,151.08716657536002,544.32657982767,-1.0
48.92,0.0,1.0000000002165,0.16290357115704,6.222587315239,-1.6841259132364,150.53751918126,543.27377763912,-1.0
48.96,0.0,1.0000000002165,0.15885638904545998,0.0011916189189999996,-1.6875221038457,150.07102761068,542.5618828259101,-1.0
49.0,0.0,1.0000000002165,0.15024361595322,0.064880475724,-1.6895943557429,149.62721490106,541.9068059085901,-1.0
49.04,0.0,1.0000000002165,0.15933630220644,0.12598346917,-1.6806721600744,149.37207771526002,541.93354374195,-1.0
49.08,0.0,1.0000000002165,0.16100444955743998,0.189289235107,-1.6584530147322,149.22088530886,542.2410288255901,-1.0
49.12,0.0,1.0000000002165,0.1626700305279,0.25230768289300004,-1.6430262506086,149.1824572389,542.90947465959,-1.0
49.16,0.0,1.0000000002165,0.16576251907859998,0.31446417622600004,-1.6138420363897,149.10591608316,543.40746680592,-1.0
49.2,0.0,1.0000000002165,0.16371968016875998,0.379206532918,-1.6076252806981,149.07504763352,544.1227038483,-1.0
49.24,0.0,1.0000000002165,0.16110710477904,0.439734890062,-1.5996816484254999,148.96480317052,544.6206959946301,-1.0
49.28,0.0,1.0000000002165,0.15478867588956,0.503040655999,-1.6121727223614,148.50965103042,543.821903223,-1.0
49.32,0.0,1.0000000002165,0.12938150854355998,0.565771785634,-1.62472135885,147.84440444226001,542.38808690907,-1.0
49.36,0.0,1.0000000002165,0.11652394203816,0.627066324514,-1.616662601472,147.574463,541.37873369973,-1.0
49.4,0.0,1.0000000002165,0.11392676493168,0.6909467267530001,-1.6273692362742,148.0075662475,540.56991424059,-1.0
49.44,0.0,1.0000000002165,0.11674208438405999,0.751858174765,-1.6457316905855,148.582412376,539.94157515663,-1.0
49.48,0.0,1.0000000002165,0.11130135763926,0.815451258853,-1.6584530147322,149.44641398174002,540.4462517613,-1.0
49.52,0.0,1.0000000002165,0.11382924247116,0.877990843054,-1.6539631356216,150.1967062985,540.64010105316,-1.0
49.56,0.0,1.0000000002165,0.08904570559637999,0.939860018236,-1.6520635713825,151.08905648044,541.24504453293,-1.0
49.6,0.0,1.0000000002165,0.08077426111595999,1.004793920362,-1.6349674932306,151.85887781636,541.40547153309,-1.0
49.64,0.0,1.0000000002165,0.08103603193103999,1.067716595431,-1.6252394218243,152.59720073428002,541.45226274147,-1.0
49.68,0.0,1.0000000002165,0.07987602792696,1.1317885431039998,-1.6185621657111,153.28796104102,541.3286002621801,-1.0
49.72,0.0,1.0000000002165,0.08127213894072,1.1942323545879998,-1.6165474763666,153.90658997054,541.0712486160901,-1.0
49.76,0.0,1.0000000002165,0.08522693135286,1.255335348034,-1.6346796804671,154.39639037044,540.2958514486501,-1.0
49.8,0.0,1.0000000002165,0.08605587226728,1.3193115229899999,-1.6395724974466,154.89753020082,539.61403669797,-1.0
49.84,0.0,1.0000000002165,0.08489586826319999,1.380031425568,-1.6640941448968,155.49096039594002,539.30655161433,-1.0
49.88,0.0,1.0000000002165,0.08628941289641999,1.4441033732409998,-1.6700230878249,156.28692541880002,539.6106944688,-1.0
49.92,0.0,1.0000000002165,0.08569914537222,1.506642957442,-1.672498277591,157.01957862148,539.6909079688801,-1.0
49.96,0.0,1.0000000002165,0.08737499186483999,1.5687994507749998,-1.6677781482696,157.82908796408,539.93154846912,-1.0
50.0,0.0,1.0000000002165,0.08735189443998,1.634882625505,-1.6499913194853,158.75230659566,540.6501277406701,-1.0
50.04,0.0,1.0000000002165,0.08761109887452,1.6968475734039998,-1.6384212463926,159.45787115886,540.57325646976,-1.0
50.08,0.0,1.0000000002165,0.08588392477109999,1.7617814755299999,-1.6259301724567,160.07933494600002,540.30587813616,-1.0
50.12,0.0,1.0000000002165,0.08642799744558,1.8250872414669999,-1.6248364839554,160.6982788597,540.03181534422,-1.0
50.16,0.0,1.0000000002165,0.08441852148276,1.8880099165359998,-1.62472135885,161.46306044874,540.21898017774,-1.0
50.2,0.0,1.0000000002165,0.0843954240579,1.954093091266,-1.6461921910071,162.2259521327,540.46964736549,-1.0
50.24,0.0,1.0000000002165,0.08465462849244,2.01845235709,-1.6708289635627,163.00742788328,540.66683888652,-1.0
50.28,0.0,1.0000000002165,0.08434666282764,2.084248213669,-1.6626550810793,163.73819118088,540.59330984478,-1.0
50.32,0.0,1.0000000002165,0.10271681473295999,2.147841297757,-1.6831473498405,164.40280780068002,540.4830162821701,-1.0
50.36,0.0,1.0000000002165,0.10778028353838,2.2111470636940003,-1.666166396794,165.08506353456002,540.3693804903901,-1.0
50.4,0.0,1.0000000002165,0.11821262043347999,2.276176738537,-1.6720953397221,165.61581187786,539.77112146896,-1.0
50.44,0.0,1.0000000002165,0.11789695562705998,2.3373755047,-1.6773335320178,166.20294238938,539.3132360726701,-1.0
50.48,0.0,1.0000000002165,0.11390623388735999,2.402405179543,-1.6706562759046,166.96772397842,539.5772721771,-1.0
50.52,0.0,1.0000000002165,0.11726562601422,2.464082809291,-1.6773335320178,167.35326461474,538.48770546768,-1.0
50.56,0.0,1.0000000002165,0.12683565904788,2.525664666322,-1.6951779233547999,167.47106869806,537.69559715439,-1.0
50.6,0.0,1.0000000002165,0.13696772941979998,2.589736613995,-1.6524665092514,167.32869584870002,537.7223349877501,-1.0
50.64,0.0,1.0000000002165,0.15217353411929999,2.651605789177,-1.6699079627195,166.92268124068002,537.29118742482,-1.0
50.68,0.0,1.0000000002165,0.16201047072911998,2.715773509567,-1.6772184069123999,166.53147088912002,536.82661757019,-1.0
50.72,0.0,1.0000000002165,0.1633757851764,2.7772595938810003,-1.673649528645,166.38153841944,537.0706002996001,-1.0
50.76,0.0,1.0000000002165,0.16220038288907998,2.83922454178,-1.6712319014316,166.07474382812,536.8132486535101,-1.0
50.8,0.0,1.0000000002165,0.16158958432055998,2.90339226217,-1.669620149956,165.84102556656,536.86672432023,-1.0
50.84,0.0,1.0000000002165,0.15646965514326,2.964303710182,-1.6581652019686999,165.85677477556,537.71230830024,-1.0
50.88,0.0,1.0000000002165,0.15304353712236,3.028758748723,-1.6555748870972,165.63660083374,537.80923294617,-1.0
50.92,0.0,1.0000000002165,0.15131123025786,3.090532151188,-1.6515455084082,165.46178461384,538.00976669637,-1.0
50.96,0.0,1.0000000002165,0.15436522310046,3.152688644521,-1.658683264943,165.15971478522002,537.84599746704,-1.0
51.0,0.0,1.0000000002165,0.15516850020947998,3.216760592194,-1.6611584547091,164.86520457692,537.6989393835601,-1.0
51.04,0.0,1.0000000002165,0.15709585199502,3.277576267489,-1.6712894639843,164.44911047514,537.1173915079801,-1.0
51.08,0.0,1.0000000002165,0.15958267473828,3.341648215162,-1.6726709652491,164.16877455494,537.02715132039,-1.0
51.12,0.0,1.0000000002165,0.16094542280502,3.403421617627,-1.6746856545936,163.82859164054,536.6962706325601,-1.0
51.16,0.0,1.0000000002165,0.16258790635061998,3.465961201828,-1.6657058963724,163.35233556038,535.93090015263,-1.0
51.2,0.0,1.0000000002165,0.16057329762671999,3.529841604067,-1.6666268972156,163.14948574846,536.07127377777,-1.0
51.24,0.0,1.0000000002165,0.15912329262161998,3.5887418250220002,-1.6619067678941999,162.98884381666002,536.3453365697101,-1.0
51.28,0.0,1.0000000002165,0.15570487374234,3.652526454544,-1.657532013889,162.74693596642,536.34867879888,-1.0
51.32,0.0,1.0000000002165,0.15762965914733998,3.714012538858,-1.6498761943799,162.5314867873,536.44560344481,-1.0
51.36,0.0,1.0000000002165,0.1592695763124,3.776169032191,-1.6403783731844,162.1409064041,535.93758461097,-1.0
51.4,0.0,1.0000000002165,0.16090949347746,3.840336752581,-1.6318591153847999,161.7865492016,535.4863836730201,-1.0
51.44,0.0,1.0000000002165,0.16254941064252,3.9023017004800002,-1.636809494917,161.15784077832,534.1996254425701,-1.0
51.48,0.0,1.0000000002165,0.16109940563741998,3.966277875436,-1.6267360481945,160.85199113954002,534.0291717549001,-1.0
51.52,0.0,1.0000000002165,0.1613355126471,4.029392095939,-1.6328376787807,160.54393661150002,533.8019001713401,-1.0
51.56,0.0,1.0000000002165,0.16297286343161999,4.091835907423,-1.6219583563204,160.26580558056,533.68157992122,-1.0
51.6,0.0,1.0000000002165,0.1612456893282,4.15514167336,-1.6168928516828,160.10138383860001,533.89882481727,-1.0
51.64,0.0,1.0000000002165,0.15979825070363998,4.219022075599,-1.6048622781685,159.82545769692,533.80858462968,-1.0
51.68,0.0,1.0000000002165,0.1611558660093,4.283668659574,-1.6062437794333,159.44243693404002,533.31393471252,-1.0
51.72,0.0,1.0000000002165,0.16223117945555998,4.346112471058,-1.6101004704642,159.13091758002,533.09000535813,-1.0
51.76,0.0,1.0000000002165,0.160783740831,4.409801327863,-1.6148205997856,158.72899776634,532.59869767014,-1.0
51.8,0.0,1.0000000002165,0.16074011236181998,4.473490184668,-1.6242608584284,158.43606247894002,532.44829735749,-1.0
51.84,0.0,1.0000000002165,0.16153312394868,4.535550905284,-1.6253545469297,158.17305068864002,532.41821729496,-1.0
51.88,0.0,1.0000000002165,0.16232870191607998,4.59952708024,-1.6292688005133,157.85208180922,532.12075889883,-1.0
51.92,0.0,1.0000000002165,0.16116356515091998,4.6604385282520004,-1.640263248079,157.67726558932,532.4249017533,-1.0
51.96,0.0,1.0000000002165,0.1613996721606,4.723744294189,-1.6507396326704,157.449217043,532.47837742002,-1.0
52.0,0.0,1.0000000002165,0.16275215470517998,4.786571196541,-1.6517181960662999,157.10493933426,532.124101128,-1.0
52.04,0.0,1.0000000002165,0.16242622437659998,4.847482644553,-1.6026173386131999,156.94429740246,532.4249017533,-1.0
52.08,0.0,1.0000000002165,0.16014471207654,4.911171501358,-1.534348151111,156.82176855644002,532.84602262872,-1.0
52.12,0.0,1.0000000002165,0.16121745914226,4.973423767408,-1.5385502174581,156.44189763536002,532.35471494073,-1.0
52.16,0.0,1.0000000002165,0.16229020620798,5.037304169647,-1.5492568522603,156.03430810644002,531.79656266934,-1.0
52.2,0.0,1.0000000002165,0.15973152480959998,5.099173344829,-1.5264045188384,155.99115527378,532.4917463367001,-1.0
52.24,0.0,1.0000000002165,0.1591284253827,5.161425610879,-1.521684389517,155.57254129856,531.8600650235701,-1.0
52.28,0.0,1.0000000002165,0.16159728346218,5.225784876703,-1.5169066976429,155.1750312634,531.2985705230101,-1.0
52.32,0.0,1.0000000002165,0.1612713531336,5.287270961017,-1.5132802568227999,154.92839865046,531.37209956475,-1.0
52.36,0.0,1.0000000002165,0.1587178044963,5.37432836077,-1.5098840662135,154.67011162286002,531.31193943969,-1.0
52.4,0.0,1.0000000002165,0.15978798518148,5.434377854329,-1.5033794977584,154.48710581428,531.5291843357401,-1.0
52.44,0.0,1.0000000002165,0.16085816586666,5.498449802002,-1.4958963659074,154.220629198,531.40552185645,-1.0
52.48,0.0,1.0000000002165,0.15942099276426,5.56204288609,-1.4878376085294,153.88580101466002,531.0880100853001,-1.0
52.52,0.0,1.0000000002165,0.15993426887225998,5.623528970404,-1.49232748764,153.53837346412,530.76381385581,-1.0
52.56,0.0,1.0000000002165,0.16072471407858,5.689324826983,-1.4895644851104,153.26937697440002,530.6635469807101,-1.0
52.6,0.0,1.0000000002165,0.16012161465167998,5.749948956844,-1.4849594808944,152.96541724070002,530.46635545968,-1.0
52.64,0.0,1.0000000002165,0.15757319877546,5.816319449725,-1.4931333633778,152.61483984836002,530.1020524801501,-1.0
52.68,0.0,1.0000000002165,0.15836364398178,5.879720988379,-1.4920972374292,152.38931117548,530.17892375106,-1.0
52.72,0.0,1.0000000002165,0.16221578117232,5.941590163561,-1.4951480527223,152.09921074570002,530.02852343841,-1.0
52.76,0.0,1.0000000002165,0.15938762981724,6.007194474706,-1.4920396748765,151.92155966818,530.20231935525,-1.0
52.8,0.0,1.0000000002165,0.15962117044638,6.067531286416,-1.4933636135886,151.65728794116,530.1488436885301,-1.0
52.84,0.0,1.0000000002165,0.16291383667919998,6.132082097674,-1.4910035489278999,151.35647804926,529.92825656331,-1.0
52.88,0.0,1.0000000002165,0.16342454640666,6.195292090894,-1.4938816765629,150.9621178559,529.4168955003,-1.0
52.92,0.0,1.0000000002165,0.16226710878311998,6.257257038793,-1.4903127982955,150.7416289299,529.52718906291,-1.0
52.96,0.0,1.0000000002165,0.16333215670721998,0.039788023869999994,-1.487146857897,150.50413085818002,529.5439002087601,-1.0
53.0,0.0,1.0000000002165,0.16717659475614,0.100316381014,-1.4815057277324,150.19009163072002,529.34002422939,-1.0
53.04,0.0,1.0000000002165,0.16518508345709998,0.165154510423,-1.4771309737272,149.8077008362,528.8654276872501,-1.0
53.08,0.0,1.0000000002165,0.1640302122141,0.22836450364299998,-1.4744255337503,149.4564934755,528.5479159161,-1.0
53.12,0.0,1.0000000002165,0.16398401736437998,0.290329451542,-1.4613012717347,149.2045061315,528.48441356187,-1.0
53.16,0.0,1.0000000002165,0.16588057258344,0.35574221725300004,-1.4427085672125999,148.99315174672,528.55460037444,-1.0
53.2,0.0,1.0000000002165,0.16111993668174,0.415408619944,-1.4369523119426,148.72541519372,528.48441356187,-1.0
53.24,0.0,1.0000000002165,0.15497602166898,0.478618613164,-1.4233099869527,148.54744913202,528.68828954124,-1.0
53.28,0.0,1.0000000002165,0.1460655484341,0.542211697252,-1.4142726661787999,148.30963607612,528.73842297879,-1.0
53.32,0.0,1.0000000002165,0.13438595059656,0.6047512814530001,-1.4037387190347,148.04977412762,528.69163177041,-1.0
53.36,0.0,1.0000000002165,0.11634429540036,0.6705471380320001,-1.3834767004843,148.05386892196,528.58802266614,-1.0
53.4,0.0,1.0000000002165,0.11714243974829999,0.732033222346,-1.4012059667159,148.61454076236,528.19363962408,-1.0
53.44,0.0,1.0000000002165,0.11960103230562,0.798020624359,-1.4078256602763999,149.40105625982,528.21703522827,-1.0
53.48,0.0,1.0000000002165,0.11264870742276,0.860177117692,-1.4337288089914,149.99795128092,527.8594167070801,-1.0
53.52,0.0,1.0000000002165,0.10625328711707999,0.921950520157,-1.435916185994,150.53594426036,527.33802895656,-1.0
53.56,0.0,1.0000000002165,0.0838179884364,0.985256286094,-1.4392548140506,151.02007494502,526.62279191418,-1.0
53.6,0.0,1.0000000002165,0.07798717184951999,1.0453057796529999,-1.4296418677497,151.67272216598002,526.4790760598701,-1.0
53.64,0.0,1.0000000002165,0.08100523536455999,1.111197408949,-1.4207196720811999,152.47498687244,526.74645439347,-1.0
53.68,0.0,1.0000000002165,0.0798785943075,1.172875038697,-1.4028177181915,153.28953596192002,527.0439127896,-1.0
53.72,0.0,1.0000000002165,0.0812387759937,1.235510395615,-1.3977522135539,153.968641854,526.84672126857,-1.0
53.76,0.0,1.0000000002165,0.08314816311546,1.2997738887219998,-1.4056958458264999,154.5545124288,526.44565376817,-1.0
53.8,0.0,1.0000000002165,0.08423117570333999,1.360876882168,-1.4093798491993,155.16621170636,526.14485314287,-1.0
53.84,0.0,1.0000000002165,0.08752127555561999,1.4269600568979999,-1.4386791885235999,155.98926536870002,526.56931624746,-1.0
53.88,0.0,1.0000000002165,0.08556569358414,1.4892123229479999,-1.4488677603515,156.76948118256,526.78990337268,-1.0
53.92,0.0,1.0000000002165,0.08664357341093999,1.5510814981299998,-1.4581353313362,157.2681011395,525.99111060105,-1.0
53.96,0.0,1.0000000002165,0.0868976450844,1.612854900595,-1.458365581547,157.73711258352,525.15555330855,-1.0
54.0,0.0,1.0000000002165,0.08714915037731999,1.673862121324,-1.424403675454,158.62316308186,525.78055016334,-1.0
54.04,0.0,1.0000000002165,0.08684888385414,1.7399452960539998,-1.4113369759911,159.6241828059,526.776534456,-1.0
54.08,0.0,1.0000000002165,0.08489586826319999,1.8016229258019998,-1.418071794657,160.42203773384,527.03388610209,-1.0
54.12,0.0,1.0000000002165,0.08376922720614,1.865407555324,-1.4223889861095,161.16288052520002,527.09070399798,-1.0
54.16,0.0,1.0000000002165,0.08457250431515999,1.9256485943169999,-1.424979300981,161.38368443538002,525.4496694755101,-1.0
54.2,0.0,1.0000000002165,0.08207028328865999,1.985793860593,-1.4424783170018,161.843246354,524.7377746623,-1.0
54.24,0.0,1.0000000002165,0.08397453764934,2.029083128677,-1.5131651317174,162.50597306872,524.6709300789,-1.0
54.28,0.0,1.0000000002165,0.08422860932279999,2.0926762127650003,-1.4685541533749,163.43895620988002,525.29926916286,-1.0
54.32,0.0,1.0000000002165,0.09108341174514,2.154258069796,-1.4793759132825,164.17003449166,525.34271814207,-1.0
54.36,0.0,1.0000000002165,0.112792424733,2.2157441541100003,-1.4708566554829,164.69448315136,524.68764122475,-1.0
54.4,0.0,1.0000000002165,0.12293732700761999,2.278475283745,-1.4676907150844,165.33862579946,524.4470007245101,-1.0
54.44,0.0,1.0000000002165,0.12125378137338,2.34216414055,-1.4682087780586999,166.06025455584,524.5439253704401,-1.0
54.48,0.0,1.0000000002165,0.11902103030358,2.405278361053,-1.4763826605421,166.7522747993,524.45368518285,-1.0
54.52,0.0,1.0000000002165,0.11734005104987999,2.468392581556,-1.4827145413391,167.49784235336,524.6107699538401,-1.0
54.56,0.0,1.0000000002165,0.12307591155678,2.530644847606,-1.4945148646426,167.80558189722,524.38684059945,-1.0
54.6,0.0,1.0000000002165,0.13100859380592,2.592897113656,-1.4400606897884,167.66541393712,524.3768139119401,-1.0
54.64,0.0,1.0000000002165,0.14470023398682,2.6584056520840003,-1.4406363153154,167.2956225098,524.13283118253,-1.0
54.68,0.0,1.0000000002165,0.15756293325329998,2.72142409987,-1.4543937654107,166.90693203168001,523.61812789035,-1.0
54.72,0.0,1.0000000002165,0.1591669210908,2.784155229505,-1.4673453397682,166.70250729886,523.72842145296,-1.0
54.76,0.0,1.0000000002165,0.15912329262161998,2.846215950121,-1.4640642742643,166.46973398984,523.70502584877,-1.0
54.8,0.0,1.0000000002165,0.16017550864302,2.90818089802,-1.4685541533749,166.0104870554,523.00315772307,-1.0
54.84,0.0,1.0000000002165,0.15930807202049999,2.971678209391,-1.4490404480096,165.71219703694,522.88617970212,-1.0
54.88,0.0,1.0000000002165,0.16145869891301998,3.034505111743,-1.4457593825057,165.43123114838002,522.77254391034,-1.0
54.92,0.0,1.0000000002165,0.16004462323548,3.096948923227,-1.4396577519195,165.21389206418002,522.87281078544,-1.0
54.96,0.0,1.0000000002165,0.15808134212237998,3.15910541656,-1.448004322061,164.99655297998,522.94633982718,-1.0
55.0,0.0,1.0000000002165,0.16050400535214,3.221261909893,-1.4590563321794,164.66959940114,522.65222366022,-1.0
55.04,0.0,1.0000000002165,0.16073497960073999,3.284854993981,-1.4594017074956,164.34170086976002,522.38484532662,-1.0
55.08,0.0,1.0000000002165,0.16151002652382,3.347873441767,-1.4450110693206,164.04278088294,522.1976804931,-1.0
55.12,0.0,1.0000000002165,0.16146639805464,3.410508798685,-1.4427661297653,163.68527383864,521.87014203444,-1.0
55.16,0.0,1.0000000002165,0.16279065041328,3.472665292018,-1.4378733127857999,163.37343950044,521.63284376337,-1.0
55.2,0.0,1.0000000002165,0.16220038288907998,3.535300648936,-1.4466228207962,162.98695391158,521.18498505459,-1.0
55.24,0.0,1.0000000002165,0.16160754898434,3.597457142269,-1.4324048702793,162.80741292898,521.4289677840001,-1.0
55.28,0.0,1.0000000002165,0.16211055957018,3.660858680923,-1.4394850642613999,162.40990289382,520.89755334597,-1.0
55.32,0.0,1.0000000002165,0.16206693110099998,3.724068674143,-1.4389670012870999,162.13901649902002,520.88418442929,-1.0
55.36,0.0,1.0000000002165,0.16229533896905998,3.786895576495,-1.4351103102562,161.84734114834,520.6803084499201,-1.0
55.4,0.0,1.0000000002165,0.16170507144486,3.849243615262,-1.4242309877959,161.70591325152,520.99782022107,-1.0
55.44,0.0,1.0000000002165,0.16138684025789998,3.911783199463,-1.4033933437185,161.50337842378002,521.04795365862,-1.0
55.48,0.0,1.0000000002165,0.15861258289416,3.9743227836640003,-1.3919959582838999,161.13201207556,520.58004157482,-1.0
55.52,0.0,1.0000000002165,0.15993426887225998,4.036575049714,-1.39447114805,160.81608294302,520.34942776209,-1.0
55.56,0.0,1.0000000002165,0.15689054155182,4.097869588594,-1.3777780077669999,160.57575001368002,520.34942776209,-1.0
55.6,0.0,1.0000000002165,0.15684691308263998,4.160026081927,-1.3685104367823,160.42676249654002,520.72041519996,-1.0
55.64,0.0,1.0000000002165,0.15380318576219998,4.222948756996,-1.3583794275071,160.34108679958,521.2184073462901,-1.0
55.68,0.0,1.0000000002165,0.15757833153654,4.285105250329,-1.3708129388902999,160.01444820492,520.93097563767,-1.0
55.72,0.0,1.0000000002165,0.16080683825585998,4.3486025617,-1.3836493881424,159.37944009804002,519.5807150529901,-1.0
55.76,0.0,1.0000000002165,0.16049117344944,4.410088646014,-1.3834767004843,158.89152960322002,518.80531788555,-1.0
55.8,0.0,1.0000000002165,0.16099161765474,4.472436684781,-1.3734608163145,158.61371355646,518.78192228136,-1.0
55.84,0.0,1.0000000002165,0.16067595284831998,4.534880496265,-1.3815195736925,158.40109923496001,518.86882023978,-1.0
55.88,0.0,1.0000000002165,0.16199250606534,4.596558126013,-1.3926867089163,158.15541157456002,518.86882023978,-1.0
55.92,0.0,1.0000000002165,0.16004462323548,4.659193482931,-1.4032782186130999,158.00264424726,519.14956749006,-1.0
55.96,0.0,1.0000000002165,0.15918488575457998,4.720296476377,-1.4113945385438,157.84011241038002,519.4403414278501,-1.0
56.0,0.0,1.0000000002165,0.16158958432055998,4.782836060578,-1.4108189130168,157.38874008044002,518.74849998966,-1.0
56.04,0.0,1.0000000002165,0.16235949848255998,4.8466206901,-1.4037962815873999,156.93516286124,518.0198940306,-1.0
56.08,0.0,1.0000000002165,0.16068621837048,4.90983068332,-1.381231760929,156.59844477282002,517.73246232198,-1.0
56.12,0.0,1.0000000002165,0.16118409619524,4.972849131106,-1.3495147943913,156.37795584682002,517.8059913637201,-1.0
56.16,0.0,1.0000000002165,0.16250064941226,5.034047897269,-1.3251658345992,156.22140870936002,518.09008084317,-1.0
56.2,0.0,1.0000000002165,0.15973922395121998,5.097353663206,-1.324820459283,156.05950684084002,518.35077471843,-1.0
56.24,0.0,1.0000000002165,0.15969559548204,5.158935520237,-1.321942331648,155.701054844,517.90960046799,-1.0
56.28,0.0,1.0000000002165,0.16019603968734,5.220325831834,-1.2996656237531,155.34323281552,517.5854042385,-1.0
56.32,0.0,1.0000000002165,0.1606939175121,5.284206234073,-1.2604655253644,155.06604673712002,517.52190188427,-1.0
56.36,0.0,1.0000000002165,0.15766558847489998,5.353354135747,-1.2514857671432,154.87296143478,517.72577786364,-1.0
56.4,0.0,1.0000000002165,0.15952364798586,5.417138765269,-1.2503920786419,154.56333198584002,517.47511067589,-1.0
56.44,0.0,1.0000000002165,0.16056303210456,5.48063607664,-1.2433118846598,154.19448551106,517.00385636292,-1.0
56.48,0.0,1.0000000002165,0.15916435471026,5.54384606986,-1.2375556293898,153.67507659824,516.10813894536,-1.0
56.52,0.0,1.0000000002165,0.1580377136532,5.608396881118,-1.2324325621995,153.37458169052002,515.93100079935,-1.0
56.56,0.0,1.0000000002165,0.16070418303425998,5.66835060196,-1.2307632481712,153.16889702098,516.081401112,-1.0
56.6,0.0,1.0000000002165,0.1598470119339,5.731752140614,-1.2301300600915,153.04510823824,516.40559734149,-1.0
56.64,0.0,1.0000000002165,0.15845090092014,5.796302951872,-1.2334111255954,152.74681821978,516.22511696631,-1.0
56.68,0.0,1.0000000002165,0.15840727245095998,5.859608717809,-1.2337565009116,152.35812774166,515.7237825908101,-1.0
56.72,0.0,1.0000000002165,0.16161268174541998,5.923584892765,-1.2323174370941,152.15968770826,515.90092073682,-1.0
56.76,0.0,1.0000000002165,0.16021657073165999,5.983634386324,-1.2290363715902,151.9732170737,516.0981122578501,-1.0
56.8,0.0,1.0000000002165,0.15963143596854,6.047131697695,-1.2229923035567,151.75524802114,516.14156123706,-1.0
56.84,0.0,1.0000000002165,0.16202330263182,6.109958600047,-1.2210351767649,151.5086154082,516.14156123706,-1.0
56.88,0.0,1.0000000002165,0.16360162666392,6.173264365984,-1.221207864423,151.1684324938,515.80733832006,-1.0
56.92,0.0,1.0000000002165,0.16274702194409998,6.237336313657,-1.220056613369,150.8156502122,515.42966642385,-1.0
56.96,0.0,1.0000000002165,0.16243135713767998,0.014216708431,-1.214875983626,150.55232343772002,515.412955278,-1.0
57.0,0.0,1.0000000002165,0.16590110362775998,0.077809792519,-1.2115949181221,150.27009761244,515.2358171319901,-1.0
57.04,0.0,1.0000000002165,0.16612694511527998,0.140924013022,-1.2021546594793,150.02850474638,515.27592388203,-1.0
57.08,0.0,1.0000000002165,0.16527234039546,0.204229778959,-1.1979525931322,149.65241363546002,514.8113540274001,-1.0
57.12,0.0,1.0000000002165,0.16468720563234,0.268205953915,-1.189548460438,149.26655801496,514.3100196519,-1.0
57.16,0.0,1.0000000002165,0.16572145698996,0.32815967475700003,-1.1818926409289,148.96291326544002,514.1161703600401,-1.0
57.2,0.0,1.0000000002165,0.16351950248664,0.392040076996,-1.1726826324969,148.80668111216002,514.40025983949,-1.0
57.24,0.0,1.0000000002165,0.16104551164608,0.45323884315900004,-1.166523439358,148.53390481228,514.3100196519,-1.0
57.28,0.0,1.0000000002165,0.14617077003624,0.515969972794,-1.1638179993811,148.19561180296,513.9524011307101,-1.0
57.32,0.0,1.0000000002165,0.12995381140398,0.579467284165,-1.1646814376716,147.79274703674,513.4143022343401,-1.0
57.36,0.0,1.0000000002165,0.12210325333212,0.639229459573,-1.1498878616277,147.77825776446002,513.38422217181,-1.0
57.4,0.0,1.0000000002165,0.1228783002552,0.703109861812,-1.1583495568746,148.42523527018,513.24384854667,-1.0
57.44,0.0,1.0000000002165,0.11907235791437999,0.765457900579,-1.1585222445327,149.17962238128,513.22045294248,-1.0
57.48,0.0,1.0000000002165,0.12173369453435999,0.829050984667,-1.1733733831293,149.93936422344,513.4109600051701,-1.0
57.52,0.0,1.0000000002165,0.1112012687982,0.893218705057,-1.1841951430369,150.58161696646002,513.23716408833,-1.0
57.56,0.0,1.0000000002165,0.08129266998503999,0.954513243937,-1.1798203890317,151.31647505840002,513.3675110259601,-1.0
57.6,0.0,1.0000000002165,0.08019425911391999,1.019159827912,-1.1741216963143999,151.98329656746,513.1770039632701,-1.0
57.64,0.0,1.0000000002165,0.08124904151585999,1.0836148664529999,-1.1609974342987999,152.69799567188002,513.1569505882501,-1.0
57.68,0.0,1.0000000002165,0.08095647413429999,1.1477825868429998,-1.1475853595196999,153.4347436689,513.16697727576,-1.0
57.72,0.0,1.0000000002165,0.08470082334215999,1.21204607995,-1.1414837289335,154.1513326784,513.19371510912,-1.0
57.76,0.0,1.0000000002165,0.08575303936355999,1.273436391547,-1.1508088624709,154.8301235863,513.08007931734,-1.0
57.8,0.0,1.0000000002165,0.08626631547156,1.338370293673,-1.1513269254451999,155.512064336,513.00989250477,-1.0
57.84,0.0,1.0000000002165,0.08597631447054,1.401101423308,-1.1646238751189,156.23180318730002,513.0867637756801,-1.0
57.88,0.0,1.0000000002165,0.08541427713227999,1.464790280113,-1.1749851346049,156.84161255978,512.74585640034,-1.0
57.92,0.0,1.0000000002165,0.08485480617456,1.5301072731069998,-1.1753880724738,157.52544321456,512.6723273586,-1.0
57.96,0.0,1.0000000002165,0.08617392577211999,1.591401811987,-1.1760788231062,158.12643303000002,512.25454871235,-1.0
58.0,0.0,1.0000000002165,0.08722614179351999,1.654707577924,-1.165947813831,158.7201782093,511.86685012863006,-1.0
58.04,0.0,1.0000000002165,0.08800632147767999,1.716480980389,-1.1627243108798,159.39613425958,511.74987210768006,-1.0
58.08,0.0,1.0000000002165,0.08530135638851999,1.778541701005,-1.155586554345,160.0116133473,511.42233364902006,-1.0
58.12,0.0,1.0000000002165,0.08554516253981999,1.8415601487909998,-1.1627243108798,160.68819936594002,511.34880460728004,-1.0
58.16,0.0,1.0000000002165,0.08444931804924,1.903908187558,-1.1580041815584,161.38777922972002,511.32540900309004,-1.0
58.2,0.0,1.0000000002165,0.08389241347205999,1.9673097262119998,-1.1745246341833,161.99191888696,511.05803066949,-1.0
58.24,0.0,1.0000000002165,0.0838693160472,2.0377026732070003,-1.1853463940909,162.6448810921,510.88757698182,-1.0
58.28,0.0,1.0000000002165,0.08277603793716,2.100433802842,-1.2193658627366,163.37438445298,510.88089252348004,-1.0
58.32,0.0,1.0000000002165,0.08864535023214,2.16306915976,-1.2159121095746,164.08593371560002,510.75723004419,-1.0
58.36,0.0,1.0000000002165,0.11244852974064,2.225896062112,-1.2038815360603,164.79433313642002,510.70709660664005,-1.0
58.4,0.0,1.0000000002165,0.12285776921087999,2.289010282615,-1.1975496552633,165.51690684534,510.74720335668,-1.0
58.44,0.0,1.0000000002165,0.11827677994697999,2.352124503118,-1.1976647803687,166.30940704222002,510.99452831526,-1.0
58.48,0.0,1.0000000002165,0.11663942916245999,2.415238723621,-1.1988735939754,166.98252823488002,510.89091921099003,-1.0
58.52,0.0,1.0000000002165,0.12142316248901999,2.47816139869,-1.2076231019858,167.59359754408,510.59346081486,-1.0
58.56,0.0,1.0000000002165,0.12326325733619999,2.5413713919100003,-1.2141276704409,167.81534640680002,510.04199300181006,-1.0
58.6,0.0,1.0000000002165,0.13766321854614,2.60362365796,-1.1786691379777,167.46035923594002,509.31338704275004,-1.0
58.64,0.0,1.0000000002165,0.15285875772347998,2.668174469218,-1.2041117862711,166.9727637253,508.70510133381003,-1.0
58.68,0.0,1.0000000002165,0.16110197201795998,2.7318633260230003,-1.1854615191963,166.86283424648002,509.26993806354005,-1.0
58.72,0.0,1.0000000002165,0.16506446357172,2.793732501205,-1.1881669591732,166.32200640942,508.16366020827,-1.0
58.76,0.0,1.0000000002165,0.16341684726504,2.857229812576,-1.1980677182376,165.90874716526002,507.57877010352,-1.0
58.8,0.0,1.0000000002165,0.16257250806738,2.919865169494,-1.1920812127568,165.73046611938,507.77930385372,-1.0
58.84,0.0,1.0000000002165,0.16279578317436,2.982692071846,-1.1795325762682,165.61833175130002,508.15029129159,-1.0
58.88,0.0,1.0000000002165,0.16168710678107998,3.046572474085,-1.1869581455665,165.44383051558,508.38424733349,-1.0
58.92,0.0,1.0000000002165,0.1603089604311,3.108824740135,-1.1848858936693,165.26176965954002,508.56806993784005,-1.0
58.96,0.0,1.0000000002165,0.15466548962364,3.17251359694,-1.1915631497824999,165.040335781,508.66165235460005,-1.0
59.0,0.0,1.0000000002165,0.1607580770256,3.234957408424,-1.1915631497824999,164.73385617386,508.45443414606,-1.0
59.04,0.0,1.0000000002165,0.16098135213258,3.297688538059,-1.2071626015642,164.40343776904,508.15029129159,-1.0
59.08,0.0,1.0000000002165,0.15827382066287998,3.3613773948640002,-1.2012912211888,164.16656966568002,508.22382033333,-1.0
59.12,0.0,1.0000000002165,0.1582301921937,3.423246570046,-1.2004277828982999,163.93442632502,508.27395377088004,-1.0
59.16,0.0,1.0000000002165,0.16138427387735998,3.4866481087,-1.1958803412349999,163.60652779364,507.99989097894,-1.0
59.2,0.0,1.0000000002165,0.15788116444025999,3.548517283882,-1.1900089608596,163.36745480102002,508.01660212479004,-1.0
59.24,0.0,1.0000000002165,0.15597434369903998,3.60923718646,-1.180338452006,163.14791082756,508.09681562487003,-1.0
59.28,0.0,1.0000000002165,0.15620018518655998,3.672351406963,-1.1816048281654,162.8275719165,507.86285958297003,-1.0
59.32,0.0,1.0000000002165,0.16094798918556,3.734603673013,-1.1796477013736,162.35131583634,507.03398674881004,-1.0
59.36,0.0,1.0000000002165,0.15983931279228,3.7973348026480003,-1.1801657643479,162.14689110352,507.23786272818006,-1.0
59.4,0.0,1.0000000002165,0.15554319176832,3.85920397783,-1.1626667483271,162.02971698856,507.62221908273,-1.0
59.44,0.0,1.0000000002165,0.15842523711474,3.9214562438800002,-1.1594432453759,161.76103548302,507.53197889514,-1.0
59.48,0.0,1.0000000002165,0.15094423784063998,3.983229646345,-1.1478156097305,161.62716720652,507.89293964550006,-1.0
59.52,0.0,1.0000000002165,0.14771573112132,4.045194594244,-1.1410807910646,161.35218601738,507.70911704115,-1.0
59.56,0.0,1.0000000002165,0.15006653569595998,4.107734178445,-1.1367635996121,161.01357802388,507.39494749917003,-1.0
59.6,0.0,1.0000000002165,0.15719594083608,4.170752626231,-1.1412534787227,160.50960333588,506.54936351916,-1.0
59.64,0.0,1.0000000002165,0.15741921594306,4.235973846508,-1.1380299757715,160.12217279448,506.10484703955,-1.0
59.68,0.0,1.0000000002165,0.15844063539797998,4.298513430709,-1.1448799195427999,159.76246086092002,505.73051737251,-1.0
59.72,0.0,1.0000000002165,0.16105064440716,4.36009528774,-1.1419442293550999,159.55205142868002,505.85083762263,-1.0
59.76,0.0,1.0000000002165,0.15941586000317998,4.421677144771,-1.1275535911801,159.38699971836002,506.12155818540003,-1.0
59.8,0.0,1.0000000002165,0.15937479791453998,4.482971683651,-1.131985907738,159.14162704214002,506.09482035204,-1.0
59.84,0.0,1.0000000002165,0.15880249505412,4.545032404267,-1.1290502175502999,158.82286305198002,505.85752208097006,-1.0
59.88,0.0,1.0000000002165,0.16140993768276,4.608529715638,-1.1455706701752,158.34251217748002,505.052044851,-1.0
59.92,0.0,1.0000000002165,0.16110197201795998,4.671931254292,-1.1535718650005,157.95098684174002,504.60418614222004,-1.0
59.96,0.0,1.0000000002165,0.16158958432055998,4.7349497020780005,-1.1685956912552,157.62497821544002,504.38359901700005,-1.0
60.0,0.0,1.0000000002165,0.16181029304699998,4.796340013675,-1.1561046173193,157.41582871992,504.51060372546004,-1.0
60.04,0.0,1.0000000002165,0.16229790534959998,4.858879597876,-1.1479882973886,157.11533381220002,504.34683449613004,-1.0
60.08,0.0,1.0000000002165,0.16040135013054,4.920844545775,-1.1097091998431,156.93358794034,504.52731487131,-1.0
60.12,0.0,1.0000000002165,0.16168197401999998,4.984341857146,-1.0846119268659,156.52190361708,503.96582037075,-1.0
60.16,0.0,1.0000000002165,0.16269826071384,5.047647623083,-1.0648104087371,156.19778489586,503.69509980798,-1.0
60.2,0.0,1.0000000002165,0.16053993467969999,5.110091434567,-1.0803522979661,155.85665702892,503.38761472434004,-1.0
60.24,0.0,1.0000000002165,0.15917462023242,5.171960609749,-1.0716027899557,155.56277678898002,503.19710766165,-1.0
60.28,0.0,1.0000000002165,0.16177693009997998,5.235170602969,-1.0436849518962,155.1876306306,502.72919557785,-1.0
60.32,0.0,1.0000000002165,0.16146896443518,5.298572141623,-0.9990739735537,154.93753319168002,502.73588003619,-1.0
60.36,0.0,1.0000000002165,0.15878453039034,5.337551637442,-0.9796753932938,154.77689125988002,503.00994282813,-1.0
60.4,0.0,1.0000000002165,0.15900780549732,5.399708130775,-0.9656301304350001,154.73027360124001,503.69175757881004,-1.0
60.44,0.0,1.0000000002165,0.15843550263689998,5.461194215089,-0.9690263210443,154.65625231894,504.22651424601,-1.0
60.48,0.0,1.0000000002165,0.15733965814631998,5.522680299403,-0.9709258852834002,154.43513342458002,504.21648755850003,-1.0
60.52,0.0,1.0000000002165,0.15861771565524,5.5851241108870004,-0.9767972656587998,153.96454705966002,503.45111707857006,-1.0
60.56,0.0,1.0000000002165,0.15936709877292,5.647089058786,-0.9646515670391,153.67507659824,503.29403230758004,-1.0
60.6,0.0,1.0000000002165,0.16064258990129998,5.709245552119,-0.9757611397102002,153.38655108936,503.11020970323,-1.0
60.64,0.0,1.0000000002165,0.15717284341121998,5.77274286349,-0.9809993320058998,153.2032302966,503.31742791177004,-1.0
60.68,0.0,1.0000000002165,0.1468482944988,5.833462766068,-0.9853740860110998,153.37741654814002,504.79803543408,-1.0
60.72,0.0,1.0000000002165,0.15840727245095998,5.898013577326,-1.0044848535075,152.47593182498002,502.51529291097006,-1.0
60.76,0.0,1.0000000002165,0.15942099276426,5.960074297942,-0.9990739735537,151.89793585468001,501.43909511823006,-1.0
60.8,0.0,1.0000000002165,0.1601678095014,6.022613882143,-0.9883673387515,151.53412912678002,501.16837455546005,-1.0
60.84,0.0,1.0000000002165,0.15907196501082,6.086015420797,-0.9883673387515,151.1684324938,500.72720030502,-1.0
60.88,0.0,1.0000000002165,0.16298056257323998,6.146735323375,-0.9626944402472999,151.19867097508,501.60954880590003,-1.0
60.92,0.0,1.0000000002165,0.15188096673774,6.211094589199,-0.9599314377177,151.4834166738,503.37758803683005,-1.0
60.96,0.0,1.0000000002165,0.15842010435366,6.273155309815,-0.9740342631291998,150.91707511816,502.17438553563,-1.0
61.0,0.0,1.0000000002165,0.16416623038272,0.051951158929,-0.9715015108104001,150.3589231512,501.15834786795006,-1.0
61.04,0.0,1.0000000002165,0.16596526314125998,0.115640015734,-0.9403026072469998,150.35167851506,502.08080311887,-1.0
61.08,0.0,1.0000000002165,0.16592163467208,0.176455691029,-0.9546356828692999,149.90188110602,501.38227722234,-1.0
61.12,0.0,1.0000000002165,0.16403791135572,0.240814956853,-0.9424899842496002,149.54059425156,500.91102290937005,-1.0
61.16,0.0,1.0000000002165,0.16478216171232,0.30306722290300003,-0.9340282890027001,149.22624003992001,500.67038240913,-1.0
61.2,0.0,1.0000000002165,0.16368888360227998,0.364936398085,-0.9276964082057,148.93235979998002,500.51998209648,-1.0
61.24,0.0,1.0000000002165,0.16128161865576,0.427380209569,-0.8986273190922001,148.77864752014,500.80407157593004,-1.0
61.28,0.0,1.0000000002165,0.15572540478666,0.48905783931700003,-0.8863664953671,148.68037245598,501.31877486811004,-1.0
61.32,0.0,1.0000000002165,0.15069529892826,0.5545663777450001,-0.8734724835623,148.74998395976002,502.35152368164006,-1.0
61.36,0.0,1.0000000002165,0.13280762656446,0.617776370965,-0.872378795061,148.52949503376,501.55941536835,-1.0
61.4,0.0,1.0000000002165,0.12962531469486,0.681273682336,-0.8827400545469999,148.98464717386,500.77064928423005,-1.0
61.44,0.0,1.0000000002165,0.13588728321246,0.747644175217,-0.8947706280613001,149.85431849484002,501.14832118044,-1.0
61.48,0.0,1.0000000002165,0.12142572886955999,0.808747168663,-0.9152628968225001,150.29372142594002,500.23589261703,-1.0
61.52,0.0,1.0000000002165,0.1035662866917,0.874064161657,-0.9226309035681002,150.86006298158,499.8047450541,-1.0
61.56,0.0,1.0000000002165,0.07889823694122,0.937944563896,-0.9125574568456001,151.66169771968,500.17573249197005,-1.0
61.6,0.0,1.0000000002165,0.08175975124332,1.001729193418,-0.8869996834467999,152.56318244284,500.84752055514,-1.0
61.64,0.0,1.0000000002165,0.0804303661236,1.0697278224879998,-0.8868269957887001,153.18685111924,500.4731908881,-1.0
61.68,0.0,1.0000000002165,0.08224223078484,1.132267406689,-0.8684069789246998,153.98218617374002,500.74391145087003,-1.0
61.72,0.0,1.0000000002165,0.08300701218576,1.1981590359849998,-0.8645502878937998,154.66066209746,500.59351113822004,-1.0
61.76,0.0,1.0000000002165,0.08481631046645999,1.2616563473559999,-0.8708246061381,155.26322683380002,500.26597267956004,-1.0
61.8,0.0,1.0000000002165,0.08793446282256,1.325728295029,-0.8802073022281998,155.94075780498002,500.19244363782,-1.0
61.84,0.0,1.0000000002165,0.08581976525759999,1.392769196929,-0.8943101276397001,156.7672762933,500.61356451324,-1.0
61.88,0.0,1.0000000002165,0.0850113553875,1.4553087811299998,-0.9111759555807999,157.45016199554001,500.5066131798,-1.0
61.92,0.0,1.0000000002165,0.08655888285312,1.521200410426,-0.9028869479920001,158.04107231722,500.09886122106,-1.0
61.96,0.0,1.0000000002165,0.08601224379809999,1.5842188582119998,-0.9113486432389002,158.52898281204,499.36022857449,-1.0
62.0,0.0,1.0000000002165,0.08625091718832,1.648673896753,-0.8940798774288998,159.18729974824,499.18977488682003,-1.0
62.04,0.0,1.0000000002165,0.08570684451383999,1.7156190259359998,-0.8874026213157,159.9344422232,499.31009513694005,-1.0
62.08,0.0,1.0000000002165,0.08594551790405999,1.7787332464389998,-0.8879782468427,160.70016876478002,499.5039444288,-1.0
62.12,0.0,1.0000000002165,0.08383338671964,1.845582602905,-0.8838913056009998,161.43628679344002,499.54739340801,-1.0
62.16,0.0,1.0000000002165,0.08250656798046,1.907834868955,-0.8921227506371001,161.91222788942002,498.78536515725,-1.0
62.2,0.0,1.0000000002165,0.08405152906553999,1.972194134779,-0.9141116457685001,162.45274074230002,498.22052842752004,-1.0
62.24,0.0,1.0000000002165,0.08481117770537999,2.064519033967,-0.9380001051389999,163.09593843786,498.0667858857,-1.0
62.28,0.0,1.0000000002165,0.0842671050309,2.126292436432,-0.9776607039492999,163.79866814344,497.90301665637,-1.0
62.32,0.0,1.0000000002165,0.10276557596321999,2.191034793124,-0.9921664672296999,164.3820188448,497.45181571842,-1.0
62.36,0.0,1.0000000002165,0.12073023974321999,2.249360377777,-0.9656876929877001,164.80945237706,496.50596486331006,-1.0
62.4,0.0,1.0000000002165,0.12304511499029999,2.3136238708840002,-0.9544629952112,165.40004771456,496.13497742544,-1.0
62.44,0.0,1.0000000002165,0.1284858417351,2.375205727915,-0.9578591858204999,166.05426985642,495.99126157113005,-1.0
62.48,0.0,1.0000000002165,0.12688955303922,2.436787584946,-0.9641910666175,166.76581911904,495.95449705026004,-1.0
62.52,0.0,1.0000000002165,0.12581423959295998,2.502774986959,-0.9761640775790998,167.43169567556,495.85088794599005,-1.0
62.56,0.0,1.0000000002165,0.12343777121291999,2.563590662254,-0.9812871447694,167.7869978306,495.70717209168004,-1.0
62.6,0.0,1.0000000002165,0.13381878049721999,2.630248473286,-0.9419719212753002,167.66856377892,495.71051432085005,-1.0
62.64,0.0,1.0000000002165,0.1439354525859,2.694703511827,-0.9300564728663998,167.50792184712,496.14500411295,-1.0
62.68,0.0,1.0000000002165,0.14702024199497998,2.759062777651,-0.9351795400567,167.36901382374,496.44580473825005,-1.0
62.72,0.0,1.0000000002165,0.14099951324814,2.8251459523810003,-0.9335102260284001,167.12553105260002,496.39567130070003,-1.0
62.76,0.0,1.0000000002165,0.14876538076218,2.885291218657,-0.9354097902674998,166.58942797824,495.39634477887,-1.0
62.8,0.0,1.0000000002165,0.15652611551513998,2.951853256972,-0.9348341647404999,166.16262441434,494.80811244495004,-1.0
62.84,0.0,1.0000000002165,0.15414708075456,3.0134351140030002,-0.9366761664269001,165.81582683216,494.50062736131,-1.0
62.88,0.0,1.0000000002165,0.15644399133786,3.077028198091,-0.9440441731724998,165.49800779454,494.23324902771003,-1.0
62.92,0.0,1.0000000002165,0.15822249305208,3.142345191085,-0.9471525510182999,165.08065375604002,493.69515013134003,-1.0
62.96,0.0,1.0000000002165,0.16285737630732,3.20220313921,-0.9401874821415999,164.83150126966,493.67175452715003,-1.0
63.0,0.0,1.0000000002165,0.153726194346,3.2684778593740003,-0.9429504846711998,164.70960239200002,494.11292877759,-1.0
63.04,0.0,1.0000000002165,0.15680071823292,3.32958085282,-0.95123949226,164.4985629914,494.17977336099,-1.0
63.08,0.0,1.0000000002165,0.1585766535666,3.393461255059,-0.9468647382548001,164.14987550414,493.80544369395,-1.0
63.12,0.0,1.0000000002165,0.14686112640149998,3.4579162936,-0.9356400404783001,164.06545974390002,494.36359596534004,-1.0
63.16,0.0,1.0000000002165,0.14941724141933999,3.517965787159,-0.9305745358406998,163.73441137072,494.02937304834006,-1.0
63.2,0.0,1.0000000002165,0.14833936159254,3.583665871021,-0.9140540832158002,163.61723725576002,494.47388952795006,-1.0
63.24,0.0,1.0000000002165,0.14648643484266,3.642374546542,-0.9197527759330999,163.36808476938,494.44715169459005,-1.0
63.28,0.0,1.0000000002165,0.14230066818192,3.705488767045,-0.9256817188611999,163.09026872262,494.28338246526005,-1.0
63.32,0.0,1.0000000002165,0.14822387446823998,3.769848032869,-0.9118091436604998,162.67448960502,493.76199471474,-1.0
63.36,0.0,1.0000000002165,0.15155503640916,3.829897526428,-0.8993180697245999,162.41273775144,493.69180790217,-1.0
63.4,0.0,1.0000000002165,0.15591788332716,3.895693383007,-0.8964975046423,162.04767108682,493.31079377679004,-1.0
63.44,0.0,1.0000000002165,0.15147547861242,3.957083694604,-0.9036928237297999,161.69142397924,492.91306850556003,-1.0
63.48,0.0,1.0000000002165,0.15687257688804,4.021538733145,-0.8947130655086002,161.29580384916,492.39502298421,-1.0
63.52,0.0,1.0000000002165,0.15709071923394,4.085993771686,-0.8905109991615001,161.0353119323,492.35157400500003,-1.0
63.56,0.0,1.0000000002165,0.14747705773109998,4.14556440166,-0.8807829277552002,160.85608593388002,492.51200100516,-1.0
63.6,0.0,1.0000000002165,0.15131892939948,4.210594076503,-0.8830278673105001,160.60189370062,492.47857871346,-1.0
63.64,0.0,1.0000000002165,0.14533156359965999,4.270547797345,-0.8688099167935999,160.5061385099,492.94983302643004,-1.0
63.68,0.0,1.0000000002165,0.14994848219112,4.334045108716,-0.8632263491817,160.2730502167,492.96654417228,-1.0
63.72,0.0,1.0000000002165,0.14810068820232,4.398117056389,-0.8661044768166999,159.86766557704001,492.41173413006004,-1.0
63.76,0.0,1.0000000002165,0.1527124740327,4.458166549948,-0.8658742266059001,159.47803014638,491.94047981709,-1.0
63.8,0.0,1.0000000002165,0.15603080407092,4.523387770225,-0.8634565993924999,159.22761772328002,491.9839287963,-1.0
63.84,0.0,1.0000000002165,0.15521726143974,4.581234491293,-0.8748539848271002,159.02697280062,492.13098687978004,-1.0
63.88,0.0,1.0000000002165,0.15440115242802,4.644252939079,-0.8879782468427,158.76868577302,492.11427573393,-1.0
63.92,0.0,1.0000000002165,0.15616938862007998,4.707367159582,-0.9022537599123002,158.36015129156002,491.54943900420005,-1.0
63.96,0.0,1.0000000002165,0.15948515227776,4.767416653141,-0.8196514967878001,157.98248525974,491.18513602467004,-1.0
64.0,0.0,1.0000000002165,0.15634646887734,4.8328294188520005,-0.8188456210499999,157.61647364258002,490.82751750348,-1.0
64.04,0.0,1.0000000002165,0.15862798117739998,4.8913465489390004,-0.8083692364586001,157.37110096636002,490.78406852427,-1.0
64.08,0.0,1.0000000002165,0.16065028904292,4.955514269329,-0.7943815361525002,157.01453887460002,490.41642331557,-1.0
64.12,0.0,1.0000000002165,0.16189754998536,5.018245398964,-0.7892009064095,156.73640784366,490.26602300292,-1.0
64.16,0.0,1.0000000002165,0.15979311794256,5.078965301542,-0.7835597762448998,156.3987448027,490.012013586,-1.0
64.2,0.0,1.0000000002165,0.15923621336538,5.1435161128,-0.7753283312088,156.18014578178,490.11562269027,-1.0
64.24,0.0,1.0000000002165,0.16022683625381998,5.1999262431130004,-0.7630675074836999,155.92500859598002,490.01869804434,-1.0
64.28,0.0,1.0000000002165,0.16095825470772,5.26418973622,-0.7537423739463001,155.61726905212,489.82150652331006,-1.0
64.32,0.0,1.0000000002165,0.15653894741784,5.327112411289,-0.7460865544372002,155.32842855906,489.6443683773,-1.0
64.36,0.0,1.0000000002165,0.15830205084882,5.365421498089,-0.7459714293317998,154.94320290692002,489.17979852267,-1.0
64.4,0.0,1.0000000002165,0.16006258789925998,5.42987653663,-0.7453382412520999,154.614359423,488.93581579326,-1.0
64.44,0.0,1.0000000002165,0.16105064440716,5.493661166152,-0.7380853596119001,154.33906324968,488.79209993895006,-1.0
64.48,0.0,1.0000000002165,0.15998046372198,5.555721886768,-0.7370492336633001,154.02565399058,488.5748550429,-1.0
64.52,0.0,1.0000000002165,0.1596801971988,5.621134652479,-0.7285875384164,153.80359014368,488.61830402211,-1.0
64.56,0.0,1.0000000002165,0.1606682537067,5.681663009623,-0.7220254074086001,153.55065784714,488.58822395958003,-1.0
64.6,0.0,1.0000000002165,0.16062719161806,5.745351866428,-0.7150603385319001,153.35253279792002,488.69851752219006,-1.0
64.64,0.0,1.0000000002165,0.15724470206634,5.810381541271,-0.7138515249251998,153.06589719412,488.56817058456,-1.0
64.68,0.0,1.0000000002165,0.15720620635823998,5.87330421634,-0.7219678448559002,152.7764267327,488.41108581357,-1.0
64.72,0.0,1.0000000002165,0.16076064340614,5.937280391296,-0.7293934141541998,152.40978514718,487.99664939649006,-1.0
64.76,0.0,1.0000000002165,0.1604629432635,5.998191839308,-0.7317534788149,152.09732084062,487.75935112542004,-1.0
64.8,0.0,1.0000000002165,0.15990860506686,6.061689150679,-0.7350921068715,151.73256916018002,487.35159916668005,-1.0
64.84,0.0,1.0000000002165,0.16294463324567998,6.12422873488,-0.7318686039203,151.4849915947,487.35828362502,-1.0
64.88,0.0,1.0000000002165,0.16341684726504,6.187342955383,-0.7343437936864001,151.16465268364,487.10761643727005,-1.0
64.92,0.0,1.0000000002165,0.1628625090684,6.251319130339,-0.7295085392596001,150.92998946954,487.11095866644,-1.0
64.96,0.0,1.0000000002165,0.16333215670721998,0.029157252283,-0.7273787248097001,150.58476680826,486.79344689529,-1.0
65.0,0.0,1.0000000002165,0.16713553266749998,0.092941881805,-0.7236947214369001,150.33655927442,486.74999791608,-1.0
65.04,0.0,1.0000000002165,0.16606791836286,0.155002602421,-0.714657400663,150.06535789544,486.69318002019,-1.0
65.08,0.0,1.0000000002165,0.16397631822276,0.218308368358,-0.7021087641744002,149.8297497288,486.71657562438,-1.0
65.12,0.0,1.0000000002165,0.16470260391557998,0.282284543314,-0.6944529446652998,149.53429456796002,486.49933072833005,-1.0
65.16,0.0,1.0000000002165,0.1659421657164,0.34338753676,-0.6829404341253,149.2706528093,486.45922397829,-1.0
65.2,0.0,1.0000000002165,0.16359392752229998,0.407267938999,-0.6740182384567999,148.95472367676,486.20521456137004,-1.0
65.24,0.0,1.0000000002165,0.15536097874997998,0.467700523426,-0.6635994164181,148.7115558898,486.22861016556004,-1.0
65.28,0.0,1.0000000002165,0.14764643884674,0.530527425778,-0.6622179151532999,148.51059598296,486.32887704066,-1.0
65.32,0.0,1.0000000002165,0.13456046447328,0.593545873564,-0.6543318454334002,148.31089601284,486.45253951995005,-1.0
65.36,0.0,1.0000000002165,0.1263429139842,0.654553094293,-0.6482877773998998,148.23561479382002,486.34893041568,-1.0
65.4,0.0,1.0000000002165,0.11736058209419999,0.717954632947,-0.6543894079861001,148.79345177660002,485.90775616524,-1.0
65.44,0.0,1.0000000002165,0.12167723416248,0.779249171827,-0.6573250981737999,149.55823336564,485.86764941520005,-1.0
65.48,0.0,1.0000000002165,0.12266785705092,0.843225346783,-0.6820769958347999,150.20363595046,485.59692885243004,-1.0
65.52,0.0,1.0000000002165,0.10398460671972,0.906148021852,-0.6884664391844999,150.7999010032,485.31283937298,-1.0
65.56,0.0,1.0000000002165,0.08224736354592,0.966389060845,-0.6936470689275,151.43175926828002,485.11899008112005,-1.0
65.6,0.0,1.0000000002165,0.08018399359176,1.0291201904799998,-0.6775295541715001,152.1133850338,485.04880326855005,-1.0
65.64,0.0,1.0000000002165,0.08118488200236,1.092042865549,-0.6683195457395001,152.85580274606002,485.15909683116,-1.0
65.68,0.0,1.0000000002165,0.08192913235895999,1.1544866770329998,-0.6535835322482999,153.58625105948002,485.14907014365,-1.0
65.72,0.0,1.0000000002165,0.08445958357139999,1.2169304885169998,-0.6526049688523998,154.25622241034,485.02206543519003,-1.0
65.76,0.0,1.0000000002165,0.08545790560146,1.2779377092459998,-0.6509932173767998,154.94918760634002,484.92514078926,-1.0
65.8,0.0,1.0000000002165,0.08594808428459999,1.340477293447,-0.6560587220144001,155.64498765996,484.90174518507,-1.0
65.84,0.0,1.0000000002165,0.08464949573135999,1.400622559723,-0.6771266163026,156.25007226974,484.58089118475004,-1.0
65.88,0.0,1.0000000002165,0.08564781776142,1.462874825773,-0.6857034366549,156.85578684788,484.24332603858,-1.0
65.92,0.0,1.0000000002165,0.08511657698964,1.5250313191059999,-0.6911718791613999,157.52040346768,484.12634801763,-1.0
65.96,0.0,1.0000000002165,0.08713375209407999,1.585942767118,-0.6919201923465002,158.14438712826,483.80215178814,-1.0
66.0,0.0,1.0000000002165,0.08711065466922,1.6482908058849999,-0.6853580613386998,158.78506495038002,483.54145791288005,-1.0
66.04,0.0,1.0000000002165,0.08810897669928,1.7085318448779998,-0.6805228069118998,159.43897210806,483.36766199604006,-1.0
66.08,0.0,1.0000000002165,0.08554002977873999,1.770879883645,-0.6763207405648002,160.15398619666001,483.34760862102,-1.0
66.12,0.0,1.0000000002165,0.0862817137548,1.8330363769779998,-0.6690102963719,160.91971273824,483.55816905873,-1.0
66.16,0.0,1.0000000002165,0.0837153332148,1.8949055521599998,-0.6739606759040999,161.62905711160002,483.51137785035,-1.0
66.2,0.0,1.0000000002165,0.0842029455174,1.9581155453799999,-0.6889269396061,162.31414770310002,483.48798224616,-1.0
66.24,0.0,1.0000000002165,0.08341763307215999,2.017590402637,-0.7251337852543998,162.93498152188002,483.16378601667003,-1.0
66.28,0.0,1.0000000002165,0.08339710202784,2.072372396761,-0.7329622924215999,163.48683380524,482.56218476607,-1.0
66.32,0.0,1.0000000002165,0.08591728771811999,2.13529507183,-0.7564478139232,164.0906584783,482.26138414077,-1.0
66.36,0.0,1.0000000002165,0.10826019669935999,2.197355792446,-0.7535696862881998,164.70550759766002,481.92716122377004,-1.0
66.4,0.0,1.0000000002165,0.11560004504376,2.26171505827,-0.7508642463112998,165.45422499352,482.05416593223003,-1.0
66.44,0.0,1.0000000002165,0.11328516979667999,2.32492505149,-0.7540877492624998,166.28074348184,482.3917310784,-1.0
66.48,0.0,1.0000000002165,0.11655730498518,2.388613908295,-0.7502310582315999,167.05528958046,482.59560705777005,-1.0
66.52,0.0,1.0000000002165,0.11348021471771999,2.452494310534,-0.7573688147664002,167.79392748256,482.70255839121,-1.0
66.56,0.0,1.0000000002165,0.10786754047673999,2.514650803867,-0.7655426972498001,168.21695123630002,482.68918947453005,-1.0
66.6,0.0,1.0000000002165,0.11063153231831999,2.57872275154,-0.7166145274548001,168.1917525019,482.99667455817,-1.0
66.64,0.0,1.0000000002165,0.1341960384366,2.6421242901940003,-0.7241552218585001,167.75455446006,482.50870909935,-1.0
66.68,0.0,1.0000000002165,0.14887060236431998,2.704951192546,-0.7219102823031998,167.46917879298002,482.44186451595004,-1.0
66.72,0.0,1.0000000002165,0.15415734627671998,2.767969640332,-0.7259972235448999,167.1129316854,482.00737472385003,-1.0
66.76,0.0,1.0000000002165,0.15209140994202,2.829934588231,-0.7214497818816001,166.83921043298,481.87034332788005,-1.0
66.8,0.0,1.0000000002165,0.15788116444025999,2.893527672319,-0.7231766584626,166.45114992322002,481.39240455657,-1.0
66.84,0.0,1.0000000002165,0.1565748767454,2.955492620218,-0.7201258431694999,166.16766416122002,481.2219508689,-1.0
66.88,0.0,1.0000000002165,0.15425486873723998,3.018511068004,-0.7277816626785998,165.80763724348,480.89775463941004,-1.0
66.92,0.0,1.0000000002165,0.15674939062211998,3.0815295157900002,-0.7261123486502998,165.56572939324002,480.91112355609005,-1.0
66.96,0.0,1.0000000002165,0.15848169748662,3.143207145538,-0.7320412915783998,165.19436304502,480.50671382652,-1.0
67.0,0.0,1.0000000002165,0.16274445556356,3.206800229626,-0.7369916711106002,164.89827791582002,480.36968243055003,-1.0
67.04,0.0,1.0000000002165,0.15814806801641998,3.268669404808,-0.7368765460051998,164.65259025542002,480.33960236802,-1.0
67.08,0.0,1.0000000002165,0.15987780850038,3.331400534443,-0.7385458600334998,164.363119794,480.20257097205,-1.0
67.12,0.0,1.0000000002165,0.16110197201795998,3.394802073097,-0.7354374821877001,164.0119124333,479.84161022169,-1.0
67.16,0.0,1.0000000002165,0.15752187116466,3.456383930128,-0.7266304116245998,163.7740993774,479.88505920090006,-1.0
67.2,0.0,1.0000000002165,0.15824045771585998,3.520264332367,-0.7253064729125,163.46887970698,479.65444538817,-1.0
67.24,0.0,1.0000000002165,0.15744231336792,3.5809842349450003,-0.7265152865191999,163.26225008490002,479.77476563829003,-1.0
67.28,0.0,1.0000000002165,0.1601806414041,3.644002682731,-0.7172477155345001,162.91387758182,479.41046265876,-1.0
67.32,0.0,1.0000000002165,0.15837390950393998,3.7075957668190003,-0.7107431470794001,162.59196374986,479.13974209599,-1.0
67.36,0.0,1.0000000002165,0.16010108360736,3.769464942001,-0.6989428237759001,162.28012941166,478.90912828326003,-1.0
67.4,0.0,1.0000000002165,0.16107117545147998,3.83334534424,-0.6903660034236001,161.99412377622002,478.73199013725,-1.0
67.44,0.0,1.0000000002165,0.16203870091505998,3.895118746705,-0.6787959303308999,161.73489179608,478.6818566997,-1.0
67.48,0.0,1.0000000002165,0.15846629920337998,3.95784987634,-0.6631964785491999,161.43597180926,478.49469186618,-1.0
67.52,0.0,1.0000000002165,0.15943382466696,4.021251414994,-0.6654414181044999,161.12665734450002,478.24736690760005,-1.0
67.56,0.0,1.0000000002165,0.15888975199247998,4.082450181157,-0.6542742828806998,160.96255058672,478.52477192871004,-1.0
67.6,0.0,1.0000000002165,0.15733709176577998,4.146234810679,-0.6517990931146,160.68693942922002,478.3810560744,-1.0
67.64,0.0,1.0000000002165,0.15477584398685998,4.210210985635,-0.6465609008188999,160.43085729088,478.36100269938004,-1.0
67.68,0.0,1.0000000002165,0.15801461622833998,4.274282933308,-0.6492663407957999,160.0415368444,477.85632609471,-1.0
67.72,0.0,1.0000000002165,0.16099675041581998,4.337876017396,-0.6493814659011998,159.69158942042,477.51876094854003,-1.0
67.76,0.0,1.0000000002165,0.16045267774133998,4.40031982888,-0.6543894079861001,159.30352891066002,477.08427115644,-1.0
67.8,0.0,1.0000000002165,0.16016011035977998,4.464391776553,-0.6520869058780998,159.07390544344,477.14443128150003,-1.0
67.84,0.0,1.0000000002165,0.16137914111628,4.526835588037,-0.6592822249656001,158.82853276722,477.16782688569003,-1.0
67.88,0.0,1.0000000002165,0.15982904727011998,4.590332899408,-0.6613544768628001,158.61717838244002,477.26475153162005,-1.0
67.92,0.0,1.0000000002165,0.15978798518148,4.652968256326,-0.6633691662072998,158.42377809592,477.43186299012,-1.0
67.96,0.0,1.0000000002165,0.15974948947338,4.71541206781,-0.6754573022743,158.04642704828,477.00405765636003,-1.0
68.0,0.0,1.0000000002165,0.1617204697281,4.778813606464,-0.5771980248154001,157.70939397568,476.71328371857004,-1.0
68.04,0.0,1.0000000002165,0.16167940763945998,4.840970099797,-0.5761618988668,157.3452722636,476.35566519738006,-1.0
68.08,0.0,1.0000000002165,0.16063232437914,4.904180093017,-0.5774282750261999,157.05580180218,476.17852705137,-1.0
68.12,0.0,1.0000000002165,0.16109683925687998,4.96633658635,-0.5732837712318002,156.84161255978,476.28547838481006,-1.0
68.16,0.0,1.0000000002165,0.16256224254521998,5.028971943268,-0.5603321968742998,156.55088216164,476.12505138465,-1.0
68.2,0.0,1.0000000002165,0.16026019920083998,5.091703072903,-0.5494528744139999,156.31023424812,476.14176253050005,-1.0
68.24,0.0,1.0000000002165,0.16047320878566,5.152614520915,-0.5343139230539,155.9798158433,475.83093521769,-1.0
68.28,0.0,1.0000000002165,0.16093515728285998,5.215058332399,-0.5287303554419998,155.77381618958,475.93788655113,-1.0
68.32,0.0,1.0000000002165,0.15913612452432,5.2775979166,-0.5132460287657001,155.47962096546001,475.78414400931,-1.0
68.36,0.0,1.0000000002165,0.15834311293745998,5.354790726502,-0.5091015249713,155.1876306306,475.60032140496,-1.0
68.4,0.0,1.0000000002165,0.15955957731342,5.417234537986,-0.5084107743389001,154.87296143478,475.37639205057,-1.0
68.44,0.0,1.0000000002165,0.16052197001592,5.479486804036,-0.5104254636833998,154.5749864005,475.17920052954,-1.0
68.48,0.0,1.0000000002165,0.15998046372198,5.542505251822,-0.5051297088350002,154.2064549099,474.73802627910004,-1.0
68.52,0.0,1.0000000002165,0.16019090692625998,5.60514060874,-0.5055326467038999,153.88328114122,474.52746584139004,-1.0
68.56,0.0,1.0000000002165,0.16065285542346,5.667871738375,-0.5003520169609001,153.63255373394,474.49404354969005,-1.0
68.6,0.0,1.0000000002165,0.16061179333481998,5.731081731595,-0.5078927113646001,153.36135235496002,474.3703810704,-1.0
68.64,0.0,1.0000000002165,0.15831744913206,5.794866361117,-0.5034603948066998,153.16133740066002,474.52412361222,-1.0
68.68,0.0,1.0000000002165,0.15802744813104,5.857789036186,-0.5001793293027998,152.97140194012002,474.68120838321005,-1.0
68.72,0.0,1.0000000002165,0.15823789133531999,5.92023284767,-0.4971860765624001,152.78272641630002,474.89176882092,-1.0
68.76,0.0,1.0000000002165,0.15619505242547999,5.982676659154,-0.5022515811999999,152.54239348696,474.84163538337003,-1.0
68.8,0.0,1.0000000002165,0.15565611251208,6.045599334223,-0.49361719829499995,152.31277001974001,474.89845327926,-1.0
68.84,0.0,1.0000000002165,0.15386477889515998,6.108043145707,-0.4901058825803002,151.96156265904,474.51743915388005,-1.0
68.88,0.0,1.0000000002165,0.15982904727011998,6.171253138927,-0.4827954383874,151.66579251402,474.36369661206004,-1.0
68.92,0.0,1.0000000002165,0.16029099576731998,6.234080041279,-0.48653700431290003,151.2834017195,473.9024689866,-1.0
68.96,0.0,1.0000000002165,0.16125082208928,0.013833617562999998,-0.48417693965219977,151.00023094168,473.77880650731004,-1.0
69.0,0.0,1.0000000002165,0.16345790935368,0.07704361078300001,-0.4816441873334001,150.62161995732,473.33429002770004,-1.0
69.04,0.0,1.0000000002165,0.16566756299861998,0.13987051313499999,-0.4779026214079001,150.330574575,473.19057417339,-1.0
69.08,0.0,1.0000000002165,0.16587543982236,0.20317627907199998,-0.4682321125543001,150.03417446162,473.01677825655,-1.0
69.12,0.0,1.0000000002165,0.16458455041074,0.266482045009,-0.4544746624589999,149.86975271966,473.25407652762004,-1.0
69.16,0.0,1.0000000002165,0.16604225455746,0.329787810946,-0.43737858430709986,149.65367357218,473.31423665268005,-1.0
69.2,0.0,1.0000000002165,0.1640045484087,0.393476667751,-0.43041351543039985,149.39066178188,473.23068092343004,-1.0
69.24,0.0,1.0000000002165,0.16121745914226,0.454675433914,-0.4260387614251999,149.02055537038,472.79953336050005,-1.0
69.28,0.0,1.0000000002165,0.14745396030624,0.518076972568,-0.4196493180754999,148.6816323927,472.48202158935004,-1.0
69.32,0.0,1.0000000002165,0.13868720438159998,0.580999647637,-0.41314474962039993,148.37830262736,472.27480338081,-1.0
69.36,0.0,1.0000000002165,0.12643273730309998,0.643635004555,-0.4041649913991998,148.30711620268002,472.29151452666,-1.0
69.4,0.0,1.0000000002165,0.11991926349257999,0.707132315926,-0.3988116739980998,148.93897446776,472.09432300563003,-1.0
69.44,0.0,1.0000000002165,0.12462600540293998,0.770150763712,-0.40238055226549996,149.75950825666,472.17119427654,-1.0
69.48,0.0,1.0000000002165,0.12160537550735999,0.834031165951,-0.41268424919879987,150.56429283656,472.44859929765005,-1.0
69.52,0.0,1.0000000002165,0.09516652318428,0.8978157954730001,-0.4197644431808998,151.30104083358,472.59899961030004,-1.0
69.56,0.0,1.0000000002165,0.07820788057596,0.96112156141,-0.42408163463339976,151.92502449416,472.35835911006,-1.0
69.6,0.0,1.0000000002165,0.08042779974306,1.024810418215,-0.41343256238390014,152.48727125546,471.85702473456,-1.0
69.64,0.0,1.0000000002165,0.08190090217302,1.0885950477369999,-0.40773386966659997,153.01675966204002,471.20863227558004,-1.0
69.68,0.0,1.0000000002165,0.0811361207721,1.151805040957,-0.39702723486439995,153.65428764236,470.98470292119003,-1.0
69.72,0.0,1.0000000002165,0.08235771790914,1.214536170592,-0.3901197285403999,154.30787981586002,470.79753808767003,-1.0
69.76,0.0,1.0000000002165,0.08308400360196,1.276596891208,-0.3952427957307001,154.94918760634002,470.55355535826004,-1.0
69.8,0.0,1.0000000002165,0.08455710603191999,1.339040702692,-0.4041649913991998,155.47300629768,469.93858519098,-1.0
69.84,0.0,1.0000000002165,0.08776764808745999,1.401101423308,-0.4244270099495999,156.0932101481,469.66118016987,-1.0
69.88,0.0,1.0000000002165,0.08625348356885999,1.464119871094,-0.43179501669520004,156.80412944236002,469.70797137825,-1.0
69.92,0.0,1.0000000002165,0.08697720288114,1.5271383188799998,-0.43490339454100013,157.56922601558,469.86171392007003,-1.0
69.96,0.0,1.0000000002165,0.08670773292443999,1.5897736757979999,-0.43340676817080004,158.23163774612001,469.67120685738,-1.0
70.0,0.0,1.0000000002165,0.08693614079249999,1.6531752144519998,-0.42425432229150006,158.93405246752002,469.624415649,-1.0
70.04,0.0,1.0000000002165,0.08790623263662,1.7153317077849999,-0.42010981849709994,159.53472729878,469.24005929445,-1.0
70.08,0.0,1.0000000002165,0.08540144522958,1.7787332464389998,-0.4146989385433,160.2557260868,469.31358833619004,-1.0
70.12,0.0,1.0000000002165,0.08587622562948,1.841081285206,-0.41354768748930004,160.9203427066,469.11973904433,-1.0
70.16,0.0,1.0000000002165,0.08461613278433999,1.9034293239729998,-0.4123964364353001,161.59503882016,468.99607656504,-1.0
70.2,0.0,1.0000000002165,0.08434666282764,1.9662562263249999,-0.4323706422222,162.22721206942,468.75209383563003,-1.0
70.24,0.0,1.0000000002165,0.08432613178331999,2.0274549924880003,-0.4783055592768002,162.99388356354,468.955969815,-1.0
70.28,0.0,1.0000000002165,0.084305600739,2.082524304763,-0.45723766498859986,163.87237444156,469.37040623208003,-1.0
70.32,0.0,1.0000000002165,0.09543855952152,2.146692025153,-0.46771404958000007,164.65542511304,469.58096666979003,-1.0
70.36,0.0,1.0000000002165,0.11003613203304,2.2100935638070003,-0.46731111171109996,165.24476051382,469.17655694022005,-1.0
70.4,0.0,1.0000000002165,0.11323127580534,2.274069738763,-0.4711102401892999,165.85488487048002,468.79554281484,-1.0
70.44,0.0,1.0000000002165,0.12187227908352,2.335843141228,-0.47513961887830014,166.34153542858002,468.09033245997,-1.0
70.48,0.0,1.0000000002165,0.12134617107281999,2.3991489071650003,-0.4802626860685999,166.83070586012002,467.37175318842003,-1.0
70.52,0.0,1.0000000002165,0.12255493630716,2.4612096277810003,-0.49102688342349987,167.37121871300002,466.90049887545,-1.0
70.56,0.0,1.0000000002165,0.13217886333216,2.522791484812,-0.4927537600044998,167.78825776732,466.88378772960004,-1.0
70.6,0.0,1.0000000002165,0.1380841049547,2.585139523579,-0.45280534843069997,167.67234358908001,466.80691645869,-1.0
70.64,0.0,1.0000000002165,0.1457190870612,2.6484452895160002,-0.44209871362849995,167.49248762230002,467.22803733411,-1.0
70.68,0.0,1.0000000002165,0.15656717760378,2.7119426008870002,-0.4359970830423001,167.41059173550002,467.73939839712,-1.0
70.72,0.0,1.0000000002165,0.1543036299675,2.774577957805,-0.4303559528776999,167.23798040486002,467.91319431396005,-1.0
70.76,0.0,1.0000000002165,0.15253282739489998,2.837117542006,-0.42557826100359986,166.98882791848,467.81626966803003,-1.0
70.8,0.0,1.0000000002165,0.15447301108314,2.900040217075,-0.4212610695510999,166.69211282092002,467.62242037617,-1.0
70.84,0.0,1.0000000002165,0.15245840235924,2.962100937691,-0.42010981849709994,166.45114992322002,467.62242037617,-1.0
70.88,0.0,1.0000000002165,0.15192716158746,3.025598249062,-0.4222971954996999,166.15474980984,467.4853889802,-1.0
70.92,0.0,1.0000000002165,0.15312309491909998,3.08823360598,-0.4259236363198,165.88102855742,467.41854439680003,-1.0
70.96,0.0,1.0000000002165,0.1508646800439,3.150581644747,-0.4319677043532999,165.67628884042,467.57228693862004,-1.0
71.0,0.0,1.0000000002165,0.14416129407342,3.213217001665,-0.4307588907466,165.51501694026,467.81626966803003,-1.0
71.04,0.0,1.0000000002165,0.14930945343666,3.275086176847,-0.42891688906019976,165.16506951628,467.42857108431,-1.0
71.08,0.0,1.0000000002165,0.15346698991146,3.33820039735,-0.4336945809342998,164.87937886502002,467.30825083419,-1.0
71.12,0.0,1.0000000002165,0.1514549475681,3.400356890683,-0.43167989158980014,164.60030288154002,467.26145962581,-1.0
71.16,0.0,1.0000000002165,0.14747192497001999,3.4625133840160003,-0.42321819634290003,164.30421775234,467.04755695893004,-1.0
71.2,0.0,1.0000000002165,0.15039503240507998,3.524861422783,-0.4196493180754999,163.97600423678,466.75678302114005,-1.0
71.24,0.0,1.0000000002165,0.15331557345959998,3.585006689059,-0.4180375665998999,163.67393440816,466.56961818762005,-1.0
71.28,0.0,1.0000000002165,0.15647992066542,3.647929364128,-0.4168287529932,163.34540590842002,466.26881756232,-1.0
71.32,0.0,1.0000000002165,0.15520956229812,3.710277402895,-0.4204551938133001,162.91230266092,465.70063860342003,-1.0
71.36,0.0,1.0000000002165,0.16034488975866,3.772625441662,-0.4130871870677,162.5283369455,465.23272651962003,-1.0
71.4,0.0,1.0000000002165,0.15636443354111998,3.834398844127,-0.38804747664319983,162.3802943809,465.55358051994006,-1.0
71.44,0.0,1.0000000002165,0.154111151427,3.89655533746,-0.3776286546045,162.047986071,465.22604206128005,-1.0
71.48,0.0,1.0000000002165,0.15653381465676,3.959382239812,-0.36548295598479985,161.72166246052,464.90184583179,-1.0
71.52,0.0,1.0000000002165,0.15748080907602,4.021538733145,-0.3647346427997,161.38557434046,464.59436074815005,-1.0
71.56,0.0,1.0000000002165,0.15891798217842,4.084844499082,-0.36364095429840004,161.02050767584,464.19663547692005,-1.0
71.6,0.0,1.0000000002165,0.15740381765981998,4.147288310566,-0.36617370661720017,160.6746550462,463.90251930996004,-1.0
71.64,0.0,1.0000000002165,0.15785550063485998,4.211456030956,-0.3581149492392002,160.3927442051,463.78554128901004,-1.0
71.68,0.0,1.0000000002165,0.15830974999043998,4.274378706025,-0.3594964505039999,160.16879045312,463.85238587241,-1.0
71.72,0.0,1.0000000002165,0.16072728045912,4.335864790339,-0.3443574991439,159.96247581522002,463.96936389336,-1.0
71.76,0.0,1.0000000002165,0.15970586100419998,4.398883238125,-0.3476961272004999,159.61630820140002,463.61174537217005,-1.0
71.8,0.0,1.0000000002165,0.16040391651108,4.461231276892,-0.3566183228690001,159.19643428946,463.08033093414,-1.0
71.84,0.0,1.0000000002165,0.16134577816926,4.524153951961,-0.3690518342522,158.8146734633,462.62244553785,-1.0
71.88,0.0,1.0000000002165,0.16130728246116,4.587842808766,-0.37906771842200015,158.50472903018002,462.46536076686004,-1.0
71.92,0.0,1.0000000002165,0.16151259290436,4.650573938401,-0.3764774035505001,158.2776254364,462.5054675169,-1.0
71.96,0.0,1.0000000002165,0.16098135213258,4.714262795206,-0.3896592281187998,157.92547312316,462.14450676654,-1.0
72.0,0.0,1.0000000002165,0.16265976500573998,4.776802379407,-0.3918466051213998,157.62497821544002,461.95734193302,-1.0
72.04,0.0,1.0000000002165,0.16261870291709998,4.839820827193,-0.38482397369199983,157.30085949422002,461.68327914108005,-1.0
72.08,0.0,1.0000000002165,0.16086329862774,4.902073093243,-0.33555042858079975,157.17927560074,462.10440001650005,-1.0
72.12,0.0,1.0000000002165,0.16106860907093998,4.963750722991,-0.28455000688859977,157.07659075806,462.58568101698,-1.0
72.16,0.0,1.0000000002165,0.16250064941226,5.027248034362,-0.27188624529460004,156.72758828662,462.2046668916,-1.0
72.2,0.0,1.0000000002165,0.16049887259106,5.089117209544,-0.28616175836419977,156.42425852128002,461.98073753721,-1.0
72.24,0.0,1.0000000002165,0.15997019819982,5.150699066575,-0.29600495487590006,156.0758860182,461.58969672432005,-1.0
72.28,0.0,1.0000000002165,0.160912059858,5.213142878059,-0.2812689413846998,155.86957138030002,461.77686155784005,-1.0
72.32,0.0,1.0000000002165,0.15915665556863998,5.27472473509,-0.24995491271589998,155.68625058754,461.94731524551,-1.0
72.36,0.0,1.0000000002165,0.15716001150852,5.337264319291,-0.23118952053569997,155.5545872003,462.3383560584,-1.0
72.4,0.0,1.0000000002165,0.15956984283557998,5.403155948587,-0.23176514606269993,155.08872559808,461.56630112013005,-1.0
72.44,0.0,1.0000000002165,0.16099931679635998,5.465599760071,-0.2321105213789001,154.78004110168,461.31563393238,-1.0
72.48,0.0,1.0000000002165,0.15949028503884,5.528139344272,-0.23700333835840004,154.46915171602,461.11844241135003,-1.0
72.52,0.0,1.0000000002165,0.15994196801388,5.589721201303,-0.23849996472860013,154.25401752108002,461.21202482811003,-1.0
72.56,0.0,1.0000000002165,0.15990347230577998,5.652452330938,-0.1991847412344998,153.9576174077,461.07833566131,-1.0
72.6,0.0,1.0000000002165,0.15937479791453998,5.714991915139,-0.21311487898789983,153.63003386050002,460.75748166099004,-1.0
72.64,0.0,1.0000000002165,0.15786833253756,5.778968090095,-0.21156069006499978,153.43348373218,460.89451305696,-1.0
72.68,0.0,1.0000000002165,0.15807364298076,5.842369628749,-0.2224400125253001,153.02557921908002,460.37646753561,-1.0
72.72,0.0,1.0000000002165,0.1590129382584,5.904334576648,-0.21426613004189976,152.72697421644,460.20267161877,-1.0
72.76,0.0,1.0000000002165,0.16043984583864,5.967927660736,-0.21858332149440018,152.28883122206,459.57099030564,-1.0
72.8,0.0,1.0000000002165,0.16088896243314,6.030754563088,-0.22410932655360005,152.02424451086,459.47740788888,-1.0
72.84,0.0,1.0000000002165,0.16085046672504,6.093485692723,-0.22831139290070013,151.63208920676,458.99278465923004,-1.0
72.88,0.0,1.0000000002165,0.16349383868123998,6.1568872313770004,-0.22882945587500014,151.31521512168,458.77219753401005,-1.0
72.92,0.0,1.0000000002165,0.16296773067054,6.218660633842,-0.22623914100350007,151.06385774604001,458.67861511725005,-1.0
72.96,0.0,1.0000000002165,0.1634142808845,-0.001298471723,-0.22347613847390013,150.80525573426002,458.72540632563005,-1.0
73.0,0.0,1.0000000002165,0.1643510097816,0.061432657912,-0.21829550873089998,150.52302990898002,458.57166378381004,-1.0
73.04,0.0,1.0000000002165,0.16552897844946,0.123972242113,-0.20966112582590002,150.34506384728002,458.80227759654,-1.0
73.08,0.0,1.0000000002165,0.16573172251211998,0.18727800805,-0.2054014969261,150.10095110778002,458.78556645069,-1.0
73.12,0.0,1.0000000002165,0.16398658374491998,0.24895563779799998,-0.19429192425499986,149.84927874796,458.73543301314004,-1.0
73.16,0.0,1.0000000002165,0.16467694011018,0.312357176452,-0.17938322310569976,149.67194265462,458.97607351338,-1.0
73.2,0.0,1.0000000002165,0.16415083209947998,0.37489676065300004,-0.16810096277649977,149.37743244632,458.76885530484003,-1.0
73.24,0.0,1.0000000002165,0.16118922895631999,0.43590398138200004,-0.15635820202570017,149.06370820304002,458.54826817962004,-1.0
73.28,0.0,1.0000000002165,0.15481947245604,0.49930552003600004,-0.15641576457840012,148.72762008298,458.23409863764005,-1.0
73.32,0.0,1.0000000002165,0.13433975574683998,0.560887377067,-0.16136614411060002,148.39405183636,457.95335138736004,-1.0
73.36,0.0,1.0000000002165,0.12627618809016,0.624672006589,-0.14576669232890005,148.38302739006002,458.28757430436,-1.0
73.4,0.0,1.0000000002165,0.12576034560162,0.687786227092,-0.13811087281980017,149.01898044948,458.04693380412004,-1.0
73.44,0.0,1.0000000002165,0.12937637578247999,0.750038493142,-0.14870238251659984,149.70218113590002,457.69599974127004,-1.0
73.48,0.0,1.0000000002165,0.12156687979926,0.812769622777,-0.17512359420590018,150.25245849836,457.16124307407006,-1.0
73.52,0.0,1.0000000002165,0.11254348582061999,0.873776843506,-0.18323991413660012,150.89061644704,457.03758059478,-1.0
73.56,0.0,1.0000000002165,0.08869924422348,0.936507973141,-0.18692391750940018,151.52089979122002,456.82702015707,-1.0
73.6,0.0,1.0000000002165,0.08114638629425999,0.999239102776,-0.17299377975600017,152.21040016124002,456.74012219865006,-1.0
73.64,0.0,1.0000000002165,0.0818547073233,1.063502595883,-0.16959758914669987,152.89643570528,456.64653978189006,-1.0
73.68,0.0,1.0000000002165,0.08159293650822,1.126904134537,-0.15802751605400012,153.58688102784,456.53624621928003,-1.0
73.72,0.0,1.0000000002165,0.08133116569314,1.1883902188509998,-0.15940901731879986,154.21212462514,456.28223680236005,-1.0
73.76,0.0,1.0000000002165,0.08325338471759999,1.2518875302219998,-0.16505014748340008,154.87012657716002,456.08170305216004,-1.0
73.8,0.0,1.0000000002165,0.08590188943487999,1.3150017507249998,-0.17086396530610015,155.45662712032,455.68397778093004,-1.0
73.84,0.0,1.0000000002165,0.0878215420788,1.3783075166619998,-0.19314067320099992,156.16628647786,455.68732001010005,-1.0
73.88,0.0,1.0000000002165,0.0863458732683,1.4419963734669998,-0.20661031053279988,156.89421491784,455.74413790599004,-1.0
73.92,0.0,1.0000000002165,0.08705162791679999,1.503482457781,-0.21282706622440006,157.55788658510002,455.587053135,-1.0
73.96,0.0,1.0000000002165,0.08678729072118,1.567650178171,-0.2139783172784,158.26628600592,455.54360415579004,-1.0
74.0,0.0,1.0000000002165,0.08531162191068,1.629902444221,-0.21161825261770018,158.85908623268,455.1191410512,-1.0
74.04,0.0,1.0000000002165,0.08577613678842,1.69282511929,-0.2056317471368998,159.47267541532,454.79494482171003,-1.0
74.08,0.0,1.0000000002165,0.08624065166615999,1.7557477943589999,-0.20171749355329993,160.06327075282002,454.39387732131,-1.0
74.12,0.0,1.0000000002165,0.08670260016336,1.8163719242199998,-0.19993305441960008,160.65827586884,454.04294325846,-1.0
74.16,0.0,1.0000000002165,0.08595578342622,1.8794861447229998,-0.2007964927100998,161.20508840532,453.52155550794004,-1.0
74.2,0.0,1.0000000002165,0.08327391576191999,1.940972229037,-0.2104670015636998,161.81332285690002,453.26086163268,-1.0
74.24,0.0,1.0000000002165,0.08397967041042,2.001404813464,-0.2322256464843,162.49085382808002,453.14722584090003,-1.0
74.28,0.0,1.0000000002165,0.08468542505891999,2.060305034419,-0.2691232427650001,163.40777277606,453.70872034146004,-1.0
74.32,0.0,1.0000000002165,0.08393860832177999,2.120833391563,-0.2885793855776,164.16089995044,453.80564498739,-1.0
74.36,0.0,1.0000000002165,0.10157220901212,2.184234930217,-0.2638850504693,164.85449511480002,453.70872034146004,-1.0
74.4,0.0,1.0000000002165,0.11798934532649999,2.2462956508330003,-0.25289060290359977,165.48981820586002,453.50150213292,-1.0
74.44,0.0,1.0000000002165,0.11868483445283999,2.308260598732,-0.2598556717802998,166.06151449256,453.03359004912005,-1.0
74.48,0.0,1.0000000002165,0.11889784403765999,2.37281140999,-0.2626762368626001,166.72613111236,452.89321642398005,-1.0
74.52,0.0,1.0000000002165,0.12490830726234,2.434010176153,-0.2689505551068998,167.38413306438002,452.75952725718,-1.0
74.56,0.0,1.0000000002165,0.12560379638868,2.497986351109,-0.28195969201710014,167.87015365412,452.87316304896,-1.0
74.6,0.0,1.0000000002165,0.13233541254509998,2.560238617159,-0.24016927875690008,167.78416297298,452.91661202817005,-1.0
74.64,0.0,1.0000000002165,0.15354911408874,2.623065519511,-0.2460406591323001,167.36523401358002,452.49549115275005,-1.0
74.68,0.0,1.0000000002165,0.16220038288907998,2.6867543763160002,-0.24805534847679978,167.08206323576002,452.41193542350004,-1.0
74.72,0.0,1.0000000002165,0.16336808603477998,2.747186960743,-0.24978222505780012,166.77936343878002,452.14455708990005,-1.0
74.76,0.0,1.0000000002165,0.16477702895124,2.810971590265,-0.2458679714741998,166.59446772512,452.26821956919,-1.0
74.8,0.0,1.0000000002165,0.16208489576478,2.872936538164,-0.24978222505780012,166.29302786486,452.08105473567,-1.0
74.84,0.0,1.0000000002165,0.16252631321765998,2.934422622478,-0.23936340301909986,166.08167348008,452.13787263156,-1.0
74.88,0.0,1.0000000002165,0.16297029705108,2.998398797434,-0.24235665575950005,165.74968015436002,451.90057436049005,-1.0
74.92,0.0,1.0000000002165,0.16389419404548,3.059310245446,-0.23999659109879978,165.43627089526,451.66661831859005,-1.0
74.96,0.0,1.0000000002165,0.16096338746879998,3.123477965836,-0.24488940807830017,165.21672692180002,451.78693856871,-1.0
75.0,0.0,1.0000000002165,0.163093483317,3.1858260046030002,-0.24339278170810008,164.9978129167,451.86715206879,-1.0
75.04,0.0,1.0000000002165,0.16353490076987998,3.247695179785,-0.24345034426080003,164.71873693322001,451.72009398531003,-1.0
75.08,0.0,1.0000000002165,0.16156905327624,3.312150218326,-0.24408353234049995,164.45509517456,451.67330277693003,-1.0
75.12,0.0,1.0000000002165,0.16128931779737998,3.3734447572060002,-0.23470083625040017,164.23964599544001,451.77356965203,-1.0
75.16,0.0,1.0000000002165,0.1617333016308,3.437708250313,-0.2242820142116999,164.0418359304,451.94402333970004,-1.0
75.2,0.0,1.0000000002165,0.16289587201542,3.500152061797,-0.22209463720909994,163.8323714507,452.03426352729,-1.0
75.24,0.0,1.0000000002165,0.1578067394046,3.560105782639,-0.20954600072050011,163.65724024662,452.21808613164,-1.0
75.28,0.0,1.0000000002165,0.15656461122324,3.624369275746,-0.1987242408129002,163.43454643136002,452.29829963172006,-1.0
75.32,0.0,1.0000000002165,0.1567673552859,3.685184951041,-0.1876722306945,163.16177013148,452.18466383994,-1.0
75.36,0.0,1.0000000002165,0.15769125228029998,3.748873807846,-0.18640585453510017,162.80016829284,451.79028079788003,-1.0
75.4,0.0,1.0000000002165,0.15933630220644,3.811604937481,-0.18300966392579987,162.4480159796,451.41260890167,-1.0
75.44,0.0,1.0000000002165,0.15977771965932,3.872803703644,-0.17955591076380006,162.14342627754002,451.21207515147,-1.0
75.48,0.0,1.0000000002165,0.16166144297568,3.936971424034,-0.16412914664019995,161.83789162294002,450.99483025542,-1.0
75.52,0.0,1.0000000002165,0.15753983582844,3.99807441748,-0.16775558746030006,161.57676973772,450.907932297,-1.0
75.56,0.0,1.0000000002165,0.15894364598382,4.061188637983,-0.15699139010540009,161.28131457688002,450.73747860933,-1.0
75.6,0.0,1.0000000002165,0.157704084183,4.122962040448,-0.1571065152108,161.10303353100002,450.92130121368,-1.0
75.64,0.0,1.0000000002165,0.15766815485544,4.184639670196,-0.14306125235200007,160.9093182603,451.09509713052,-1.0
75.68,0.0,1.0000000002165,0.15091087489361998,4.247466572548,-0.14277343958849986,160.75592096464,451.37918660997,-1.0
75.72,0.0,1.0000000002165,0.15063627217584,4.307994929692,-0.1373625596346999,160.48188472804,451.22544406815,-1.0
75.76,0.0,1.0000000002165,0.15515566830678,4.37063028661,-0.1408738753494001,160.15808099100002,450.99483025542,-1.0
75.8,0.0,1.0000000002165,0.15991373782794,4.4324036890750005,-0.1423705017196002,159.71867805990001,450.35646448395005,-1.0
75.84,0.0,1.0000000002165,0.15891541579788,4.492836273502,-0.15371032460150014,159.32148300892,449.90860577517003,-1.0
75.88,0.0,1.0000000002165,0.1607965727337,4.556142039439,-0.16263252026999986,158.93058764154,449.45072037888,-1.0
75.92,0.0,1.0000000002165,0.1614766635768,4.617149260168,-0.17247571678170015,158.60489399942,449.21007987864004,-1.0
75.96,0.0,1.0000000002165,0.16167684125891998,4.679784617086,-0.1852546034810998,158.3169984589,449.11315523271,-1.0
76.0,0.0,1.0000000002165,0.16091975899962,4.741174928683,-0.16792827511839992,158.11729848878002,449.236817712,-1.0
76.04,0.0,1.0000000002165,0.16183852323293998,4.802086376695,-0.1525015109947998,157.77743055856,448.90927925334,-1.0
76.08,0.0,1.0000000002165,0.16251861407603999,4.866828733387,-0.10771784499420001,157.26054151918,447.98013954408003,-1.0
76.12,0.0,1.0000000002165,0.16128161865576,4.930326044758,-0.07922438140770005,156.71971368212002,447.06102652233005,-1.0
76.16,0.0,1.0000000002165,0.16148436271841998,4.994397992431,-0.07784288014289986,156.34551247628002,446.66330125110005,-1.0
76.2,0.0,1.0000000002165,0.16096595384933998,5.0577037583680005,-0.07813069290640007,156.13037828134,446.77359481371,-1.0
76.24,0.0,1.0000000002165,0.15973152480959998,5.11861520638,-0.07087781126619985,155.8648466176,446.65995902193004,-1.0
76.28,0.0,1.0000000002165,0.1596930291015,5.182687154053,-0.06281905388819986,155.6301834035,446.66330125110005,-1.0
76.32,0.0,1.0000000002165,0.16180772666645998,5.245801374556,-0.04152090938920017,155.42607365486,446.79030595956004,-1.0
76.36,0.0,1.0000000002165,0.16009595084627998,5.302594595737,-0.0375490932528999,155.11329436412,446.56637660517003,-1.0
76.4,0.0,1.0000000002165,0.1591027615773,5.365613043523,-0.03029621161270013,154.90193997934,446.66664348027,-1.0
76.44,0.0,1.0000000002165,0.16025763282029998,5.427769536856,-0.02396433081570004,154.62443891676,446.54632323015005,-1.0
76.48,0.0,1.0000000002165,0.1614125040633,5.491745711812,-0.013545508776999782,154.36804179424,446.47947864675,-1.0
76.52,0.0,1.0000000002165,0.16041931479431998,5.553997977862,-0.007846816059700057,154.12392905474002,446.52292762596005,-1.0
76.56,0.0,1.0000000002165,0.16038081908621998,5.617303743799,-0.002320811000500189,153.86375212206002,446.44271412588,-1.0
76.6,0.0,1.0000000002165,0.16105834354878,5.680034873434,0.0002695038709998876,153.55254775222002,446.21878477149005,-1.0
76.64,0.0,1.0000000002165,0.15982904727011998,5.743915275673,0.0004421915291001888,153.20984496438,445.88456185449,-1.0
76.68,0.0,1.0000000002165,0.1583585112207,5.807699905195,-0.0020329982369999833,152.88100148046001,445.61718352089,-1.0
76.72,0.0,1.0000000002165,0.15855868890282,5.869664853094,-0.007501440743499899,152.54995310728,445.3598318748,-1.0
76.76,0.0,1.0000000002165,0.15971356014582,5.933162164465,-0.013718196435100083,152.19622587314,444.9587643744,-1.0
76.8,0.0,1.0000000002165,0.16015241121815998,5.995222885081,-0.013833321540499988,151.98046170984,445.06571570784,-1.0
76.84,0.0,1.0000000002165,0.16082993568072,6.05718783298,-0.0027237488693998557,151.79178618602,445.24285385385,-1.0
76.88,0.0,1.0000000002165,0.16293436772352,6.1203978262,-0.0026661863166999034,151.6078354249,445.43001868737,-1.0
76.92,0.0,1.0000000002165,0.16360932580554,6.182171228665,-0.0004788093140999372,151.35647804926,445.37654302065005,-1.0
76.96,0.0,1.0000000002165,0.16285737630732,6.245285449168,-0.0034144995018001723,151.02920948624,445.07574239535,-1.0
77.0,0.0,1.0000000002165,0.16305755398944,0.024272843715999998,0.001708567688500029,150.75769312308,445.00555558278,-1.0
77.04,0.0,1.0000000002165,0.16682500062216,0.086237791615,0.010342950593499989,150.50161098474,444.9587643744,-1.0
77.08,0.0,1.0000000002165,0.16607305112394,0.14973510298599998,0.02680584066570013,150.37026258168,445.33643627061,-1.0
77.12,0.0,1.0000000002165,0.16531853524517998,0.21131696001699998,0.06439418757880011,150.00393598034,444.91197316602,-1.0
77.16,0.0,1.0000000002165,0.16385313195683998,0.273952316935,0.07498569727560023,149.50815088102001,444.04633581099006,-1.0
77.2,0.0,1.0000000002165,0.16500287043876,0.335821492117,0.05541442935759999,149.10087633628,443.54834366466,-1.0
77.24,0.0,1.0000000002165,0.16329879376019998,0.396254076544,0.057889619123700164,148.99850647778,444.00957129012005,-1.0
77.28,0.0,1.0000000002165,0.16064515628183998,0.459368297047,0.06318537397210022,148.75029894394,443.99620237344004,-1.0
77.32,0.0,1.0000000002165,0.14160261267503998,0.520854381361,0.06520006331659989,148.4422444159,443.73216626901,-1.0
77.36,0.0,1.0000000002165,0.13182983557872,0.583681283713,0.07302857048380007,148.31562077554,443.73216626901,-1.0
77.4,0.0,1.0000000002165,0.13298470682171998,0.647370140518,0.06871137903130009,148.96291326544002,443.59513487304,-1.0
77.44,0.0,1.0000000002165,0.12749265246612,0.709813952002,0.06381856205180014,149.61493051804,443.07708935169,-1.0
77.48,0.0,1.0000000002165,0.13007443128936,0.774268990543,0.04816154771740022,150.29214650504002,443.01024476829,-1.0
77.52,0.0,1.0000000002165,0.11390623388735999,0.837000120178,0.04441998179190021,151.05629812572002,443.24420081019,-1.0
77.56,0.0,1.0000000002165,0.09228961059893999,0.899922795247,0.039872540128599976,151.67020229254,442.97682247659003,-1.0
77.6,0.0,1.0000000002165,0.08088204909864,0.964186288354,0.03941203970699991,152.24473343686,442.52896376781,-1.0
77.64,0.0,1.0000000002165,0.08228585925401999,1.028354008744,0.04372923115949989,152.88541125898,442.23150537168004,-1.0
77.68,0.0,1.0000000002165,0.08108222678075999,1.0922344109829998,0.047470797084999905,153.45647757732002,441.74688214203,-1.0
77.72,0.0,1.0000000002165,0.08200869015569999,1.1544866770329998,0.047643484743100206,154.07384657012,441.46947712092003,-1.0
77.76,0.0,1.0000000002165,0.08364860732075999,1.2175051248189999,0.0489674234552,154.80083005756,441.52963724598004,-1.0
77.8,0.0,1.0000000002165,0.0850498510956,1.2825347996619998,0.0639912497099,155.60624460582,441.84714901713005,-1.0
77.84,0.0,1.0000000002165,0.08574020746085999,1.3443082021269999,0.04142672905150002,156.07021630296,441.00156503712003,-1.0
77.88,0.0,1.0000000002165,0.08572224279707999,1.407997058932,0.035900723992300154,156.64159760548,440.59047084921,-1.0
77.92,0.0,1.0000000002165,0.08570171175276,1.4692915978119998,0.01771095733910011,157.14021756242002,439.878576036,-1.0
77.96,0.0,1.0000000002165,0.08733649615674,1.530203045824,0.01218495227990024,157.6555316809,439.25357918121006,-1.0
78.0,0.0,1.0000000002165,0.08613286368348,1.594466538931,0.012127389727199844,158.38912983612002,439.31039707710005,-1.0
78.04,0.0,1.0000000002165,0.08705932705842,1.6562399413959998,0.02208571134430004,159.1391071687,439.42403286888003,-1.0
78.08,0.0,1.0000000002165,0.08633047498506,1.7205992072199998,0.019898334341700075,159.94420673278,439.75157132754003,-1.0
78.12,0.0,1.0000000002165,0.08654605095041999,1.7840965185909998,0.029626405748000018,160.73733689802,439.97215845276,-1.0
78.16,0.0,1.0000000002165,0.08416188342875999,1.8477853753959999,0.032216720619500094,161.61740269694002,440.55704855751003,-1.0
78.2,0.0,1.0000000002165,0.08414135238444,1.914155868277,0.029511280642600113,162.35572561486,440.64394651593,-1.0
78.24,0.0,1.0000000002165,0.08412082134012,1.9760250434589999,0.012530327596099955,163.0480608425,440.61720868257004,-1.0
78.28,0.0,1.0000000002165,0.08339196926676,2.061071216155,-0.021201328286100107,163.68212399684,440.33311920312,-1.0
78.32,0.0,1.0000000002165,0.08597118170946,2.12380234579,-0.024655081448099914,164.36595465162,440.11921653624,-1.0
78.36,0.0,1.0000000002165,0.10767506193623999,2.186150384557,-0.027763459293900006,164.93198122308002,439.65464668161,-1.0
78.4,0.0,1.0000000002165,0.1170911121375,2.249935014079,-0.020395452548299886,165.61927670384,439.56774872319005,-1.0
78.44,0.0,1.0000000002165,0.11541269926433999,2.3129534618650003,-0.02523070697509988,166.31192691566002,439.51093082730006,-1.0
78.48,0.0,1.0000000002165,0.12152068494953999,2.375876136934,-0.02701514610880018,166.99103280774,439.40397949386005,-1.0
78.52,0.0,1.0000000002165,0.11960359868616,2.439277675588,-0.042729722995900055,167.63297056658,439.210130202,-1.0
78.56,0.0,1.0000000002165,0.1216977652068,2.502200350657,-0.05193973142789998,168.01032161422,438.96614747259,-1.0
78.6,0.0,1.0000000002165,0.12780061813092,2.56627229833,-0.014639197278299765,167.92748077488,439.00291199346003,-1.0
78.64,0.0,1.0000000002165,0.14615793813354,2.6311104277390003,-0.00980394285149977,167.63612040838,438.99622753512006,-1.0
78.68,0.0,1.0000000002165,0.15908479691351998,2.694320420959,-0.01325769601350002,167.29121273128,438.69542690982,-1.0
78.72,0.0,1.0000000002165,0.16258277358954,2.757913505047,-0.01901395128350014,166.95921940556002,438.34783507614003,-1.0
78.76,0.0,1.0000000002165,0.16113020220389998,2.820644634682,-0.012106444959500084,166.71227180844002,438.31441278444004,-1.0
78.8,0.0,1.0000000002165,0.16085816586666,2.884429264204,-0.006177502031400106,166.46910402148,438.28767495108,-1.0
78.84,0.0,1.0000000002165,0.16105577716824,2.947351939273,0.0015934425831001242,166.25522976326002,438.37123068033003,-1.0
78.88,0.0,1.0000000002165,0.1629010047765,3.010370387059,0.0006724417398999982,165.97174400126002,438.22417259685005,-1.0
78.92,0.0,1.0000000002165,0.16027303110354,3.0737719257130003,0.0027446936371000596,165.67534388788002,438.08714120088,-1.0
78.96,0.0,1.0000000002165,0.16117639705362,3.136311509914,-0.003702312265299934,165.30051271368,437.66267809629005,-1.0
79.0,0.0,1.0000000002165,0.16325516529102,3.2000003667190002,-0.011703507090599974,164.88567854862,437.12792142909,-1.0
79.04,0.0,1.0000000002165,0.16274702194409998,3.2628272690710003,-0.02051057765369979,164.4765140988,436.59650699106004,-1.0
79.08,0.0,1.0000000002165,0.16200277158749998,3.326228807725,-0.025345832080499786,164.00340786044,435.84784765698004,-1.0
79.12,0.0,1.0000000002165,0.15749877373979998,3.390204982681,-0.030756712034300193,163.48777875778,434.9989214478,-1.0
79.16,0.0,1.0000000002165,0.1558177944861,3.4536065213350002,-0.027072708661500133,163.10444301072002,434.55440496819006,-1.0
79.2,0.0,1.0000000002165,0.16000869390792,3.51825310531,-0.02396433081570004,162.85025077746002,434.52098267649,-1.0
79.24,0.0,1.0000000002165,0.15997276458036,3.580313825926,-0.021604266154999774,162.72236720038,434.90199680187004,-1.0
79.28,0.0,1.0000000002165,0.16157931879839998,3.644290000882,-0.01780513767679981,162.5440861545,435.09250386456,-1.0
79.32,0.0,1.0000000002165,0.16224401135826,3.708457721272,-0.013948446645899892,162.37682955492002,435.34317105231,-1.0
79.36,0.0,1.0000000002165,0.16244162265984,3.771284623624,-0.0020905607896999356,162.27634960150002,435.77431861524,-1.0
79.4,0.0,1.0000000002165,0.16287277459056,3.835739662165,0.011263951436700115,162.02058244734002,435.7007895735,-1.0
79.44,0.0,1.0000000002165,0.16236463124363998,3.898949655385,0.021107147948399962,161.71000804586,435.46014907326,-1.0
79.48,0.0,1.0000000002165,0.16115329962876,3.96263851219,0.034864598043700123,161.40100856528,435.2328774897,-1.0
79.52,0.0,1.0000000002165,0.1611173703012,4.027093550731,0.03503728570179998,161.08917422708,435.04237042701004,-1.0
79.56,0.0,1.0000000002165,0.16178206286105998,4.090303543951,0.05305436469690017,160.7927741137,434.81844107262003,-1.0
79.6,0.0,1.0000000002165,0.16151002652382,4.155524764228,0.050291362167300235,160.54614150076,434.83515221847,-1.0
79.64,0.0,1.0000000002165,0.16030126128948,4.221033302656,0.06007699612630013,160.2856495839,434.74825426005003,-1.0
79.68,0.0,1.0000000002165,0.16026276558138,4.2852010230460005,0.061458497391099876,160.11744803178001,434.9989214478,-1.0
79.72,0.0,1.0000000002165,0.16116099877037998,4.34956028887,0.06629375181789987,159.91680310912,435.12258392709003,-1.0
79.76,0.0,1.0000000002165,0.15995223353604,4.412866054807,0.06709962755570009,159.63615220474,434.97552584361,-1.0
79.8,0.0,1.0000000002165,0.16108657373472,4.478566138669,0.046434671136399874,159.06414093386002,433.92272365506005,-1.0
79.84,0.0,1.0000000002165,0.16151772566543998,4.541967677323,0.044592669450000066,158.69907426924001,433.57178959221005,-1.0
79.88,0.0,1.0000000002165,0.1621824182253,4.606135397713,0.03319528401540017,158.3610962441,433.30441125861,-1.0
79.92,0.0,1.0000000002165,0.16167427487838,4.669536936367,0.03866372652190009,158.25337165454002,433.75561219656004,-1.0
79.96,0.0,1.0000000002165,0.16093515728285998,4.7316934297,0.029396155537200208,158.14816693842002,434.19010198866005,-1.0
80.0,0.0,1.0000000002165,0.15996249905819998,4.796531559109,0.06318537397210022,157.93397769602,434.26697325957,-1.0
80.04,0.0,1.0000000002165,0.1620284353929,4.85811341614,0.1308213733946002,157.60040944940002,433.92940811340003,-1.0
80.08,0.0,1.0000000002165,0.16105577716824,4.920940318492,0.13657762866459988,157.23912259494,433.56510513387,-1.0
80.12,0.0,1.0000000002165,0.16242109161551999,4.983384129976,0.13139699892160017,156.87216602524,433.15066871679005,-1.0
80.16,0.0,1.0000000002165,0.16284967716569998,5.045157532441,0.1271949325745001,156.48442049966002,432.68944109133,-1.0
80.2,0.0,1.0000000002165,0.16070931579533998,5.109899889133,0.13905281843070005,156.07368112894,432.17139556998,-1.0
80.24,0.0,1.0000000002165,0.15740381765981998,5.1705240189940005,0.15217708044629985,155.70514963834,431.72687909037,-1.0
80.28,0.0,1.0000000002165,0.16203613453451998,5.234979057535,0.1672584692536998,155.37882602786001,431.50294973598,-1.0
80.32,0.0,1.0000000002165,0.16013188017384,5.297901732604,0.18078566913820016,155.16652669054,431.58650546523,-1.0
80.36,0.0,1.0000000002165,0.15915922194918,5.360058225937,0.18936248949050016,154.93312341316002,431.60990106942,-1.0
80.4,0.0,1.0000000002165,0.16028842938677998,5.457842169994,0.19788174729010022,154.68302597424,431.60321661108003,-1.0
80.44,0.0,1.0000000002165,0.16025250005921998,5.520669072346,0.20743713103829986,154.46442695332001,431.6232699861,-1.0
80.48,0.0,1.0000000002165,0.16021400435112,5.58598606534,0.20461656595599997,154.04455304138,431.04172211052,-1.0
80.52,0.0,1.0000000002165,0.16064258990129998,5.648046785956,0.20288968937500007,153.71854441508,430.77100154775,-1.0
80.56,0.0,1.0000000002165,0.16060666057373998,5.712597597214,0.21043038377870005,153.50687504612,430.90803294372,-1.0
80.6,0.0,1.0000000002165,0.1587049725936,5.775424499566,0.21658957691759984,153.3638722284,431.18209573566,-1.0
80.64,0.0,1.0000000002165,0.15820196200776,5.840071083541,0.21284801099209982,153.06274735232,430.94145523542005,-1.0
80.68,0.0,1.0000000002165,0.15886408818707998,5.904813440233,0.21192701014890014,152.75311790338,430.73089479771005,-1.0
80.72,0.0,1.0000000002165,0.16068878475102,5.967065706283,0.20968207059360022,152.36789225124002,430.25629825557,-1.0
80.76,0.0,1.0000000002165,0.1611173703012,6.031999608409,0.20691906806399984,152.12188960666,430.26298271391005,-1.0
80.8,0.0,1.0000000002165,0.1610788745931,6.094730738044,0.2102576961206002,151.82737939836,430.07581788039005,-1.0
80.84,0.0,1.0000000002165,0.16383516729306,6.158419594849,0.21440219991499987,151.65130324174,430.31980060980004,-1.0
80.88,0.0,1.0000000002165,0.16193604569345998,6.223257724258,0.21376901183529995,151.45065831908002,430.45014754743005,-1.0
80.92,0.0,1.0000000002165,0.16143303510762,0.0028197551079999997,0.2189496415783001,151.27521213082002,430.63397015178003,-1.0
80.96,0.0,1.0000000002165,0.16348870592016,0.067849429951,0.21112113441109992,150.91550019726,430.2529560264,-1.0
81.0,0.0,1.0000000002165,0.16345021021206,0.130389014152,0.21958282965800002,150.68524676168002,430.29640500561004,-1.0
81.04,0.0,1.0000000002165,0.16573685527319998,0.194460961825,0.23069240232910015,150.4345193544,430.29306277644,-1.0
81.08,0.0,1.0000000002165,0.16407127430274,0.259777954819,0.23685159546799994,150.12048012694,430.07581788039005,-1.0
81.12,0.0,1.0000000002165,0.16589340448613998,0.323083720756,0.2515876089592002,149.86313805188001,429.98891992197,-1.0
81.16,0.0,1.0000000002165,0.16445879776428,0.388688031901,0.26655387266120023,149.60579597682002,429.96552431778,-1.0
81.2,0.0,1.0000000002165,0.16256480892576,0.451706479687,0.28301676273339993,149.46090325402,430.26298271391005,-1.0
81.24,0.0,1.0000000002165,0.15022051852836,0.5151080183410001,0.29320533456129994,149.16765298244002,430.10255571375,-1.0
81.28,0.0,1.0000000002165,0.14020393528074,0.580137693184,0.2968893379341,148.85770854932002,429.87194190102,-1.0
81.32,0.0,1.0000000002165,0.12624795790422,0.641528004781,0.3046602825486002,148.47752264406,429.42742542141,-1.0
81.36,0.0,1.0000000002165,0.1141526064192,0.7040675889820001,0.3140429786387,148.37263291212,429.63130140078005,-1.0
81.4,0.0,1.0000000002165,0.10972046722661999,0.76574521873,0.3086896612376,148.96102336036,429.2168649837,-1.0
81.44,0.0,1.0000000002165,0.11178127080023999,0.827327075761,0.2975225260137999,149.69304659468,428.99962008765004,-1.0
81.48,0.0,1.0000000002165,0.11337755949612,0.8894835690940001,0.2792751968078999,150.33309444844002,428.73224175405005,-1.0
81.52,0.0,1.0000000002165,0.1073260341828,0.950203471672,0.26430893310589987,150.88431676344,428.27769858693,-1.0
81.56,0.0,1.0000000002165,0.08064850846949999,1.011306465118,0.25751655188730016,151.34671353968,427.54240816953,-1.0
81.6,0.0,1.0000000002165,0.07923956555304,1.071930594979,0.2662660598977,151.89793585468001,427.02436264818004,-1.0
81.64,0.0,1.0000000002165,0.08061257914193999,1.134182861029,0.2728281909054999,152.47372693572,426.5765039394,-1.0
81.68,0.0,1.0000000002165,0.08151851147255999,1.1949985363239999,0.27858444617550004,153.13960349224,426.37262796003,-1.0
81.72,0.0,1.0000000002165,0.08150054680878,1.2545691662979999,0.275418505777,153.80138525442,426.21220095987,-1.0
81.76,0.0,1.0000000002165,0.0824064791394,1.3160552506119998,0.2738067543014,154.52805375768,426.25230770991004,-1.0
81.8,0.0,1.0000000002165,0.0851653382199,1.3772540167749998,0.2719647526150002,155.2585020711,426.30912560580003,-1.0
81.84,0.0,1.0000000002165,0.08560932205331999,1.438931646523,0.2579770523089002,156.04690747364,426.6099262311,-1.0
81.88,0.0,1.0000000002165,0.08581976525759999,1.502716276045,0.24704016729589995,156.83153306602,426.82048666881,-1.0
81.92,0.0,1.0000000002165,0.08579923421327999,1.5642023603589998,0.2470977298485999,157.56324131616,426.92075354391,-1.0
81.96,0.0,1.0000000002165,0.0864741922953,1.627603899013,0.2522207970389001,158.29526455048,426.93746468976,-1.0
82.0,0.0,1.0000000002165,0.08483684151078,1.6895688469119998,0.2574589893346002,158.95893621774002,426.77703768960004,-1.0
82.04,0.0,1.0000000002165,0.08735959358159999,1.7511507039429999,0.2661509347923001,159.72088294916,426.91406908557,-1.0
82.08,0.0,1.0000000002165,0.08525772791934,1.813786060861,0.27685756959450014,160.425817544,426.90070016889,-1.0
82.12,0.0,1.0000000002165,0.08570171175276,1.8736440089859998,0.2746701925919002,161.05799079326002,426.6433485228,-1.0
82.16,0.0,1.0000000002165,0.08360241247104,1.936183593187,0.2773180700161002,161.638506637,426.19883204319,-1.0
82.2,0.0,1.0000000002165,0.08242957656425999,1.996903495765,0.26269718163029987,162.32233729178,426.1420141473,-1.0
82.24,0.0,1.0000000002165,0.08356391676293999,2.013855266674,0.23765747120580016,162.9913636901,426.01500943884,-1.0
82.28,0.0,1.0000000002165,0.08377692634775999,2.076969487177,0.1890171141743,163.7300015922,425.9749026888,-1.0
82.32,0.0,1.0000000002165,0.08583259716029999,2.1405625712650003,0.18446967251100022,164.34390575902,425.64736423014,-1.0
82.36,0.0,1.0000000002165,0.10772895592757999,2.202527519164,0.2055375667992001,164.93985582758,425.24963895891005,-1.0
82.4,0.0,1.0000000002165,0.11854368352313999,2.2665036941200003,0.20720688082750005,165.52415148148,424.85191368768005,-1.0
82.44,0.0,1.0000000002165,0.12727707650075998,2.328851732887,0.2005871872670002,166.12388136020002,424.48092624981,-1.0
82.48,0.0,1.0000000002165,0.12609397507182,2.391582862522,0.1950611822077999,166.77369372354002,424.2703658121,-1.0
82.52,0.0,1.0000000002165,0.12514441427202,2.454409764874,0.18867173885809985,167.34885483622,423.87264054087,-1.0
82.56,0.0,1.0000000002165,0.12811115017625999,2.515704303754,0.18107348190169992,167.78825776732,423.7356091449,-1.0
82.6,0.0,1.0000000002165,0.14535722740506,2.578148115238,0.2155534509689998,167.59769233842002,423.37799062371005,-1.0
82.64,0.0,1.0000000002165,0.15753213668681998,2.641166563024,0.2168198271284001,167.30412708266002,423.36462170703004,-1.0
82.68,0.0,1.0000000002165,0.16325003252994,2.703035738206,0.21267532333399997,166.91102682602002,422.95352751912003,-1.0
82.72,0.0,1.0000000002165,0.16413543381624,2.765671095124,0.20933669527740006,166.6136817601,422.73294039390004,-1.0
82.76,0.0,1.0000000002165,0.16317560749427998,2.827157179438,0.21469001267850008,166.32421129868,422.52906441453,-1.0
82.8,0.0,1.0000000002165,0.16313967816671998,2.890079854507,0.21952526710530007,166.14152047428001,422.72291370639005,-1.0
82.84,0.0,1.0000000002165,0.16401994669193998,2.952044802406,0.22856258787920014,165.9112670387,422.71622924805,-1.0
82.88,0.0,1.0000000002165,0.16306268675052,3.014201295739,0.22764158703600001,165.71188205276002,422.87331401904004,-1.0
82.92,0.0,1.0000000002165,0.16164604469243998,3.0773155162420003,0.23017433935480014,165.48383350644002,422.90673631074003,-1.0
82.96,0.0,1.0000000002165,0.16252887959819998,3.139184691424,0.22660546108739998,165.20475752296,422.80981166481,-1.0
83.0,0.0,1.0000000002165,0.16318074025536,3.202394684644,0.22482102195370013,164.945840527,422.77638937311,-1.0
83.04,0.0,1.0000000002165,0.16291383667919998,3.26445540526,0.22309414537270023,164.69763299316,422.73628262307,-1.0
83.08,0.0,1.0000000002165,0.16195657673778,3.3263245804420003,0.2257420227968998,164.47777403552,422.84323395651,-1.0
83.12,0.0,1.0000000002165,0.16283941164354,3.389247255511,0.22988652659129993,164.16373480806,422.61262014378,-1.0
83.16,0.0,1.0000000002165,0.1632602980521,3.45025447624,0.23604571973020017,163.96214493286,422.75299376892,-1.0
83.2,0.0,1.0000000002165,0.16161524812595998,3.512794060441,0.2453708532676,163.68180901266,422.62933128963004,-1.0
83.24,0.0,1.0000000002165,0.16043214669702,3.572747781283,0.24324103881769998,163.41312750712,422.52237995619004,-1.0
83.28,0.0,1.0000000002165,0.16223117945555998,3.634329638314,0.24778848048100022,163.06034522552,422.17144589334004,-1.0
83.32,0.0,1.0000000002165,0.16311144798077998,3.697252313383,0.25337204809290004,162.79701845104,422.09123239326004,-1.0
83.36,0.0,1.0000000002165,0.16169737230324,3.759121488565,0.2685685620056999,162.5125877365,421.95420099729,-1.0
83.4,0.0,1.0000000002165,0.16143046872708,3.8221399363510002,0.2755336308823999,162.25871048742002,421.8639608097,-1.0
83.44,0.0,1.0000000002165,0.16322693510508,3.883913338816,0.28531926484140024,161.96388529494,421.69016489286,-1.0
83.48,0.0,1.0000000002165,0.15883585800114,3.945686741281,0.29884646472590015,161.70055852046002,421.60995139278003,-1.0
83.52,0.0,1.0000000002165,0.15994453439442,4.008513643633,0.30517834552290024,161.44668127138002,421.55313349689004,-1.0
83.56,0.0,1.0000000002165,0.15922081508213998,4.069808182513,0.3129492901374,161.19154408558,421.50634228851004,-1.0
83.6,0.0,1.0000000002165,0.1598726757393,4.132826630299,0.3101862876078001,160.86774034854,421.21891057989,-1.0
83.64,0.0,1.0000000002165,0.15800435070618,4.195845078085,0.3208929224100001,160.61228817856002,421.19885720487,-1.0
83.68,0.0,1.0000000002165,0.16025763282029998,4.258193116852,0.32066267219919986,160.2714752958,420.87131874621,-1.0
83.72,0.0,1.0000000002165,0.16136374283304,4.321690428223,0.3225046738856001,159.99176934396002,420.73428735024004,-1.0
83.76,0.0,1.0000000002165,0.16224144497772,4.38403846699,0.32164123559509994,159.62512775844002,420.34658876652003,-1.0
83.8,0.0,1.0000000002165,0.1606040941932,4.446961142059,0.3204899845411,159.34479183824,420.22292628723005,-1.0
83.84,0.0,1.0000000002165,0.16148179633787998,4.508638771807,0.31335222800630014,158.94822675562,419.76504089094004,-1.0
83.88,0.0,1.0000000002165,0.16144586701032,4.571274128725,0.30005527833260004,158.59607444238,419.42747574477005,-1.0
83.92,0.0,1.0000000002165,0.16163577917028,4.633813712926,0.2912482077695002,158.30313915498002,419.26704874461,-1.0
83.96,0.0,1.0000000002165,0.1611430341066,4.697502569731,0.27858444617550004,157.99130481678,419.10996397362004,-1.0
84.0,0.0,1.0000000002165,0.1624775519874,4.760521017517,0.28716126652780005,157.81270878672,419.29378657797,-1.0
84.04,0.0,1.0000000002165,0.1624390562793,4.823347919869,0.3011489668339,157.5500119806,419.22694199457004,-1.0
84.08,0.0,1.0000000002165,0.16080427187531998,4.885600185919,0.32538280152059995,157.3846452861,419.43081797394,-1.0
84.12,0.0,1.0000000002165,0.16122515828387998,4.94718204295,0.35681195529480014,157.19124499958002,419.60127166161004,-1.0
84.16,0.0,1.0000000002165,0.16232870191607998,5.009721627151,0.37770716192490017,156.88287548736,419.38068453639005,-1.0
84.2,0.0,1.0000000002165,0.16274702194409998,5.071399256899,0.3679790905186002,156.54143263624002,419.0564883069,-1.0
84.24,0.0,1.0000000002165,0.16020117244842,5.131448750458,0.3729870326035001,156.22518851952,418.81584780666003,-1.0
84.28,0.0,1.0000000002165,0.16016524312086,5.19331792564,0.3910616741513002,155.88784046274,418.50836272302,-1.0
84.32,0.0,1.0000000002165,0.16217985184476,5.254804009954,0.42548408066590016,155.58797552338,418.33456680618,-1.0
84.36,0.0,1.0000000002165,0.15872293725738,5.325292729666,0.43354283804390015,155.23361832088,417.97360605582,-1.0
84.4,0.0,1.0000000002165,0.16028329662569998,5.387449222999,0.43567265249380016,154.90162499516,417.68951657637,-1.0
84.44,0.0,1.0000000002165,0.16024736729814,5.450084579917,0.43624827802080013,154.60616983432,417.49900951368005,-1.0
84.48,0.0,1.0000000002165,0.16157675241786,5.5124326186840005,0.4473578506918998,154.38946071848,417.55916963874,-1.0
84.52,0.0,1.0000000002165,0.16017294226248,5.574014475715,0.4523657927768001,154.05967228202002,417.27508015929004,-1.0
84.56,0.0,1.0000000002165,0.1605912622905,5.637224468935,0.4610577382345,153.76736696298002,417.10128424245005,-1.0
84.6,0.0,1.0000000002165,0.16101214869906,5.699189416834,0.46180605141959985,153.5418382901,417.12133761747003,-1.0
84.64,0.0,1.0000000002165,0.15937993067561998,5.763740228092,0.45927329910080017,153.21330979036,416.8506170547,-1.0
84.68,0.0,1.0000000002165,0.15866134412441998,5.82637558501,0.4553014829644999,152.90998002502002,416.64339884616004,-1.0
84.72,0.0,1.0000000002165,0.15862541479686,5.888340532909,0.4561649212550001,152.57987660438002,416.40610057509,-1.0
84.76,0.0,1.0000000002165,0.15995479991658,5.951742071563,0.4562800463604,152.27906671248002,416.17214453319,-1.0
84.8,0.0,1.0000000002165,0.16060152781266,6.013707019462,0.4593308616535001,151.96880729518,415.95155740797003,-1.0
84.84,0.0,1.0000000002165,0.1596545333934,6.076821239965,0.46036698760210015,151.64846838412,415.70757467856004,-1.0
84.88,0.0,1.0000000002165,0.16030126128948,6.139743915034,0.4617484888668999,151.25599809584,415.2129247614,-1.0
84.92,0.0,1.0000000002165,0.15890001751464,6.201708862933,0.4597913620751002,150.89093143122,414.82856840685,-1.0
84.96,0.0,1.0000000002165,0.16113533496497998,6.265110401587,0.45927329910080017,150.61091049520002,414.70824815673,-1.0
85.0,0.0,1.0000000002165,0.15905400034703998,0.043906250700999995,0.4685984326382,150.25907316614,414.36734078139,-1.0
85.04,0.0,1.0000000002165,0.16174356715295998,0.10663738033600001,0.4691164956125,149.99102162896,414.28712728131,-1.0
85.08,0.0,1.0000000002165,0.16352463524771998,0.16917696453699999,0.4809743814687,149.74312907930002,414.26707390629,-1.0
85.12,0.0,1.0000000002165,0.16280604869652,0.230950367002,0.49294739243029984,149.52453005838,414.33057626052005,-1.0
85.16,0.0,1.0000000002165,0.16208746214532,0.293968814788,0.5054384663662002,149.27474760364,414.27041613546004,-1.0
85.2,0.0,1.0000000002165,0.16250578217334,0.35564644453600003,0.5190807913561,149.05646356690002,414.36065632305,-1.0
85.24,0.0,1.0000000002165,0.16042701393594,0.416366347114,0.5255853598111999,148.80479120708,414.3105228855,-1.0
85.28,0.0,1.0000000002165,0.148593433266,0.478810158598,0.5295571759475002,148.53327484392,414.21025601040003,-1.0
85.32,0.0,1.0000000002165,0.13608489451404,0.5402004701950001,0.5255853598111999,148.20002158148,413.89274423925,-1.0
85.36,0.0,1.0000000002165,0.12811884931787998,0.603027372547,0.5319172406082,148.00788123168002,413.79916182249,-1.0
85.4,0.0,1.0000000002165,0.12083546134536,0.665375411314,0.5304781767906999,148.6091860313,413.58860138478,-1.0
85.44,0.0,1.0000000002165,0.12375343601934,0.727914995515,0.5334714295311,149.37239269944,413.41480546794,-1.0
85.48,0.0,1.0000000002165,0.12485954603208,0.791029216018,0.5144182245873998,150.09024164566,413.35464534288,-1.0
85.52,0.0,1.0000000002165,0.11372915363009999,0.852802618483,0.5031359642581998,150.69847609724002,413.08058255094005,-1.0
85.56,0.0,1.0000000002165,0.09218695537734,0.9169703388730001,0.49922171067459997,151.43207425246,413.24769400944,-1.0
85.6,0.0,1.0000000002165,0.07880328086124,0.980467650244,0.5100434705821999,152.12472446428,413.22764063442,-1.0
85.64,0.0,1.0000000002165,0.08240904551994,1.0465508249739999,0.5304206142379999,152.92919406000001,413.49167673885,-1.0
85.68,0.0,1.0000000002165,0.08171099001306,1.1123466815529999,0.5494162566290002,153.7875259505,413.93285098929005,-1.0
85.72,0.0,1.0000000002165,0.0825989576799,1.175556674773,0.5593170156934,154.5056898809,413.91613984344,-1.0
85.76,0.0,1.0000000002165,0.08348435896619999,1.2412567586349998,0.5535607604233999,155.2096795232,413.88605978091005,-1.0
85.8,0.0,1.0000000002165,0.08482144322754,1.305328706308,0.5509128829991998,155.86831144358,413.73900169743,-1.0
85.84,0.0,1.0000000002165,0.08502932005128,1.3697837448489998,0.5305933018961002,156.5593867345,413.68552603071004,-1.0
85.88,0.0,1.0000000002165,0.08568887985005999,1.434621874258,0.5133245360860998,157.21392386054,413.53178348889,-1.0
85.92,0.0,1.0000000002165,0.08499082434317999,1.4967783675909998,0.5163177888265,157.83916745784,413.24769400944,-1.0
85.96,0.0,1.0000000002165,0.08677959157956,1.560946087981,0.5116552220577999,158.42818787444,412.83659982153,-1.0
86.0,0.0,1.0000000002165,0.08675906053523999,1.623677217616,0.5181022279601999,159.03295750004,412.47898130034,-1.0
86.04,0.0,1.0000000002165,0.08764446182154,1.686982983553,0.5231677325978001,159.70355881926,412.33192321686005,-1.0
86.08,0.0,1.0000000002165,0.08536551590201999,1.750671840358,0.5261034227854999,160.3691203916,412.19823405006,-1.0
86.12,0.0,1.0000000002165,0.0860250757008,1.8126367882569998,0.5252975470477002,161.03310704304002,412.02778036239005,-1.0
86.16,0.0,1.0000000002165,0.08397197126879999,1.8763256450619998,0.5244916713098999,161.64543628896,411.74034865377,-1.0
86.2,0.0,1.0000000002165,0.08282479916742,1.939152547414,0.5088922195282,162.33210180136,411.68687298705004,-1.0
86.24,0.0,1.0000000002165,0.08371020045371999,2.000925949879,0.49484695666940004,163.03924128546,411.69689967456003,-1.0
86.28,0.0,1.0000000002165,0.08391551089692,2.076586396309,0.48143488189030004,163.6402311009,411.31588554918005,-1.0
86.32,0.0,1.0000000002165,0.08592755324028,2.138742889642,0.46071236291829987,164.24594567904,410.9682937155,-1.0
86.36,0.0,1.0000000002165,0.10191610400448,2.201761337428,0.45340191872540014,164.88504858026002,410.72431098609,-1.0
86.4,0.0,1.0000000002165,0.11880032157713999,2.263917830761,0.4727429364326001,165.58777828584002,410.63741302767005,-1.0
86.44,0.0,1.0000000002165,0.12733866963371998,2.327798233,0.4621514267358,166.19191794308,410.26308336063005,-1.0
86.48,0.0,1.0000000002165,0.12437963287109999,2.390146271767,0.45645273401849984,166.81590160366,409.98233611035005,-1.0
86.52,0.0,1.0000000002165,0.12322476162809999,2.45326049227,0.4527687306457002,167.46823384044,409.82190911019,-1.0
86.56,0.0,1.0000000002165,0.1256756550438,2.516757803641,0.4426952839232001,167.85786927110001,409.52445071406004,-1.0
86.6,0.0,1.0000000002165,0.14073517605251998,2.5796804787100003,0.4767723151215999,167.7980222769,409.53781963074005,-1.0
86.64,0.0,1.0000000002165,0.15150884155944,2.645380562572,0.4787870044661,167.52745086628002,409.66148211003,-1.0
86.68,0.0,1.0000000002165,0.16205153281776,2.708686328509,0.4820105074173,167.23609049978,409.5645574641,-1.0
86.72,0.0,1.0000000002165,0.16314224454725998,2.7718963217290002,0.4822407576280998,166.94378518074,409.35733925556,-1.0
86.76,0.0,1.0000000002165,0.16153055756814,2.835297860383,0.4838525091036998,166.62187134878002,409.05319640109,-1.0
86.8,0.0,1.0000000002165,0.16239286142957998,2.8978374445840003,0.4847159473942,166.33838558678002,408.8626893384,-1.0
86.84,0.0,1.0000000002165,0.16370684826606,2.961622074106,0.4862125737644001,166.07001906542,408.78247583832,-1.0
86.88,0.0,1.0000000002165,0.16142020320491998,3.0244489764580003,0.4860974486590002,165.77676879384,408.61870660899,-1.0
86.92,0.0,1.0000000002165,0.16183339047186,3.087467424244,0.48316175847129994,165.47091915506002,408.44825292132003,-1.0
86.96,0.0,1.0000000002165,0.1626956943333,3.150581644747,0.48114706912679983,165.1647545321,408.26777254614,-1.0
87.0,0.0,1.0000000002165,0.16310888160023998,3.2131212289480002,0.48206806996999996,164.8765440074,408.13408337934004,-1.0
87.04,0.0,1.0000000002165,0.16307295227267998,3.276810085753,0.47671475256889995,164.64125082494002,408.15079452519,-1.0
87.08,0.0,1.0000000002165,0.16213878975611998,3.339541215388,0.4790748172296002,164.40753256338002,408.17753235855,-1.0
87.12,0.0,1.0000000002165,0.16299852723702,3.4025596631740003,0.48304663336590004,164.12404680138002,408.05052765009003,-1.0
87.16,0.0,1.0000000002165,0.16251348131496,3.465769656394,0.4883423882143001,163.86229494780002,407.98368306669005,-1.0
87.2,0.0,1.0000000002165,0.16180516028591999,3.528213467878,0.4890907013993999,163.5898336321,407.89010064993005,-1.0
87.24,0.0,1.0000000002165,0.16244162265984,3.590274188494,0.49335033029919995,163.3362713672,407.86336281657003,-1.0
87.28,0.0,1.0000000002165,0.16016267674031998,3.652909545412,0.4987612102529999,163.05058071594001,407.71630473309,-1.0
87.32,0.0,1.0000000002165,0.16102241422122,3.7161195386320003,0.5010061498082998,162.72646199472,407.48569092036,-1.0
87.36,0.0,1.0000000002165,0.16188215170211998,3.7792337591350003,0.5118279097159002,162.43006188134,407.25841933680005,-1.0
87.4,0.0,1.0000000002165,0.16296773067054,3.841869116053,0.5201744798574,162.11822754314,407.04117444075,-1.0
87.44,0.0,0.0,0.16225940964149999,3.905749518292,0.5347953682431998,161.80576323658002,406.80387616968005,-1.0
87.48,0.0,0.0,0.15953391350802,3.968672193361,0.5408969988294001,161.51377290172002,406.60668464865,-1.0
87.52,0.0,0.0,0.16039365098892,4.032073732015,0.5464230038886,161.24729628544,406.56657789861003,-1.0
87.56,0.0,0.0,0.15789399634296,4.095187952518,0.5517763212897,161.00381351430002,406.51978669023003,-1.0
87.6,0.0,0.0,0.16009851722681998,4.157727536719,0.5555178872152,160.75686591718002,406.51310223189,-1.0
87.64,0.0,0.0,0.16006258789925998,4.223331847864,0.5623102684338002,160.45794593036,406.32259516920004,-1.0
87.68,0.0,0.0,0.16047320878566,4.285488341197,0.5642673952255999,160.189579409,406.23569721078,-1.0
87.72,0.0,0.0,0.16110967115958,4.349272970719,0.5608712046163,159.85412125730002,405.9549499605,-1.0
87.76,0.0,0.0,0.16107374183202,4.411716782203,0.5605258293000999,159.57567524218,405.81791856453003,-1.0
87.8,0.0,0.0,0.16081453739748,4.47406482097,0.5643825203310002,159.3028989423,405.74104729362,-1.0
87.84,0.0,0.0,0.16077860806991998,4.536700177888,0.5698509628375001,159.09437941514,405.89813206461,-1.0
87.88,0.0,0.0,0.16007028704088,4.597803171334,0.5623102684338002,158.91137360656,406.19559046074005,-1.0
87.92,0.0,0.0,0.16026019920083998,4.660342755535,0.5469410668629,158.67324556648,406.34933300256,-1.0
87.96,0.0,0.0,0.15910532795784,4.721349976264,0.5385369341686999,158.47417556472,406.64010694035005,-1.0
88.0,0.0,0.0,0.15795302309537998,4.783602242314,0.5412423741455998,158.18659500838,406.64344916952,-1.0
88.04,0.0,0.0,0.1570239933399,4.845567190213,0.5544241987139,157.96421617730002,406.83061400304,-1.0
88.08,0.0,0.0,0.15944665656965998,4.907723683546,0.5730744657887001,157.67821054186,406.81724508636,-1.0
88.12,0.0,0.0,0.16119692809793998,4.9711252222,0.6002439906630999,157.32448330772002,406.58997350280004,-1.0
88.16,0.0,0.0,0.16138427387735998,5.0325155337970005,0.6165917556299001,157.02335843164002,406.54986675276,-1.0
88.2,0.0,0.0,0.16045524412187998,5.095438208866,0.6084754356992002,156.71530390360002,406.50641777355,-1.0
88.24,0.0,0.0,0.15997276458036,5.155870793293,0.6088783735680998,156.44315757208,406.50976000272004,-1.0
88.28,0.0,0.0,0.16060666057373998,5.217644195758,0.6230387615323001,156.16439657278002,406.54652452359005,-1.0
88.32,0.0,0.0,0.15945692209182,5.281237279846,0.6464667204812002,155.80405467086,406.30588402335,-1.0
88.36,0.0,0.0,0.16142790234653998,5.317726685023,0.6577489808104002,155.50198484224,406.27246173165,-1.0
88.4,0.0,0.0,0.1600523223771,5.380266269224,0.663965736502,155.19361533002,406.2223282941,-1.0
88.44,0.0,0.0,0.16113276858443998,5.442997398859,0.6712761806949001,154.84492784276,405.97834556469,-1.0
88.48,0.0,0.0,0.16132011436385998,5.504100392305,0.6781836870189002,154.60837472358,406.15882593987004,-1.0
88.52,0.0,0.0,0.16017037588194,5.567597703676,0.6808315644431002,154.33559842370002,406.1889060024,-1.0
88.56,0.0,0.0,0.15968789634042,5.62908378799,0.6894083847954002,154.10377006722,406.38609752343,-1.0
88.6,0.0,0.0,0.15965196701286,5.69133605404,0.6901566979805001,153.96580699638,406.83729846138004,-1.0
88.64,0.0,0.0,0.1596160376853,5.75550377443,0.6887176341629999,153.68704599708002,406.83061400304,-1.0
88.68,0.0,0.0,0.15579726344178,5.816510995159,0.6818676903916998,153.33426371548,406.63676471118004,-1.0
88.72,0.0,0.0,0.15732169348254,5.880199851964,0.6759387474635998,152.98620619658,406.43623096098,-1.0
88.76,0.0,0.0,0.16106860907093998,5.941877481712,0.6686283032707001,152.65452785504002,406.29585733584,-1.0
88.8,0.0,0.0,0.16080940463639998,6.004417065913,0.6676497398748,152.3700971405,406.32927962754,-1.0
88.84,0.0,0.0,0.16032949147542,6.067339740982,0.6636779237385002,152.00030571318,406.04853237726,-1.0
88.88,0.0,0.0,0.1631833066359,6.128346961711,0.6653472377668002,151.71493004610002,406.06524352311004,-1.0
88.92,0.0,0.0,0.16381463624874,6.19222736395,0.6653472377668002,151.48278670544002,406.21230160659,-1.0
88.96,0.0,0.0,0.16133294626656,6.254192311849,0.6635052360803999,151.19426119656,406.21230160659,-1.0
89.0,0.0,0.0,0.16329622737966,0.033658569981999995,0.6689736785868998,150.9353442006,406.27246173165,-1.0
89.04,0.0,0.0,0.1668147351,0.096868563202,0.6677073024275,150.56397785238002,406.00508339805003,-1.0
89.08,0.0,0.0,0.16500030405822,0.158163102082,0.6756509347001001,150.25434840344002,405.92821212714,-1.0
89.12,0.0,0.0,0.16385313195683998,0.222235049755,0.680083251258,149.92392999862,405.76778512698,-1.0
89.16,0.0,0.0,0.16470517029612,0.28448731580500003,0.6915381992453002,149.64642893604,405.81123410619,-1.0
89.2,0.0,0.0,0.16533393352842,0.347026900006,0.7076557140013002,149.30624602164002,405.59398921014,-1.0
89.24,0.0,0.0,0.16352463524771998,0.408608757037,0.7005179574664999,149.04575410478,405.70428277275005,-1.0
89.28,0.0,0.0,0.15483487073927998,0.470190614068,0.6975822672788001,148.86621312218,406.03850568975,-1.0
89.32,0.0,0.0,0.14592953026548,0.534071016307,0.7097279658984998,148.55595370488,405.91484321046005,-1.0
89.36,0.0,0.0,0.12971257163322,0.59622750964,0.7096128407930999,148.17702773634002,405.38677100160004,-1.0
89.4,0.0,0.0,0.12281157436116,0.660203684596,0.7071376510270002,148.73234484568002,405.17955279306,-1.0
89.44,0.0,0.0,0.12810345103464,0.724467177703,0.6985032681219998,149.59571648306002,405.54051354342005,-1.0
89.48,0.0,0.0,0.13161939237443998,0.7877729436400001,0.6919986996668999,150.45310342102002,406.07861243979005,-1.0
89.52,0.0,0.0,0.12184404889757999,0.852036436747,0.671448868353,151.03078440714,405.86805200208005,-1.0
89.56,0.0,0.0,0.08659994494175999,0.915342202684,0.6578065433631002,151.75493303696,406.13543033568004,-1.0
89.6,0.0,0.0,0.08126700617964,0.979605695791,0.6770899985176002,152.46270248942,406.25909281497,-1.0
89.64,0.0,0.0,0.0823551515286,1.045688870521,0.6997696442814001,153.16921200516,406.37607083592,-1.0
89.68,0.0,0.0,0.08233718686482,1.1094735000429998,0.7148510330888,154.03510351598,406.96096094067,-1.0
89.72,0.0,0.0,0.08431073350007999,1.172491947829,0.7122031556646,154.56994665362,406.51978669023003,-1.0
89.76,0.0,0.0,0.08362807627643999,1.235318850181,0.6951070775127,155.18101596282,406.34599077339004,-1.0
89.8,0.0,0.0,0.08493693035184,1.2985288434009998,0.6850336307901999,155.80373968668002,406.22901275244004,-1.0
89.84,0.0,0.0,0.08513967441449999,1.3624092456399999,0.6584397314428001,156.51087917078002,406.37941306509003,-1.0
89.88,0.0,0.0,0.08644596210936,1.424853057124,0.6511868498025999,157.04887215022,405.95160773133,-1.0
89.92,0.0,0.0,0.0870901236249,1.4875841867589998,0.6415739035016998,157.6240332629,405.6875716269,-1.0
89.96,0.0,0.0,0.08596604894837999,1.5500279982429999,0.6248807632186999,158.23321266702,405.48369564753,-1.0
90.0,0.0,0.0,0.08683091919036,1.61429149135,0.6447974064528998,159.08902468408002,406.09198135647,-1.0
90.04,0.0,0.0,0.08791649815878,1.6780761208719999,0.6498629110905001,159.74923152536002,406.03182123141005,-1.0
90.08,0.0,0.0,0.08546817112362,1.7408072505069998,0.6515322251188,160.32533759058,405.70428277275005,-1.0
90.12,0.0,0.0,0.08478808028052,1.8039214710099998,0.6378899001289002,160.89860879818002,405.44358889749003,-1.0
90.16,0.0,0.0,0.08410542305688,1.866269509777,0.6374293997073002,161.55881563946002,405.41685106413,-1.0
90.2,0.0,0.0,0.08320462348734,1.9286175485439998,0.6078422476195002,162.01869254226,404.77848529266004,-1.0
90.24,0.0,0.0,0.08473161990863999,1.9908698145939998,0.5869470409894002,162.74693596642,404.97901904286005,-1.0
90.28,0.0,0.0,0.08316869415978,2.06729644276,0.5781975329789999,163.35958019652,404.76177414681,-1.0
90.32,0.0,0.0,0.08469312420054,2.129740254244,0.5646703330945,164.02514176886,404.79185420934004,-1.0
90.36,0.0,0.0,0.10187504191583999,2.192088293011,0.5781399704262999,164.86173975094002,405.30655750152005,-1.0
90.4,0.0,0.0,0.11750429940443999,2.2554898316650003,0.5902281064933002,165.65959467888,405.72767837694005,-1.0
90.44,0.0,0.0,0.11549482344161999,2.318699824885,0.5977112383443002,166.31854158344,405.66417602271,-1.0
90.48,0.0,0.0,0.12428467679111999,2.381622499954,0.5589716403771998,166.95449464286,405.50040679338,-1.0
90.52,0.0,0.0,0.12337617807995999,2.444832493174,0.5414150618037001,167.64714485468002,405.62741150184,-1.0
90.56,0.0,0.0,0.12180555318948,2.507946713677,0.5359466192972002,168.12970061844,405.72767837694005,-1.0
90.6,0.0,0.0,0.13278966190067998,2.571444025048,0.5666850224390001,168.03142555428002,405.79452296034003,-1.0
90.64,0.0,0.0,0.14663271853343998,2.63618638174,0.5650732709634001,167.67076866818002,405.70762500192,-1.0
90.68,0.0,0.0,0.16200790434857998,2.699109056809,0.5607560795109001,167.28333812678,405.45695781417004,-1.0
90.72,0.0,0.0,0.16241082609336,2.762223277312,0.5570720761381001,167.00615204838002,405.43356220998004,-1.0
90.76,0.0,0.0,0.16149719462112,2.82485863423,0.5625980811972999,166.67006392832002,405.22300177227004,-1.0
90.8,0.0,0.0,0.16124055656712,2.8882601728840003,0.5716929645239,166.47225386328,405.5204601684,-1.0
90.84,0.0,0.0,0.16274445556356,2.9513743933870003,0.5686997117835002,166.15947457254,405.39345545994,-1.0
90.88,0.0,0.0,0.16138940663843998,3.014201295739,0.5647278956471999,165.82842619936002,405.28984635567,-1.0
90.92,0.0,0.0,0.16201303710966,3.077219743525,0.5552300744516998,165.58084863388,405.41350883496,-1.0
90.96,0.0,0.0,0.16153825670976,3.139663555009,0.5574174514543002,165.35406002428002,405.62406927267,-1.0
91.0,0.0,0.0,0.1632602980521,3.202969320946,0.5455020030453999,164.9883633913,405.38342877243,-1.0
91.04,0.0,0.0,0.16300622637863998,3.2659877687320003,0.5389974345902999,164.63432117298,405.14278827219005,-1.0
91.08,0.0,0.0,0.16318843939698,3.328814671084,0.5376734958782001,164.33351128108,405.14613050136,-1.0
91.12,0.0,0.0,0.16315251006942,3.392024664304,0.5383066839579,163.99647820848,404.97567681369003,-1.0
91.16,0.0,0.0,0.16399684926708,3.454851566656,0.5434873137009002,163.58384893268,404.59132045914004,-1.0
91.2,0.0,0.0,0.16264180034196,3.518444650744,0.5435448762536002,163.25374551204,404.44760460483,-1.0
91.24,0.0,0.0,0.16216701994205998,3.580218053209,0.5404364984078001,163.01876731376,404.59466268831005,-1.0
91.28,0.0,0.0,0.16279065041328,3.643236500995,0.5427390005157999,162.79197870416002,404.80188089685004,-1.0
91.32,0.0,0.0,0.16209772766747998,3.706063403347,0.5493011315235998,162.60424813288,405.08262814713004,-1.0
91.36,0.0,0.0,0.1629395004846,3.768890305699,0.5525821970275002,162.34218129512,405.14947273053,-1.0
91.4,0.0,0.0,0.16290357115704,3.832004526202,0.5625405186446,162.07475972630002,405.17955279306,-1.0
91.44,0.0,0.0,0.16374277759362,3.89463988312,0.5665123347809002,161.85868057882,405.39679768911003,-1.0
91.48,0.0,0.0,0.16151772566543998,3.9576583309060003,0.5739379040791999,161.53141201580002,405.27313520982,-1.0
91.52,0.0,0.0,0.16038595184729998,4.02010214239,0.5765857815033999,161.2998986435,405.43021998081,-1.0
91.56,0.0,0.0,0.16100701593798,4.08235440844,0.5778521576628002,161.11059315132002,405.72433614777003,-1.0
91.6,0.0,0.0,0.15812497059156,4.144989765358,0.5826298495369002,160.93514696306002,406.06858575228,-1.0
91.64,0.0,0.0,0.15852789233634,4.208870167597,0.5885587924650002,160.65197618524002,406.08863912730004,-1.0
91.68,0.0,0.0,0.1604629432635,4.2720801608170005,0.5845869763286999,160.26486062802002,405.78115404366,-1.0
91.72,0.0,0.0,0.16108657373472,4.333566245131,0.5894797933081999,160.04689157546,406.00174116888,-1.0
91.76,0.0,0.0,0.16017550864302,4.396105829332,0.5893071056501,159.77128041796,406.05855906477,-1.0
91.8,0.0,0.0,0.16057843038779998,4.458453868099,0.5889041677811999,159.53189244116,406.18222154406004,-1.0
91.84,0.0,0.0,0.16097878575204,4.520514588715,0.5849899141976,159.3044738632,406.39612421094,-1.0
91.88,0.0,0.0,0.15875886658493998,4.584107672803,0.5781975329789999,159.03547737348,406.43623096098,-1.0
91.92,0.0,0.0,0.16047320878566,4.645689529834,0.5701387756009999,158.78065517186002,406.53315560691004,-1.0
91.96,0.0,0.0,0.160655421804,4.709282613922,0.5585111399556002,158.45685143482,406.44959987766003,-1.0
92.0,0.0,0.0,0.16193091293238,4.77287569801,0.5558632625314002,158.0287879342,405.97500333552,-1.0
92.04,0.0,0.0,0.16211569233126,4.835606827645,0.5799819721127002,157.78530516306,406.12874587734,-1.0
92.08,0.0,0.0,0.16120462723956,4.900157638903,0.6192396330541001,157.44858707464002,405.93155435631,-1.0
92.12,0.0,0.0,0.16182569133024,4.96250567767,0.6497477859851002,157.07753571060002,405.67086048105,-1.0
92.16,0.0,0.0,0.16266489776682,5.026098761758,0.6485965349310998,156.79751477458,405.71765168943,-1.0
92.2,0.0,0.0,0.16131754798332,5.090170709431,0.6403075273423,156.42929826816,405.45027335583,-1.0
92.24,0.0,0.0,0.16106604269039998,5.150411748424,0.6444520311367001,156.3058244696,405.97500333552,-1.0
92.28,0.0,0.0,0.16081197101693998,5.213909059795,0.6580943561265999,156.21038426306,406.56992012778005,-1.0
92.32,0.0,0.0,0.15946718761398,5.275874007694,0.6792198129675002,155.87839093734001,406.37272860675,-1.0
92.36,0.0,0.0,0.15790682824566,5.338317819178,0.6849760682374999,155.60750454254,406.4228620443,-1.0
92.4,0.0,0.0,0.160270464723,5.400570085228,0.6818676903916998,155.20054498198002,406.07527021062003,-1.0
92.44,0.0,0.0,0.16132524712493998,5.462822351278,0.6806588767849999,154.7687016712,405.64078041852,-1.0
92.48,0.0,0.0,0.16063745714021999,5.526511208083,0.6883146962940998,154.53340848874,405.78449627283004,-1.0
92.52,0.0,0.0,0.16060152781266,5.589146565001,0.6930923881681998,154.19259560598002,405.62406927267,-1.0
92.56,0.0,0.0,0.16100188317689998,5.652165012787,0.6945890145383999,153.88170622032,405.56056691844003,-1.0
92.6,0.0,0.0,0.15944152380857998,5.716045415026,0.6925167626411999,153.76264220028,406.10200804398005,-1.0
92.64,0.0,0.0,0.1583200155126,5.779734271831,0.6960856409086,153.57774648662001,406.41951981513,-1.0
92.68,0.0,0.0,0.15610779548711998,5.843040037768,0.6902142605332,153.41080487122002,406.77713833632004,-1.0
92.72,0.0,0.0,0.15890258389518,5.905483849252,0.6824433159187002,153.00888505754,406.42954650264005,-1.0
92.76,0.0,0.0,0.15930293925942,5.9682149788870005,0.6872210077927998,152.63657375678,406.12206141900003,-1.0
92.8,0.0,0.0,0.15883329162059998,6.031808062975,0.6810042521012001,152.38269650770002,406.26577727331005,-1.0
92.84,0.0,0.0,0.16140993768276,6.094156101742,0.6806013142323,151.95053821274,405.82126079370005,-1.0
92.88,0.0,0.0,0.16376587501848,6.157557640396,0.6893508222426998,151.63460908020002,405.72433614777003,-1.0
92.92,0.0,0.0,0.16199250606534,6.22000145188,0.6887176341629999,151.41915990108,405.96831887718,-1.0
92.96,0.0,0.0,0.16260843739494,-0.0004365172700000002,0.6868180699239002,151.13756404416,405.95829218967003,-1.0
93.0,0.0,0.0,0.16431251407349998,0.063156566818,0.6879693209779001,150.79958601902,405.79452296034003,-1.0
93.04,0.0,0.0,0.16558030606026,0.125408832868,0.6822130657079,150.4549933261,405.61070035599005,-1.0
93.08,0.0,0.0,0.16511065842144,0.188714598805,0.6925167626411999,150.08898170894,405.33663756405,-1.0
93.12,0.0,0.0,0.16377100777956,0.25106263757200004,0.6995393940705998,149.71856031326,405.06925923045003,-1.0
93.16,0.0,0.0,0.16525437573167998,0.31369799449,0.7142178450091001,149.44767391846,405.11605043883003,-1.0
93.2,0.0,0.0,0.16391729147033998,0.377386851295,0.7179018483819002,149.24009934384,405.38342877243,-1.0
93.24,0.0,0.0,0.16105834354878,0.437915208439,0.7292992338165001,148.97393771174,405.39679768911003,-1.0
93.28,0.0,0.0,0.15472964913714,0.50141251981,0.734767676323,148.83313978328002,405.88142091876,-1.0
93.32,0.0,0.0,0.13820729122061998,0.56462251303,0.7335013001636002,148.72447024118,406.4228620443,-1.0
93.36,0.0,0.0,0.12386122400201999,0.627257869948,0.7373579911945001,148.4264952069,406.13208810651,-1.0
93.4,0.0,0.0,0.12079696563725999,0.690467863168,0.7242912917316002,148.77833253596,405.23637068895005,-1.0
93.44,0.0,0.0,0.12380733001067999,0.752145492916,0.7024175217056001,149.40578102252002,404.83530318855003,-1.0
93.48,0.0,0.0,0.12009634374983999,0.814685077117,0.6932650758263001,150.18190204204,405.22634400144,-1.0
93.52,0.0,0.0,0.11335189569071999,0.877895070337,0.6929197005101,151.02133488174002,405.90815875212,-1.0
93.56,0.0,0.0,0.08233975324536,0.940626199972,0.7045473361555001,151.91242512696002,406.66350254454005,-1.0
93.6,0.0,0.0,0.08145691833959999,1.004793920362,0.7115124050322001,152.69075103574002,406.96096094067,-1.0
93.64,0.0,0.0,0.08208824795243999,1.068578549884,0.7155417837211999,153.33993343072,406.83061400304,-1.0
93.68,0.0,0.0,0.08250400159992,1.1305434977829998,0.7145632203252998,153.94281315124002,406.61671133616005,-1.0
93.72,0.0,0.0,0.08291718886685999,1.1935619455689999,0.7124334058753998,154.45938720644,406.11871918983,-1.0
93.76,0.0,0.0,0.08354851847969999,1.255909984336,0.6949343898546001,155.17314135832,406.30922625252003,-1.0
93.8,0.0,0.0,0.08504728471506,1.318641113971,0.7059863999729998,155.69979490728002,405.80120741868,-1.0
93.84,0.0,0.0,0.08783950674258,1.3813722436059999,0.6640808616073999,156.44189763536002,406.12206141900003,-1.0
93.88,0.0,0.0,0.08565808328357999,1.4432414187879998,0.6389835886302002,156.96162153236,405.70762500192,-1.0
93.92,0.0,0.0,0.08564011861979999,1.5063556392909998,0.6365659614168,157.59284982908002,405.5204601684,-1.0
93.96,0.0,0.0,0.08605330588674,1.5694698597939998,0.6290252670131,158.33243268372001,405.7544162103,-1.0
94.0,0.0,0.0,0.08690021146494,1.6314348076929999,0.6435310302935,159.02004314866002,405.84465639789005,-1.0
94.04,0.0,0.0,0.08601737655918,1.6933039828749998,0.6454305945326002,159.44968157018002,405.03917916792,-1.0
94.08,0.0,0.0,0.08599941189539999,1.7566097488119998,0.6695493041139002,160.28848444152,405.60401589765,-1.0
94.12,0.0,0.0,0.08619445681643999,1.8180000604089999,0.6566552923091002,160.77828484142,405.03249470958,-1.0
94.16,0.0,0.0,0.08574534022194,1.879773462874,0.6366235239695,161.17673982912,404.21364856293,-1.0
94.2,0.0,0.0,0.0829197552474,1.944324274132,0.6194123207122,161.98687914008002,404.70829848009004,-1.0
94.24,0.0,0.0,0.08354851847969999,2.003703358672,0.6001288655577,162.72488707382,404.94893898033,-1.0
94.28,0.0,0.0,0.0830994018852,2.067679533628,0.5987473642929002,163.41722230146001,405.00575687622,-1.0
94.32,0.0,0.0,0.08415931704822,2.127154390885,0.5868319158839999,164.07616920602,404.95228120950003,-1.0
94.36,0.0,0.0,0.09687059986284,2.188640475199,0.6063456212493001,164.76251973424002,405.03917916792,-1.0
94.4,0.0,0.0,0.11885164918793999,2.253191286457,0.6224055734526002,165.51753681370002,405.2530818348,-1.0
94.44,0.0,0.0,0.11861040941717998,2.313911189035,0.6085905608046001,166.18404333858,405.23302845978003,-1.0
94.48,0.0,0.0,0.12419228709168,2.37760004584,0.5916096077580999,166.86346421484,405.19960616808004,-1.0
94.52,0.0,0.0,0.12545751269789998,2.440235402758,0.5720959023928001,167.5082368313,405.14278827219005,-1.0
94.56,0.0,0.0,0.1254318488925,2.501529941638,0.5558632625314002,167.92811074324,405.06591700128,-1.0
94.6,0.0,0.0,0.13229948321753998,2.566463843764,0.5894797933081999,167.90228204048,405.32326864737,-1.0
94.64,0.0,0.0,0.15165769163075998,2.628428791663,0.5889617303338999,167.55044471142,405.27981966816003,-1.0
94.68,0.0,0.0,0.16282657974084,2.692213421185,0.5748589049224,167.11198673286,404.8185920427,-1.0
94.72,0.0,0.0,0.16365295427472,2.754753005386,0.5735349662103002,166.77337873936,404.61471606333004,-1.0
94.76,0.0,0.0,0.16253914512036,2.816334862417,0.5822269116680001,166.5176115852,404.68824510507005,-1.0
94.8,0.0,0.0,0.1635810956196,2.8811729918260003,0.5842991635652002,166.26467928866,404.76511637598,-1.0
94.84,0.0,0.0,0.16268542881113998,2.942084439838,0.5908612945730001,166.20609223118,405.49038010587003,-1.0
94.88,0.0,0.0,0.16286507544894,3.005964842077,0.5791185338222,165.90213249748,405.40013991828005,-1.0
94.92,0.0,0.0,0.16196940864047998,3.068695971712,0.5696207126266999,165.59470793780002,405.36337539741004,-1.0
94.96,0.0,0.0,0.1617204697281,3.130469374177,0.5581657646394,165.32791633734,405.453615585,-1.0
95.0,0.0,0.0,0.16319100577752,3.195211730869,0.5568993884800002,165.07435407244,405.56725137678,-1.0
95.04,0.0,0.0,0.16358622838068,3.256123178881,0.5454444404926999,164.71275223380002,405.33329533488,-1.0
95.08,0.0,0.0,0.16333472308775998,3.3199078084030003,0.5442931894387,164.43619612376,405.33663756405,-1.0
95.12,0.0,0.0,0.16330136014073998,3.382543165321,0.5473440047318001,164.10294286132,405.19626393891,-1.0
95.16,0.0,0.0,0.16262126929763998,3.444220795069,0.5510855706573001,163.70165301600002,404.83864541772004,-1.0
95.2,0.0,0.0,0.16258533997007998,3.508771606327,0.5531002600018002,163.43517639972,404.92554337614,-1.0
95.24,0.0,0.0,0.16233640105769997,3.568342236301,0.5387671843795001,163.06664490912001,404.64479612586,-1.0
95.28,0.0,0.0,0.16273162366086,3.631839547672,0.5462503162305001,162.86788989154002,404.92220114697,-1.0
95.32,0.0,0.0,0.1626956943333,3.694857995458,0.5574750140070002,162.59416863912,404.99907241788003,-1.0
95.36,0.0,0.0,0.16287534097109999,3.756918716074,0.5677211483876001,162.26595512356002,404.8185920427,-1.0
95.4,0.0,0.0,0.16219781650853998,3.8218526182,0.5760677185290999,161.91254287360002,404.57460931329,-1.0
95.44,0.0,0.0,0.16259047273115998,3.883434475231,0.5832054750639002,161.67882461204002,404.73169408428004,-1.0
95.48,0.0,0.0,0.16148436271841998,3.9466444684510003,0.5960994868687002,161.49298394584002,405.05589031377,-1.0
95.52,0.0,0.0,0.1605912622905,4.00956714352,0.5990351770564,161.32541236208002,405.453615585,-1.0
95.56,0.0,0.0,0.16162808002866,4.072010955004,0.5940847975242001,161.01357802388,405.33329533488,-1.0
95.6,0.0,0.0,0.16116613153145998,4.137806811583,0.5944877353931002,160.60252366898,404.95228120950003,-1.0
95.64,0.0,0.0,0.1604886070689,4.201399895671,0.6033523685089,160.28249974210001,404.86204102191004,-1.0
95.68,0.0,0.0,0.16152542480705998,4.265184525193,0.6055397455114999,159.99176934396002,404.85201433440005,-1.0
95.72,0.0,0.0,0.16170507144486,4.329256472866,0.5985171140821,159.72119793334002,404.92888560531003,-1.0
95.76,0.0,0.0,0.16102754698229998,4.391125648048,0.6004166783212002,159.52905758354,405.19292170974,-1.0
95.8,0.0,0.0,0.16163577917028,4.4575919136460005,0.5908612945730001,159.1832049539,405.01244133456004,-1.0
95.84,0.0,0.0,0.16159984984272,4.519748406979,0.5855079771719001,158.92775278392,405.15615718887,-1.0
95.88,0.0,0.0,0.16177949648051998,4.582479536614,0.5899978562824999,158.84365200786002,405.80789187702004,-1.0
95.92,0.0,0.0,0.1604629432635,4.645976847985,0.5882134171488,158.73687237084002,406.37607083592,-1.0
95.96,0.0,0.0,0.15957240921611998,4.706313659695,0.5718080896292999,158.58788485370002,406.79719171134,-1.0
96.0,0.0,0.0,0.15975205585392,4.770481380085,0.5887890426758,158.35101675034002,406.98769877403004,-1.0
96.04,0.0,0.0,0.1571523123669,4.83129705538,0.6488843476946,158.15100179604002,407.23836596178,-1.0
96.08,0.0,0.0,0.16139453939951998,4.895752093921,0.6275862031955999,157.36385633022002,405.60735812682003,-1.0
96.12,0.0,0.0,0.16114560048714,4.9598240415940005,0.6308097061467999,156.7783007396,404.68824510507005,-1.0
96.16,0.0,0.0,0.16175126629457998,5.021310125908,0.6272983904321001,156.51623390184,404.81190758436003,-1.0
96.2,0.0,0.0,0.16065028904292,5.08701020977,0.6470423460082002,156.24345760196002,404.87206770942004,-1.0
96.24,0.0,0.0,0.16082993568072,5.146676612461,0.6744996836461001,156.1404577751,405.37674431409005,-1.0
96.28,0.0,0.0,0.16058099676833998,5.211131651002,0.6861848818442002,155.94989234620002,405.69759831441,-1.0
96.32,0.0,0.0,0.15948001951667998,5.27376700792,0.7049502740244002,155.82547359510002,406.19559046074005,-1.0
96.36,0.0,0.0,0.15816346629966,5.334870001366,0.7097279658984998,155.65916194806002,406.55655121110004,-1.0
96.4,0.0,0.0,0.15919771765728,5.407178402701,0.7089796527134,155.3340982743,406.44291541932,-1.0
96.44,0.0,0.0,0.16087099776935998,5.467898305279,0.7210102262276998,154.86130702012002,405.82126079370005,-1.0
96.48,0.0,0.0,0.15998303010252,5.532066025669,0.7214707266492999,154.63199853708002,406.12540364817005,-1.0
96.52,0.0,0.0,0.16058869590996,5.594126746285,0.7203770381479999,154.36205709482002,406.16216816904,-1.0
96.56,0.0,0.0,0.16076834254775998,5.656187466901,0.7033385225487998,153.94627797722,405.72767837694005,-1.0
96.6,0.0,0.0,0.15945435571128,5.720834050876,0.6957402655923999,153.826898973,406.22567052327,-1.0
96.64,0.0,0.0,0.15920798317944,5.783565180511,0.6979276425949998,153.54215327428,406.20561714825004,-1.0
96.68,0.0,0.0,0.15853302509741998,5.84840330992,0.6962583285666999,153.23504369878,406.17887931489,-1.0
96.72,0.0,0.0,0.16105577716824,5.910464030536,0.6929772630627999,152.8598975404,405.88810537710003,-1.0
96.76,0.0,0.0,0.16080940463639998,5.973099387454,0.6929197005101,152.48475138202002,405.59398921014,-1.0
96.8,0.0,0.0,0.16141507044384,6.037458653278,0.6930923881681998,152.22173959172,405.65414933520003,-1.0
96.84,0.0,0.0,0.16137914111628,6.098561646724,0.7028780221272002,151.90612544336,405.56056691844003,-1.0
96.88,0.0,0.0,0.16240825971282,6.163304003416,0.7024750842583001,151.78044675554,406.11871918983,-1.0
96.92,0.0,0.0,0.16216188718097999,6.225268951315,0.6914806366925998,151.40719050224,405.73436283528,-1.0
96.96,0.0,0.0,0.16170250506432,0.004735209448000001,0.6918260120088,151.3668725272,406.58663127363,-1.0
97.0,0.0,0.0,0.16337065241531998,0.069190247989,0.6787017499932002,151.02700459698002,406.39278198177004,-1.0
97.04,0.0,0.0,0.16524924297059998,0.130389014152,0.6835945669727002,150.58161696646002,405.90481652295,-1.0
97.08,0.0,0.0,0.16521331364303998,0.19513137084399998,0.7021872714947999,150.12016514276002,405.36003316824,-1.0
97.12,0.0,0.0,0.16411490277191998,0.257479409611,0.7120880305592001,149.8565233841,405.40348214745,-1.0
97.16,0.0,0.0,0.16514402136846,0.319923221095,0.7051229616825001,149.4549185546,405.00909910539,-1.0
97.2,0.0,0.0,0.16362215770823998,0.383899396051,0.710015778662,149.0659130923,404.68156064673,-1.0
97.24,0.0,0.0,0.15869983983251998,0.44308693515700004,0.7183047862507999,148.6832073136,404.36404887558,-1.0
97.28,0.0,0.0,0.1486832565849,0.507350428264,0.7225644151505999,148.50114645756,404.67153395922,-1.0
97.32,0.0,0.0,0.13187603042843998,0.569219603446,0.7237156662045998,148.36885310196,405.19292170974,-1.0
97.36,0.0,0.0,0.12038121198978,0.630609915043,0.7264786687342002,148.08284746652,404.96230789701,-1.0
97.4,0.0,0.0,0.11462482043856,0.694298771848,0.7218161019655001,148.47216791300002,404.24038639629003,-1.0
97.44,0.0,0.0,0.11587464776154,0.756455265181,0.7284357955259999,149.47129773196002,405.13276158468,-1.0
97.48,0.0,0.0,0.12009377736929999,0.819952576552,0.7129514688496998,150.22946465322002,405.35334870990005,-1.0
97.52,0.0,0.0,0.1132800370356,0.882109069885,0.6987335183328001,151.04653361614,405.93489658548003,-1.0
97.56,0.0,0.0,0.08632020946289999,0.94388247235,0.6651169875559999,151.86234264234,406.46631102351,-1.0
97.6,0.0,0.0,0.08227302735132,1.009391010778,0.6957978281450998,153.01203489934,407.98702529586,-1.0
97.64,0.0,0.0,0.08246807227236,1.075665730942,0.7225644151505999,154.15668740946,409.50439733904,-1.0
97.68,0.0,0.0,0.08245010760858,1.1365771789539998,0.6963158911193998,154.11951927622002,407.16483692004005,-1.0
97.72,0.0,0.0,0.08179824695141999,1.1995956267399999,0.7094401531350001,154.38631087668,405.95160773133,-1.0
97.76,0.0,0.0,0.08368710302886,1.2620394382239999,0.7223341649398001,155.21471927008,406.51978669023003,-1.0
97.8,0.0,0.0,0.08578640231057999,1.3266860221989998,0.7187652866723999,156.04785242618001,407.02780552407,-1.0
97.84,0.0,0.0,0.08555799444251999,1.3895129245509998,0.6910201362710002,156.5625365763,406.49639108604003,-1.0
97.88,0.0,0.0,0.08617392577211999,1.450807463431,0.6665560513735,156.92224850986,405.49706456421,-1.0
97.92,0.0,0.0,0.08573250831924,1.5140174566509998,0.6582670437847002,157.62308831036,405.71430946026004,-1.0
97.96,0.0,0.0,0.08550153407064,1.573875404776,0.6523956634093002,158.08611505496,405.03917916792,-1.0
98.0,0.0,0.0,0.08569657899168,1.638043125166,0.6647716122398002,158.72049319348002,404.93891229282,-1.0
98.04,0.0,0.0,0.08715941589948,1.6998165276309998,0.6481360345095002,159.21501835608,404.3172576672,-1.0
98.08,0.0,0.0,0.0858710928684,1.758620975869,0.6672468020058999,159.70702364524,403.782501,-1.0
98.12,0.0,0.0,0.08542967541551999,1.8250872414669999,0.6701824921936002,160.64252665984,404.68490287590004,-1.0
98.16,0.0,0.0,0.08477781475835999,1.885615598611,0.6764568104378998,161.45770571768,405.09599706381005,-1.0
98.2,0.0,0.0,0.08285816211444,1.9510283643219999,0.6582094812319998,162.32769202284,405.79118073117,-1.0
98.24,0.0,0.0,0.08453144222652,2.0135679485230003,0.6422070915814002,162.95167568342,405.62072704350004,-1.0
98.28,0.0,0.0,0.08451347756274,2.081279259442,0.6313277691210999,163.64432589524,405.72433614777003,-1.0
98.32,0.0,0.0,0.08512940889234,2.146883570587,0.6128501897044001,164.2827988281,405.67420271022,-1.0
98.36,0.0,0.0,0.1017954841191,2.207028836863,0.5982868638713001,165.01513704660002,405.79452296034003,-1.0
98.4,0.0,0.0,0.11760952100658,2.272633148008,0.6050792450898999,165.85425490212,406.34264854422,-1.0
98.44,0.0,0.0,0.12940717234896,2.334023459605,0.5727866530251999,166.12608624946,404.99573018871,-1.0
98.48,0.0,0.0,0.12431290697705999,2.395413771202,0.5867743533312999,166.93433565534002,405.46698450168003,-1.0
98.52,0.0,0.0,0.123442903974,2.461401173215,0.5904583567041,167.70226708618,405.85468308540004,-1.0
98.56,0.0,0.0,0.12784937936118,2.522121075793,0.5617922054595001,168.12497585574002,405.7209939186,-1.0
98.6,0.0,0.0,0.13836640681409998,2.588587341391,0.5978263634497001,167.98134306966,405.60401589765,-1.0
98.64,0.0,0.0,0.15774001351056,2.6513184710260003,0.5822844742207001,167.33153070632,404.50108027155005,-1.0
98.68,0.0,0.0,0.16360932580554,2.714241146095,0.5807878478505,166.99197776028,404.37073333392004,-1.0
98.72,0.0,0.0,0.16462817887991998,2.779462366372,0.5824571618787999,166.66218932382,404.19693741708005,-1.0
98.76,0.0,0.0,0.16332959032667999,2.8399907235160002,0.5888466052285,166.40484724876,404.26378200048003,-1.0
98.8,0.0,0.0,0.1639275569925,2.9063612163970003,0.5864865405678001,166.19947756340002,404.56124039661,-1.0
98.84,0.0,0.0,0.16262896843926,2.967176891692,0.5898827311771,165.93363091548002,404.57795154246,-1.0
98.88,0.0,0.0,0.16343737830935998,3.030386884912,0.5860836026989,165.6246314349,404.52447587574005,-1.0
98.92,0.0,0.0,0.16298056257323998,3.095225014321,0.5887314801231001,165.40477247726,404.72166739677004,-1.0
98.96,0.0,0.0,0.16294719962621998,3.155944916899,0.5882709797015,165.24885530816002,405.16952610555,-1.0
99.0,0.0,0.0,0.16249295027063998,3.222219637063,0.5748589049224,165.04600549624,405.45027335583,-1.0
99.04,0.0,0.0,0.16308835055592,3.282843766924,0.5727866530251999,164.80000285166,405.53382908508,-1.0
99.08,0.0,0.0,0.16347587401746,3.346245305578,0.5647278956471999,164.48344375076002,405.47032673085005,-1.0
99.12,0.0,0.0,0.16154852223191998,3.410317253251,0.5685270241253999,164.22452675480002,405.54051354342005,-1.0
99.16,0.0,0.0,0.16256480892576,3.470941383112,0.5705992760226,163.88843863474,405.41350883496,-1.0
99.2,0.0,0.0,0.16295233238729998,3.5366414669740003,0.5736500913157001,163.63834119582,405.49372233504005,-1.0
99.24,0.0,0.0,0.16291896944027998,3.595541687929,0.5666850224390001,163.28083415152,405.19960616808004,-1.0
99.28,0.0,0.0,0.16267259690844,3.659422090168,0.5687572743362002,162.8259969956,404.70829848009004,-1.0
99.32,0.0,0.0,0.1617974611443,3.723781355992,0.5760101559763999,162.36013539338,404.16017289621004,-1.0
99.36,0.0,0.0,0.16155365499299998,3.7848843494380002,0.5807878478505,162.03412676708,404.06659047945004,-1.0
99.4,0.0,0.0,0.1629908280954,3.850009796998,0.5836659754854998,161.99947850728,404.85535656357,-1.0
99.44,0.0,0.0,0.16232613553553998,3.9104423814250002,0.5832054750639002,161.81332285690002,405.12273489717,-1.0
99.48,0.0,0.0,0.16166400935622,3.974418556381,0.5916671703107999,161.5408615412,405.18623725140003,-1.0
99.52,0.0,0.0,0.16057843038779998,4.037053913299,0.6032948059562,161.45203600244,405.81123410619,-1.0
99.56,0.0,0.0,0.15802744813104,4.097486497726,0.6096266867532001,161.2227275194,406.00174116888,-1.0
99.6,0.0,0.0,0.15841497159258,4.161749990833,0.6157283173393999,161.01704284986002,406.20895937742,-1.0
99.64,0.0,0.0,0.15879992867357998,4.223044529713,0.6131380024678998,160.62772240338,405.85802531457,-1.0
99.68,0.0,0.0,0.16191294826859998,4.287020704669,0.6124472518355,160.20249376038,405.41016660579004,-1.0
99.72,0.0,0.0,0.16187958532157998,4.34956028887,0.6119291888612,159.91365326732,405.39345545994,-1.0
99.76,0.0,0.0,0.16121489276172,4.410567509599,0.6061729335911998,159.62040299574002,405.39679768911003,-1.0
99.8,0.0,0.0,0.16160241622326,4.474831002706,0.6031221182981001,159.39046454434,405.57059360595,-1.0
99.84,0.0,0.0,0.16072984683966,4.535455132567,0.5975385506861999,159.1643059031,405.78449627283004,-1.0
99.88,0.0,0.0,0.16027559748408,4.599718625674,0.5917247328635002,158.9753153951,406.09198135647,-1.0
99.92,0.0,0.0,0.15814806801641998,4.661683573573,0.5840113508017,158.90664884386,406.78716502383,-1.0
99.96,0.0,0.0,0.16104807802662,4.724318930491,0.5655913339377001,158.5532365939,406.61002687782,-1.0
100.0,0.0,0.0,0.15829178532666,4.789252832617,0.5795790342438001,158.25022181274,406.55989344027,-1.0
100.04,0.0,0.0,0.16223631221663998,4.849206553459,0.6483087221676,157.87507565436002,406.31256848169005,-1.0
100.08,0.0,0.0,0.16157418603732,4.912320773962,0.6700098045354999,157.50402429032002,406.00842562722005,-1.0
100.12,0.0,0.0,0.16195914311832,4.974381494578,0.6656926130829999,157.17864563238,405.89478983544,-1.0
100.16,0.0,0.0,0.16150746014328,5.033664806401,0.6689736785868998,157.04383240334002,406.41617758596004,-1.0
100.2,0.0,0.0,0.16084533396396,5.098119844942,0.6713913058003,156.75593686282002,406.36938637758004,-1.0
100.24,0.0,0.0,0.1614381678687,5.157307384048,0.6814071899701002,156.46237160706002,406.34264854422,-1.0
100.28,0.0,0.0,0.16077860806991998,5.220325831834,0.688142008636,156.30708440632,406.72700489877,-1.0
100.32,0.0,0.0,0.15969816186257998,5.285068188526,0.6910776988237002,155.8727212221,406.21230160659,-1.0
100.36,0.0,0.0,0.15924647888753998,5.344543045783,0.6886600716103,155.653807217,406.42954650264005,-1.0
100.4,0.0,0.0,0.1608863960526,5.386299950395,0.6836521295254001,155.05628222754,405.45695781417004,-1.0
100.44,0.0,0.0,0.15897187616976,5.447786034709,0.7100733412147,155.17062148488,406.81056062802,-1.0
100.48,0.0,0.0,0.16144586701032,5.509750982608,0.6909625737182998,154.70224000922002,406.17553708572,-1.0
