time_s,RequestScannerOn [unary],RecordScannerOn [unary],Periodicity [arbitrary unit],Phase [degree],Left-Right [millimeter],Ant.-Post. [millimeter],Head-Feet [millimeter],MarkerBlockFound [unary]
0.0,0.0,0.0,0.13309439142048,0.074409194311,-2.7973375060059,147.45703637633298,658.5411916542,-1.0
0.04,0.0,0.0,0.13520296334999998,0.1367887554745,-2.7440987212366004,147.48717587287697,658.34818128761,-1.0
0.08,0.0,0.0,0.13407617293896,0.19840174753,-2.732362961563,147.632222199995,658.51205801396,-1.0
0.12,0.0,0.0,0.13330833896688,0.2607813086935,-2.7365193764474003,147.74116392187798,658.35546469767,-1.0
0.16,0.0,0.0,0.1372116930912,0.3238316178265,-2.7462380524271,147.948059007529,658.47564096366,-1.0
0.2,0.0,0.0,0.13752310563095999,0.3868819269595,-2.7551621196789,148.14270992270897,658.37003151779,-1.0
0.24,0.0,0.0,0.13388362014719998,0.44926148812300004,-2.7339521790188,148.437825826369,658.50841630893,-1.0
0.28,0.0,0.0,0.13419503268695998,0.513844935472,-2.7012509736783,148.75115100919098,658.62130916486,-1.0
0.32,0.0,0.0,0.12625520152056,0.576511960051,-2.7070577297668,149.08080175264098,658.64315939504,-1.0
0.36,0.0,0.0,0.12621003481631998,0.6392748057685,-2.7844403951146,149.380940905725,658.55940017935,-1.0
0.4,0.0,0.0,0.12401350667327998,0.7024209360400001,-2.8272881426729004,149.77212645461898,658.59581722965,-1.0
0.44,0.0,0.0,0.1164468951156,0.7646088549265001,-2.8485592070813004,150.10146324497998,658.2680637769499,-1.0
0.48,0.0,0.0,0.12177656621591999,0.8275633429210001,-2.8690967865101,150.50175343345498,658.08962023048,-1.0
0.52,0.0,0.0,0.11600473685304,0.8900387252230001,-2.871113870204,150.980845847269,658.09690364054,-1.0
0.56,0.0,0.0,0.11524641166079999,0.9527057498020001,-2.8674464453060002,151.499182397208,658.20615479144,-1.0
0.6,0.0,0.0,0.10876617819984,1.015756058935,-2.8385349123601,152.11170487384697,658.4683575536,-1.0
0.64,0.0,0.0,0.10336281405575999,1.0779439778215,-2.7703208092573,152.788587733731,658.88351192702,-1.0
0.68,0.0,0.0,0.09939289847256,1.1411859292315,-2.7481328886244003,153.466412452882,659.25132413505,-1.0
0.72,0.0,0.0,0.09899828410919999,1.203948774949,-2.6740509056848003,154.104993035908,659.40063404128,-1.0
0.76,0.0,0.0,0.11218220735736,1.2669032629435002,-2.6672661696235003,154.699620186474,659.41155915637,-1.0
0.8,0.0,0.0,0.11285733072599999,1.3299535720765001,-2.6844419428958,155.282631072747,659.36057528595,-1.0
0.84,0.0,0.0,0.11031848650871999,1.3924289543785002,-2.7319962190732,155.84617686750198,659.30959141553,-1.0
0.88,0.0,0.0,0.11135018912136,1.4554792635115001,-2.7924476061419004,156.43421100319898,659.25132413505,-1.0
0.92,0.0,0.0,0.10132080358512,1.518050466952,-2.8390239023465003,157.026640482142,659.2331156099,-1.0
0.96,0.0,0.0,0.10199830414871999,1.5811007760850002,-2.8333393937546,157.71953494956497,659.46982643685,-1.0
1.0,0.0,0.0,0.10303000676136,1.6441510852180001,-2.793486709863,158.39578990327098,659.57543588272,-1.0
1.04,0.0,0.0,0.10513144710599999,1.7064348252430002,-2.7439153499917004,159.05101000001397,659.6337031631999,-1.0
1.08,0.0,0.0,0.10402605144959999,1.7681436384370002,-2.7269840717126,159.638416229533,659.4188425664299,-1.0
1.12,0.0,0.0,0.10683827308727999,1.8308106630160002,-2.7249669880187,160.30619444983597,659.7065372638,-1.0
1.16,0.0,0.0,0.09291504220656,1.8940526144260001,-2.7349301589916,160.98401916898698,659.95781491087,-1.0
1.2,0.0,0.0,0.09644042233224,1.9574862081130002,-2.7345634165018002,161.56734400834898,659.95053150081,-1.0
1.24,0.0,0.0,0.09925264396991999,2.0200574115535,-2.7581571833456002,162.13277352163797,659.97966514105,-1.0
1.28,0.0,0.0,0.10241906765664,2.0846408589025,-2.7807729702166,162.567912502992,659.57543588272,-1.0
1.32,0.0,0.0,0.10949122266264,2.1476911680355,-2.8038777470740004,163.046690963717,659.4516179116999,-1.0
1.36,0.0,0.0,0.11087475012935999,2.2091125178140003,-2.8140854130401003,163.50003922423298,659.24039901996,-1.0
1.4,0.0,0.0,0.11296668169415999,2.2724502903625003,-2.8321169187886004,163.895934069462,658.95270432259,-1.0
1.44,0.0,0.0,0.12251349665351999,2.3349256726645002,-2.8140854130401003,164.22809643762398,658.47928266869,-1.0
1.48,0.0,0.0,0.12531145512143999,2.3977843395205003,-2.7852350038425002,164.602328519712,658.23164672665,-1.0
1.52,0.0,0.0,0.1252662884172,2.460547185238,-2.7747217191349,165.001362895831,658.21707990653,-1.0
1.56,0.0,0.0,0.12486691966392,2.523214209817,-2.7742327291485003,165.42645537833698,658.34453958258,-1.0
1.6,0.0,0.0,0.1368788857968,2.58626451895,-2.7828511776588,165.72157128199697,658.1879462662899,-1.0
1.64,0.0,0.0,0.13647713984856,2.648548258975,-2.7804673514751004,165.999733718851,658.07141170533,-1.0
1.68,0.0,0.0,0.13642721875439998,2.7115027469695003,-2.7793671240057,166.38558206523197,658.4829243737199,-1.0
1.72,0.0,0.0,0.14027589739464,2.774265592687,-2.7866408500534003,166.59498877559497,658.35546469767,-1.0
1.76,0.0,0.0,0.1430595926928,2.8370284384045004,-2.7863963550602002,166.82700010836598,658.43558220833,-1.0
1.8,0.0,0.0,0.13982185315728,2.9001745686760003,-2.7908583886861003,166.98617432448899,658.42829879827,-1.0
1.84,0.0,0.0,0.13942010720904,2.962458308701,-2.7948925560739,167.09731371799498,658.3591064027,-1.0
1.88,0.0,0.0,0.14219904811727999,3.0254127966955,-2.8037554995774,167.13122065160698,658.18430456126,-1.0
1.92,0.0,0.0,0.14285753112119998,3.0880798212745004,-2.8082786569516003,167.120232293492,657.9985776047299,-1.0
1.96,0.0,0.0,0.13927272112151998,3.1509384881305,-2.8103568643938,167.13781366647598,658.00586101479,-1.0
2.0,0.0,0.0,0.13886859797832,3.2140846184020004,-2.8188530654075,167.10610440448698,658.00586101479,-1.0
2.04,0.0,0.0,0.14129333683752,3.2764641795655,-2.8146355267748002,167.040488208886,657.9949358997,-1.0
2.08,0.0,0.0,0.139125335034,3.337885529344,-2.8160413729857003,167.016627774122,658.2862723021,-1.0
2.12,0.0,0.0,0.13766336013359998,3.400552553923,-2.8052224695366004,166.988371996112,658.6868598553999,-1.0
2.16,0.0,0.0,0.13831946594255998,3.463411220779,-2.7999047034345,166.80816292302598,658.63951769001,-1.0
2.2,0.0,0.0,0.13650804338303998,3.5266531721890004,-2.7964206497814,166.57332601245398,658.61038404977,-1.0
2.24,0.0,0.0,0.13575447258072,3.5891285544910003,-2.7934255861147004,166.25780315800898,658.3591064027,-1.0
2.28,0.0,0.0,0.13429725207024,3.6536161807015004,-2.7923864823936,165.949187271522,658.34089787755,-1.0
2.32,0.0,0.0,0.12790735201776,3.7165706686960003,-2.7891469237337003,165.616396997182,658.30812253228,-1.0
2.36,0.0,0.0,0.12610068384815998,3.7794293355520003,-2.7933033386181,165.243106774361,658.2462135467699,-1.0
2.4,0.0,0.0,0.12570369228984,3.8427671081005004,-2.7856017463323,164.88928164305798,658.395523453,-1.0
2.44,0.0,0.0,0.11756417674679999,3.9052424904025003,-2.7946480610807,164.50406120285498,658.49020778378,-1.0
2.48,0.0,0.0,0.11893106384879999,3.9683886206740002,-2.8349897349587003,164.03784086569,658.50841630893,-1.0
2.52,0.0,0.0,0.11537002579872,4.0306723606990005,-2.8401852535642003,163.671771563916,658.8689451069,-1.0
2.56,0.0,0.0,0.11568143833847999,4.0938184909705,-2.8241097077613,163.228783755337,659.0510303584,-1.0
2.6,0.0,0.0,0.10790801081927999,4.156581336688,-2.8117015868564,162.836656347176,659.48439325697,-1.0
2.64,0.0,0.0,0.10541195611127999,4.2187692555745,-2.7999658271828003,162.366982526032,659.6774036235599,-1.0
2.68,0.0,0.0,0.10045550461967999,4.281915385846,-2.7676313643321,161.83577389944398,659.75387942919,-1.0
2.72,0.0,0.0,0.09691110693432,4.3435283779015,-2.7491719923455,161.33910011264598,659.94688979578,-1.0
2.76,0.0,0.0,0.09582235164264,4.406674508173,-2.7429373700189004,160.728461354541,659.8813391052399,-1.0
2.8,0.0,0.0,0.1557894717036,4.469341532752,-2.7404312963386004,160.09867145800698,659.77208795434,-1.0
2.84,0.0,0.0,0.15363097867991998,4.531625272777,-2.7315072290868003,159.503102448174,659.8485637599699,-1.0
2.88,0.0,0.0,0.15252558302351998,4.5953463298795,-2.7663477656178004,158.76374292357897,659.49531837206,-1.0
2.92,0.0,0.0,0.15212145988032,4.657150964212001,-2.8157968779925002,158.08309262662698,659.36057528595,-1.0
2.96,0.0,0.0,0.15101606422392,4.7208720213145,-2.8385960361084,157.43383763857497,659.35329187589,-1.0
3.0,0.0,0.0,0.14851050073608,4.783251582478,-2.8310778150675002,156.867780219108,659.50260178212,-1.0
3.04,0.0,0.0,0.14425769895263998,4.845535322503,-2.8131685568156,156.27189725618598,659.58636099781,-1.0
3.08,0.0,0.0,0.14595739334903998,4.907531599112501,-2.7731325016791004,155.657805014102,659.53173542236,-1.0
3.12,0.0,0.0,0.14485675208256,4.968952948891,-2.7155539307805,155.103677812017,659.62641975314,-1.0
3.16,0.0,0.0,0.14550572630664,5.0326740059935,-2.7062631210389,154.49241114773397,659.57543588272,-1.0
3.2,0.0,0.0,0.09160758497855999,5.0951493882955,-2.728084299182,153.846609643661,659.32779994068,-1.0
3.24,0.0,0.0,0.09856801182144,5.157528949459,-2.7783280202846004,153.16815701833198,659.04010524331,-1.0
3.28,0.0,0.0,0.0995806968744,5.2225915025005,-2.8425690797479,152.640087922634,659.1821317394799,-1.0
3.32,0.0,0.0,0.10234062022295999,5.2842044945560005,-2.869891395238,152.175437350914,659.4516179116999,-1.0
3.36,0.0,0.0,0.11103402219167999,5.3498419744285,-2.8758203988231004,151.59996133877698,659.18941514954,-1.0
3.4,0.0,0.0,0.115531675056,5.412029893315,-2.8727030876598003,151.099206161822,659.14207298415,-1.0
3.44,0.0,0.0,0.12107529370272,5.4746010967555,-2.8709916227074004,150.62136956036397,659.1493563942099,-1.0
3.48,0.0,0.0,0.11824167731039999,5.538322153858,-2.8624342979454003,150.171788736916,659.07652229361,-1.0
3.52,0.0,0.0,0.11541043811303998,5.5999351459135,-2.8550994481494003,149.74104509880797,658.99640478295,-1.0
3.56,0.0,0.0,0.11397698955215999,5.6639436664315,-2.8568720368501004,149.28330149504598,658.70506838055,-1.0
3.6,0.0,0.0,0.12334551488951999,5.725939943041,-2.8330337750131003,149.02177857190898,659.00004648798,-1.0
3.64,0.0,0.0,0.12748183411991998,5.7887027887585,-2.8006381884141,148.740162651076,659.1129393439099,-1.0
3.68,0.0,0.0,0.12604363116911999,5.8521363824455,-2.7887801812439004,148.44033745108098,658.97091284774,-1.0
3.72,0.0,0.0,0.12704443024728,5.913653553362501,-2.7950759273188,148.23124469380699,659.11658104894,-1.0
3.76,0.0,0.0,0.13117599508775998,5.977949537296,-2.7994157134481004,147.94021018030398,658.78518589121,-1.0
3.8,0.0,0.0,0.13008723979608,6.039945813905501,-2.8026552721080003,147.766908075176,658.77061907109,-1.0
3.84,0.0,0.0,0.12934555496855998,6.1027086596230005,-2.8075451719720004,147.70286164502,659.04010524331,-1.0
3.88,0.0,0.0,0.13277822449079998,6.166238074448501,-2.8088898944346004,147.679001210256,659.2331156099,-1.0
3.92,0.0,0.0,0.1341213396432,6.2277552453655005,-2.8202589116184003,147.540233944918,658.90900386223,-1.0
3.96,0.0,0.0,0.13129485483575998,0.008867535577000001,-2.8187919416592,147.54902463141,658.9781962577999,-1.0
4.0,0.0,0.0,0.132290899524,0.0708638121865,-2.8000880746794,147.50601305821698,658.70142667552,-1.0
4.04,0.0,0.0,0.13606350792552,0.133818300181,-2.7431818650121,147.613071061566,658.81431953145,-1.0
4.08,0.0,0.0,0.13532182309799998,0.195718755652,-2.7334631890324004,147.70505931664297,658.73420202079,-1.0
4.12,0.0,0.0,0.13458251546543998,0.257427568846,-2.7420205137944,147.868628876012,658.84345317169,-1.0
4.16,0.0,0.0,0.13800329901288,0.3217235527795,-2.7450767012094004,148.06327979119197,658.85437828678,-1.0
4.2,0.0,0.0,0.13864751884704,0.3838156505275,-2.7511279522911,148.25447722239298,658.759693956,-1.0
4.24,0.0,0.0,0.13582816562448,0.44677013852200004,-2.7315072290868003,148.53640709631497,658.85437828678,-1.0
4.28,0.0,0.0,0.13508885799192,0.5119285127020001,-2.6978280437735003,148.85130204458198,658.9417792075,-1.0
4.32,0.0,0.0,0.13158011823096,0.5734456836190001,-2.7102361646784003,149.116906357876,658.81431953145,-1.0
4.36,0.0,0.0,0.12703254427247998,0.6378374886910001,-2.7810174652098003,149.407312965201,658.63223427995,-1.0
4.4,0.0,0.0,0.12491446356311998,0.6997379441620001,-2.8217870053259,149.7812310942,658.66136792019,-1.0
4.44,0.0,0.0,0.11691520252271999,0.7628840744335,-2.8459308859044,150.17053292455998,658.54483335923,-1.0
4.48,0.0,0.0,0.12240652288031999,0.8265093103975001,-2.8654904853604,150.600962609579,658.4501490284499,-1.0
4.52,0.0,0.0,0.11925436236335998,0.8881223024530001,-2.8648181241291,151.09135733459698,658.5266248340799,-1.0
4.56,0.0,0.0,0.1161022018464,0.9527057498020001,-2.8700136427346004,151.600903198044,658.53026653911,-1.0
4.6,0.0,0.0,0.10846189724495998,1.0147020264115,-2.8401852535642003,152.20494894127998,658.84709487672,-1.0
4.64,0.0,0.0,0.10393571804111999,1.077848156683,-2.7701374380124,152.87900622336298,659.18577344451,-1.0
4.68,0.0,0.0,0.0997589864964,1.1414733926470002,-2.7599297720463003,153.545214678221,659.5608690626,-1.0
4.72,0.0,0.0,0.10213855865136,1.2032780269795,-2.6730118019637,154.212678945435,659.80850500464,-1.0
4.76,0.0,0.0,0.10900389769583999,1.2677656531900001,-2.67062797578,154.81201539233598,659.8157884147,-1.0
4.8,0.0,0.0,0.11241279526847998,1.3299535720765001,-2.6816302504740004,155.41386346394899,659.8704139901499,-1.0
4.84,0.0,0.0,0.11271945341831999,1.3930038812095,-2.7227054093316,155.93596745095599,659.58271929278,-1.0
4.88,0.0,0.0,0.10992387214536,1.456341653758,-2.7891469237337003,156.460269109586,659.41155915637,-1.0
4.92,0.0,0.0,0.10334141930112,1.518050466952,-2.8340728787342,157.05615207250798,659.34965017086,-1.0
4.96,0.0,0.0,0.10192936549487999,1.582250629747,-2.8330948987614,157.73052330768,659.52809371733,-1.0
5.0,0.0,0.0,0.10292541018311999,1.6441510852180001,-2.7906750174412003,158.37349923395197,659.54994394751,-1.0
5.04,0.0,0.0,0.10530022794815999,1.7071055732125002,-2.7456879386924,159.023382128182,659.53901883242,-1.0
5.08,0.0,0.0,0.10423049021615999,1.7690060286835,-2.720749449386,159.663846429742,659.6009278179299,-1.0
5.12,0.0,0.0,0.10694524686047999,1.830619020739,-2.7237445130527003,160.310589793082,659.69925385374,-1.0
5.16,0.0,0.0,0.09384690263088,1.89443589898,-2.7269229479643,160.904275084381,659.70289555877,-1.0
5.2,0.0,0.0,0.09587702712671999,1.9563363544510002,-2.7362137577059,161.476611565628,659.6701202135,-1.0
5.24,0.0,0.0,0.10202683048823999,2.0188117367530003,-2.7585850495837003,161.97297139933698,659.43340938655,-1.0
5.28,0.0,0.0,0.10336519125072,2.0840659320715003,-2.7767999265771004,162.50480793210298,659.44433450164,-1.0
5.32,0.0,0.0,0.11053956563999999,2.1451998184345,-2.805711459523,162.93555157021098,659.08380570367,-1.0
5.36,0.0,0.0,0.11393182284791999,2.2088250543985,-2.8126795668292,163.38670215910398,658.9053621572,-1.0
5.4,0.0,0.0,0.11389378772855999,2.2711087944235,-2.8291218551219,163.841934138154,658.79975271133,-1.0
5.44,0.0,0.0,0.12345724305263998,2.3337758190025,-2.8106013593870003,164.27048010463898,658.6504428050999,-1.0
5.48,0.0,0.0,0.1261577365272,2.397688518382,-2.7802228564819003,164.655072638664,658.4319405033,-1.0
5.52,0.0,0.0,0.12645726309216,2.4590140470220003,-2.7737437391621,165.01423497247998,658.2498552518,-1.0
5.56,0.0,0.0,0.12572746423943998,2.5233100309555003,-2.7735603679172,165.454083250169,658.4719992586299,-1.0
5.6,0.0,0.0,0.13390501490183998,2.5854979498420003,-2.7786336390261,165.782164228174,658.39916515803,-1.0
5.64,0.0,0.0,0.13762294781928,2.6481649744210003,-2.7837069101350003,166.065663867541,658.30812253228,-1.0
5.68,0.0,0.0,0.13757778111504,2.7118860315235,-2.7803451039785,166.346023976018,658.32997276246,-1.0
5.72,0.0,0.0,0.14095102076327998,2.7734032024405,-2.7837069101350003,166.61539572637997,658.4319405033,-1.0
5.76,0.0,0.0,0.14329731218879999,2.8375075440970003,-2.7829123014071,166.90956977077298,658.77790248115,-1.0
5.8,0.0,0.0,0.14085355576991998,2.899791284122,-2.7838902813799002,167.11552299715697,658.85801999181,-1.0
5.84,0.0,0.0,0.1401237569172,2.962458308701,-2.7886579337473,167.17988338040198,658.63587598498,-1.0
5.88,0.0,0.0,0.14280761002703998,3.0261793658035003,-2.7963595260331,167.26998791694498,658.6504428050999,-1.0
5.92,0.0,0.0,0.14344232108135999,3.0876965367205003,-2.8002103221760004,167.32367389516398,658.66500962522,-1.0
5.96,0.0,0.0,0.14032106409887998,3.1517050572385004,-2.80510022204,167.28442975903897,658.50841630893,-1.0
6.0,0.0,0.0,0.13959126524616,3.2138929761250004,-2.808767646938,167.26779024532198,658.5156997189899,-1.0
6.04,0.0,0.0,0.14227274116104,3.2764641795655,-2.8120072055979,167.18490662982597,658.4938494888099,-1.0
6.08,0.0,0.0,0.14017843240128,3.338652098452,-2.8053447170332,167.09197651548197,658.51205801396,-1.0
6.12,0.0,0.0,0.1384240625208,3.4001692693690004,-2.7975820009991,167.008464993808,658.7196352006699,-1.0
6.16,0.0,0.0,0.13905877357511998,3.4640819687485003,-2.7978876197406004,166.82480243674297,658.7196352006699,-1.0
6.2,0.0,0.0,0.13764909696383998,3.5262698876350003,-2.7900026562099,166.68163982815898,658.9454209125299,-1.0
6.24,0.0,0.0,0.13317521604912,3.588745269937,-2.7888413049922,166.38558206523197,658.7961110063,-1.0
6.28,0.0,0.0,0.13278773327064,3.6539994652555,-2.783095672652,166.03960576115398,658.57396699947,-1.0
6.32,0.0,0.0,0.12865854562512,3.7155166361725,-2.7857851175772,165.63868766650097,658.31904764737,-1.0
6.36,0.0,0.0,0.12725362340375998,3.7795251566905,-2.7847460138561,165.284862535198,658.36274810773,-1.0
6.4,0.0,0.0,0.1224493123896,3.8413297910230004,-2.7804673514751004,165.01768845645898,658.78518589121,-1.0
6.44,0.0,0.0,0.11526780641543999,3.9038051733250003,-2.7851127563459004,164.66072379426598,659.01097160307,-1.0
6.48,0.0,0.0,0.11998653841103998,3.9673345881505004,-2.8279605039042,164.18477091134199,658.89079533708,-1.0
6.52,0.0,0.0,0.11654673730391998,4.0288517590675,-2.8389016548499,163.76313191281497,659.1493563942099,-1.0
6.56,0.0,0.0,0.11345162946599999,4.092764458447,-2.8222759953123,163.310097605388,659.26589095517,-1.0
6.6,0.0,0.0,0.10865920442664,4.1550481984720005,-2.8126184430809,162.83226100392997,659.3969923362499,-1.0
6.64,0.0,0.0,0.10624635154223999,4.2179068653280005,-2.7928143486317003,162.31235468854598,659.46254302679,-1.0
6.68,0.0,0.0,0.10111874201351999,4.2816279224305,-2.7618246082436,161.776122812534,659.46254302679,-1.0
6.72,0.0,0.0,0.09735326519687999,4.343815841317,-2.7401256775971,161.19028634845998,659.43705109158,-1.0
6.76,0.0,0.0,0.12817835224319998,4.407824361835,-2.7365193764474003,160.60319407203,659.3969923362499,-1.0
6.8,0.0,0.0,0.15423716339472,4.470299744137001,-2.7287566604133002,159.996636704082,659.41155915637,-1.0
6.84,0.0,0.0,0.15181242453552,4.5330625898545005,-2.7307126203589003,159.428695566081,659.55358565254,-1.0
6.88,0.0,0.0,0.15108500287776,4.5966878258185,-2.7670201268491,158.709115086093,659.2331156099,-1.0
6.92,0.0,0.0,0.15069514290431998,4.658779923566501,-2.8200144166252,158.01904619647098,659.1129393439099,-1.0
6.96,0.0,0.0,0.14929022068296,4.722500980669,-2.8359677149315003,157.40181442349697,659.15663980427,-1.0
7.0,0.0,0.0,0.14450017283855998,4.7852638263865,-2.820992396598,156.77673382329797,659.15299809924,-1.0
7.04,0.0,0.0,0.14276006612783998,4.8482183143810005,-2.811823834353,156.13250208467,659.01825501313,-1.0
7.08,0.0,0.0,0.14474026952952,4.910310412129,-2.7737437391621,155.519037748764,658.9891213728899,-1.0
7.12,0.0,0.0,0.14435516394599998,4.9728816155695,-2.7239278842976002,154.92346873893098,658.97455455277,-1.0
7.16,0.0,0.0,0.12504283209095998,5.036506851533501,-2.709747174692,154.340143899569,658.98547966786,-1.0
7.2,0.0,0.0,0.09594596578055999,5.099078054974,-2.7208716968826003,153.74740046753698,659.00732989804,-1.0
7.24,0.0,0.0,0.09929067908927999,5.161745079553,-2.7676313643321,153.140215193411,658.89443704211,-1.0
7.28,0.0,0.0,0.10128276846576,5.2269992748715,-2.8340117549859003,152.55343687007,658.83616976163,-1.0
7.32,0.0,0.0,0.10327485784224,5.2898579417275,-2.8670185790679,152.05299564620398,658.9672711427099,-1.0
7.36,0.0,0.0,0.11201104932023999,5.3531957142760005,-2.87844872,151.53779862715498,658.93813750247,-1.0
7.4,0.0,0.0,0.11298569925383999,5.415862738855,-2.8775929875238,151.03924112182298,658.94906261756,-1.0
7.44,0.0,0.0,0.12204994363631999,5.478625584572501,-2.8657349803536003,150.53534641397798,658.78154418618,-1.0
7.48,0.0,0.0,0.11695323764207999,5.542059178259501,-2.858277883061,150.088277215242,658.75605225097,-1.0
7.52,0.0,0.0,0.11354434006943999,5.6045345605615005,-2.8550994481494003,149.66161496729097,658.68321815037,-1.0
7.56,0.0,0.0,0.11485417449239999,5.6679681542485,-2.8572999030882,149.18063883494298,658.30812253228,-1.0
7.6,0.0,0.0,0.12255866335775999,5.7308268211045,-2.8409187385438,148.84879041987,658.37003151779,-1.0
7.64,0.0,0.0,0.1248740512488,5.7933022034065,-2.8046723558019,148.628709304481,658.69050156043,-1.0
7.68,0.0,0.0,0.12415851556583998,5.856831618232,-2.7848071376044,148.34709338364797,658.65408451013,-1.0
7.72,0.0,0.0,0.12949769544599998,5.9192111793955,-2.7884745625024,148.14427968815397,658.76697736606,-1.0
7.76,0.0,0.0,0.13248107512079998,5.982357309667,-2.7898804087133002,147.931105540723,658.72691861073,-1.0
7.8,0.0,0.0,0.13109279326415998,6.045120155384501,-2.7949536798222003,147.73614067245398,658.63951769001,-1.0
7.84,0.0,0.0,0.1303772575812,6.1075955376865005,-2.8003936934209004,147.70914070679999,659.01825501313,-1.0
7.88,0.0,0.0,0.13369106735543998,6.1710291313735,-2.8076674194686,147.632222199995,659.08016399864,-1.0
7.92,0.0,0.0,0.13532657748791999,6.233312871398501,-2.8104179881421003,147.592664110781,659.08016399864,-1.0
7.96,0.0,0.0,0.13259518047888,0.0133711290865,-2.8143299080333,147.537408367117,658.92721238738,-1.0
8.0,0.0,0.0,0.13489868239511998,0.076133974804,-2.7939145761011,147.49596655936898,658.65408451013,-1.0
8.04,0.0,0.0,0.13720218431136,0.1385135359675,-2.7421427612910003,147.59235015769198,658.7087100855799,-1.0
8.08,0.0,0.0,0.1364866486284,0.2004139914385,-2.7250892355153002,147.69658258323997,658.74876884091,-1.0
8.12,0.0,0.0,0.13543355126112,0.2626977314635,-2.7233166468146,147.866431204389,658.81067782642,-1.0
8.16,0.0,0.0,0.13874022945047998,0.32574804059650003,-2.7348079114950004,147.98887290909897,658.61038404977,-1.0
8.2,0.0,0.0,0.13969823901936,0.388510886314,-2.7438542262434003,148.169395935274,658.4610741435399,-1.0
8.24,0.0,0.0,0.13630360461648,0.450794626339,-2.7292456503997,148.41679096940598,658.42829879827,-1.0
8.28,0.0,0.0,0.12989706419928,0.5157613582420001,-2.6936105051408004,148.76465099201798,658.6868598553999,-1.0
8.32,0.0,0.0,0.1278455449488,0.5780450982670001,-2.7043071610933,149.047836678296,658.57032529444,-1.0
8.36,0.0,0.0,0.12780275543952,0.6411912285385001,-2.7725823879444,149.36618511054198,658.55211676929,-1.0
8.4,0.0,0.0,0.12575361338399998,0.7040498953945001,-2.8186696941626,149.77557993859799,658.64680110007,-1.0
8.44,0.0,0.0,0.11735260639535999,0.7663336354195001,-2.8403075010608,150.159544566445,658.5156997189899,-1.0
8.48,0.0,0.0,0.12299369003543999,0.8297672291065001,-2.8571776555916,150.56956730067898,658.37367322282,-1.0
8.52,0.0,0.0,0.11994612609672,0.8921467902700001,-2.8603560905032004,151.07754339868097,658.47928266869,-1.0
8.56,0.0,0.0,0.11656575486359999,0.9551970994030001,-2.857666645578,151.59305437081898,658.59945893468,-1.0
8.6,0.0,0.0,0.10985017910159998,1.0181515873975,-2.8279605039042,152.202123363479,658.82888635157,-1.0
8.64,0.0,0.0,0.10447296410207998,1.0801478640070001,-2.7687927155498,152.827517916767,659.04738865337,-1.0
8.68,0.0,0.0,0.10009892537567999,1.1434856365555002,-2.752533798502,153.447261314453,659.2258321998399,-1.0
8.72,0.0,0.0,0.09973283735183999,1.2055777343035001,-2.6750288856576003,154.097772114861,659.44797620667,-1.0
8.76,0.0,0.0,0.1120371984648,1.2682447588825,-2.6709947182698004,154.63431794396197,659.26589095517,-1.0
8.8,0.0,0.0,0.11266715512919999,1.330815962323,-2.6848086853856,155.223293938926,659.2258321998399,-1.0
8.84,0.0,0.0,0.10962909997031998,1.3929080600710002,-2.7274730616990004,155.77836300027798,659.1384312791199,-1.0
8.88,0.0,0.0,0.11059186392911999,1.4561500114810002,-2.7931810911215003,156.35101343461398,659.0510303584,-1.0
8.92,0.0,0.0,0.10123284737159999,1.5185295726445,-2.8314445575573,156.97609403481297,659.13114786906,-1.0
8.96,0.0,0.0,0.10219798852536,1.5811965972235,-2.8365178286662003,157.64010481804797,659.26589095517,-1.0
9.0,0.0,0.0,0.10316075248416,1.6441510852180001,-2.7981932384821,158.29595282096898,659.28774118535,-1.0
9.04,0.0,0.0,0.10512193832615999,1.706243182966,-2.7455045674475,158.957765932581,659.38970892619,-1.0
9.08,0.0,0.0,0.10409023571352,1.7680478172985001,-2.7223997905901003,159.60702092063298,659.40427574631,-1.0
9.12,0.0,0.0,0.10704746624375999,1.830619020739,-2.7211773156241,160.27950843727098,659.65919509841,-1.0
9.16,0.0,0.0,0.09405134139744,1.8937651510105002,-2.7258838442432003,160.96580988982498,659.95053150081,-1.0
9.2,0.0,0.0,0.09667814182823999,1.9565279967280003,-2.7356636439712,161.48603015829798,659.71017896883,-1.0
9.24,0.0,0.0,0.10295631371759999,2.0190992001685,-2.7580349358490004,161.99997136499098,659.58636099781,-1.0
9.28,0.0,0.0,0.10424950777584,2.0838742897945,-2.7796116189989,162.476866107182,659.3387250557699,-1.0
9.32,0.0,0.0,0.11151659276855999,2.1463496720965,-2.8019829108767,162.928330649164,659.12022275397,-1.0
9.36,0.0,0.0,0.11512992910775999,2.2093999812295,-2.8077896669652,163.37539984789998,658.87258681193,-1.0
9.4,0.0,0.0,0.11608556148167999,2.2719711846700004,-2.8282049988974003,163.79766675260498,658.68321815037,-1.0
9.44,0.0,0.0,0.12798342225648,2.3343507458335,-2.8131074330673003,164.17535231867197,658.3591064027,-1.0
9.48,0.0,0.0,0.12694696525392,2.397688518382,-2.7817509501894,164.61677036180598,658.32633105743,-1.0
9.52,0.0,0.0,0.12756741313848,2.4602597218225,-2.7730102541825,165.02585123677298,658.35182299264,-1.0
9.56,0.0,0.0,0.12653095613592,2.523405852094,-2.7640861869307,165.48579251215799,658.59217552462,-1.0
9.6,0.0,0.0,0.13476793667231998,2.586072876673,-2.7710542942369,165.789071196132,658.44286561839,-1.0
9.64,0.0,0.0,0.13869506274624,2.6486440801135003,-2.7766165553322,166.092663833195,658.40280686306,-1.0
9.68,0.0,0.0,0.13864989604199998,2.7118860315235,-2.7722767692029002,166.36894255151498,658.41009027312,-1.0
9.72,0.0,0.0,0.14158097742768,2.774457234964,-2.7804062277268002,166.620418975804,658.47564096366,-1.0
9.76,0.0,0.0,0.14484011171783998,2.8375075440970003,-2.7779001540465003,166.86750005684698,658.59945893468,-1.0
9.8,0.0,0.0,0.14181869692368,2.9001745686760003,-2.7832179201486,167.038918443441,658.62859257492,-1.0
9.84,0.0,0.0,0.14077986272616,2.962649950978,-2.7918974924072,167.09072070312598,658.32633105743,-1.0
9.88,0.0,0.0,0.14337575962247998,3.0258919023880004,-2.7993545896998,167.156964804905,658.2498552518,-1.0
9.92,0.0,0.0,0.14464993612104,3.0884631058285,-2.8104791118904,167.19903451883098,658.2498552518,-1.0
9.96,0.0,0.0,0.1413004684224,3.1516092361,-2.8016772921352002,167.22760424992998,658.2862723021,-1.0
10.0,0.0,0.0,0.14125530171815998,3.214276260679,-2.8043056133121,167.25146468469399,658.49020778378,-1.0
10.04,0.0,0.0,0.14318796122063998,3.2768474641195002,-2.8113959681149003,167.15665085181598,658.34818128761,-1.0
10.08,0.0,0.0,0.14116021391976,3.3385562773135002,-2.8063838207543004,167.05147656700098,658.34089787755,-1.0
10.12,0.0,0.0,0.1391372210088,3.4011274807540004,-2.8023496533665,166.958232499568,658.53026653911,-1.0
10.16,0.0,0.0,0.13975053730848,3.464369432164,-2.8011883021488,166.72936069768699,658.32633105743,-1.0
10.2,0.0,0.0,0.14003342350872,3.5272280990200002,-2.7959316597950004,166.53157025161698,658.4319405033,-1.0
10.24,0.0,0.0,0.13801043059776,3.589703481322,-2.7912251311759,166.305837980626,658.50113289887,-1.0
10.28,0.0,0.0,0.13368393577055998,3.6543827498095003,-2.78676309755,166.073826647855,658.70142667552,-1.0
10.32,0.0,0.0,0.12969024823776,3.7168581321115,-2.7831567964003003,165.704303862102,658.51934142402,-1.0
10.36,0.0,0.0,0.1283328699156,3.7799084412445003,-2.7850516325976002,165.35864151111298,658.54483335923,-1.0
10.4,0.0,0.0,0.12335502366935999,3.8427671081005004,-2.7810785889581,165.03087448619698,658.77426077612,-1.0
10.44,0.0,0.0,0.11608080709176,3.905338311541,-2.7845626426112,164.629956391544,658.8325280566,-1.0
10.48,0.0,0.0,0.12097307431943999,3.9686760840895,-2.8312000625641,164.11507332558398,658.66136792019,-1.0
10.52,0.0,0.0,0.11764737857039999,4.0313431086685005,-2.8440360497071002,163.70253896663797,658.88715363205,-1.0
10.56,0.0,0.0,0.11432406001631999,4.0943934178015,-2.8277771326593,163.294713904027,659.18941514954,-1.0
10.6,0.0,0.0,0.10936047693984,4.1573479057960006,-2.8195865503871,162.79395872707198,659.2258321998399,-1.0
10.64,0.0,0.0,0.10702607148912,4.219631645821,-2.7972152585093,162.30733143912198,659.3751421060699,-1.0
10.68,0.0,0.0,0.10173918989807999,4.2829694183695,-2.7675091168355004,161.772669328555,659.44797620667,-1.0
10.72,0.0,0.0,0.09809732721935999,4.345253158394501,-2.7426317512774,161.256844403328,659.58271929278,-1.0
10.76,0.0,0.0,0.12758167630824,4.408399288666001,-2.7447099587196,160.62925217841698,659.44433450164,-1.0
10.8,0.0,0.0,0.15245902156463997,4.4711621343835,-2.7361526339576003,160.037450605652,659.48075155194,-1.0
10.84,0.0,0.0,0.15011510733407998,4.533445874408501,-2.7329130752977,159.462916452782,659.61549463805,-1.0
10.88,0.0,0.0,0.14973713333543998,4.596783646957,-2.7610299995157,158.75746386179898,659.38242551613,-1.0
10.92,0.0,0.0,0.14903348362728,4.658779923566501,-2.8121294530945002,158.120766997307,659.4152008614,-1.0
10.96,0.0,0.0,0.14767610530512,4.7222135172535005,-2.8416522235234,157.42912834223998,659.21126537972,-1.0
11.0,0.0,0.0,0.14500889256,4.7846888995555,-2.827104771428,156.821629115025,659.25496584008,-1.0
11.04,0.0,0.0,0.14136227549136,4.846972639580501,-2.8121294530945002,156.194664796292,659.1966985596,-1.0
11.08,0.0,0.0,0.14360397033863997,4.90896891619,-2.7720322742097,155.554514447821,659.07288058858,-1.0
11.12,0.0,0.0,0.14257702211592,4.9705819082455,-2.7105417834199,155.028956976835,659.28409948032,-1.0
11.16,0.0,0.0,0.14318320683072,5.034207144209501,-2.7021067061545003,154.408585672971,659.17484832942,-1.0
11.2,0.0,0.0,0.09673281731231999,5.0969699899270005,-2.7173265194812,153.758702778741,658.93085409241,-1.0
11.24,0.0,0.0,0.09996817965287999,5.159253729952001,-2.7648196719103,153.10568035362098,658.7087100855799,-1.0
11.28,0.0,0.0,0.10123997895647999,5.224316282993501,-2.8385349123601,152.60209959886498,658.9891213728899,-1.0
11.32,0.0,0.0,0.10381923548807999,5.286216738464501,-2.8712361177006,152.09506536012998,659.07652229361,-1.0
11.36,0.0,0.0,0.11259821647535999,5.349937795567,-2.8719696026802,151.57107765458898,659.0146133081,-1.0
11.4,0.0,0.0,0.11712915006911999,5.4123173567305,-2.8628010404352002,151.08821780370698,659.02553842319,-1.0
11.44,0.0,0.0,0.122960409306,5.4746010967555,-2.8557718093807,150.61979979491898,659.03646353828,-1.0
11.48,0.0,0.0,0.11803010695895999,5.5384179749965,-2.851554270748,150.09957952644598,658.72691861073,-1.0
11.52,0.0,0.0,0.11473293754943999,5.6003184304675,-2.8522877557276,149.61138247305098,658.45743243851,-1.0
11.56,0.0,0.0,0.11567192955863999,5.663847845293001,-2.8494149395575,149.194452770859,658.37731492785,-1.0
11.6,0.0,0.0,0.12345248866271999,5.726514869872,-2.8306499488294,148.87641829170198,658.4319405033,-1.0
11.64,0.0,0.0,0.12601748202455998,5.788990252174,-2.8036332520808003,148.593232605424,658.5375499491699,-1.0
11.68,0.0,0.0,0.12500004258168,5.8525196669995,-2.7836457863867,148.326372479774,658.53026653911,-1.0
11.72,0.0,0.0,0.13049136293928,5.9145159436090005,-2.7884745625024,148.128268080615,658.71599349564,-1.0
11.76,0.0,0.0,0.13370295333024,5.978141179573,-2.7933033386181,147.89782651328898,658.62130916486,-1.0
11.8,0.0,0.0,0.13235746098287998,6.0407123830135,-2.7987433522168,147.74116392187798,658.63951769001,-1.0
11.84,0.0,0.0,0.13134002154,6.1031877653155,-2.800821559659,147.70003606721897,659.00004648798,-1.0
11.88,0.0,0.0,0.13454685754103998,6.166717180141,-2.8054058407815003,147.619978029524,659.00004648798,-1.0
11.92,0.0,0.0,0.13645336789895998,6.2287134567505005,-2.813657546802,147.53489674240498,658.88351192702,-1.0
11.96,0.0,0.0,0.13348425139391998,0.0091549989925,-2.8152467642578003,147.43631547245897,658.56304188438,-1.0
12.0,0.0,0.0,0.13409043610871998,0.0716303812945,-2.8015550446386004,147.419048052564,658.39916515803,-1.0
12.04,0.0,0.0,0.13826716765344,0.134009942458,-2.7481328886244003,147.47179217151597,658.30812253228,-1.0
12.08,0.0,0.0,0.13757302672511998,0.196102040206,-2.7295512691412003,147.645094276644,658.56668358941,-1.0
12.12,0.0,0.0,0.13622991157272,0.258002495677,-2.736030386461,147.79171036920698,658.56668358941,-1.0
12.16,0.0,0.0,0.13910394027936,0.321627731641,-2.7434263600053,147.95841945946597,658.49020778378,-1.0
12.2,0.0,0.0,0.14068002053783998,0.38429475622000003,-2.7469104136584,148.20518658741997,658.61766745983,-1.0
12.24,0.0,0.0,0.13739473710312,0.4466743173835,-2.7356636439712,148.467965322913,658.64680110007,-1.0
12.28,0.0,0.0,0.13670297336975998,0.5118326915635001,-2.6963610738143,148.794476535473,658.75605225097,-1.0
12.32,0.0,0.0,0.12856108063176,0.5738289681730001,-2.6974613012837003,149.056627364788,658.61038404977,-1.0
12.36,0.0,0.0,0.12852066831744,0.637454204137,-2.7721545217063004,149.36681301672,658.5266248340799,-1.0
12.4,0.0,0.0,0.1265380877208,0.699929586439,-2.8248431927409,149.752347410012,658.6140257548,-1.0
12.44,0.0,0.0,0.11776148392847999,0.762404968741,-2.8423245847547003,150.147614349063,658.51205801396,-1.0
12.48,0.0,0.0,0.12354519926615999,0.8261260258435001,-2.8603560905032004,150.596881219422,658.49020778378,-1.0
12.52,0.0,0.0,0.1205951003208,0.8881223024530001,-2.8644513816393,151.119299159518,658.69414326546,-1.0
12.56,0.0,0.0,0.11732408005584,0.9517475384170001,-2.8607228329930003,151.62664735134197,658.69414326546,-1.0
12.6,0.0,0.0,0.11050153052063999,1.0141270995805,-2.8344396212240004,152.18611175593998,658.81431953145,-1.0
12.64,0.0,0.0,0.10497455223864,1.0769857664365001,-2.7673257455906004,152.89250620618998,659.29502459541,-1.0
12.68,0.0,0.0,0.10041984669528,1.1402277178465001,-2.7514946947809,153.44035434649498,659.20762367469,-1.0
12.72,0.0,0.0,0.10006564464623999,1.202223994456,-2.6781461968209004,154.06512099360498,659.36421699098,-1.0
12.76,0.0,0.0,0.11197063700591998,1.2663283361125002,-2.6720338219909,154.685806250558,659.44433450164,-1.0
12.8,0.0,0.0,0.11258157611063999,1.3285162549990002,-2.6815691267257002,155.282631072747,659.49896007709,-1.0
12.84,0.0,0.0,0.10964098594511999,1.391566564132,-2.7233166468146,155.861874521952,659.42612597649,-1.0
12.88,0.0,0.0,0.11025192504984,1.4550001578190002,-2.7891469237337003,156.41349009932497,659.32051653062,-1.0
12.92,0.0,0.0,0.10377169158887999,1.5171880767055002,-2.8340117549859003,157.07122182077998,659.50624348715,-1.0
12.96,0.0,0.0,0.10212667267655999,1.5810049549465002,-2.8390239023465003,157.673697798571,659.39335063122,-1.0
13.0,0.0,0.0,0.10370275293503999,1.643001231556,-2.797765372244,158.28590632212098,659.33144164571,-1.0
13.04,0.0,0.0,0.10528121038847998,1.7061473618275,-2.7471549086516003,158.980998461167,659.50624348715,-1.0
13.08,0.0,0.0,0.10395948999072,1.76795199616,-2.7176321382227,159.656625508695,659.67376191853,-1.0
13.12,0.0,0.0,0.10746347536175999,1.829660809354,-2.716470787005,160.257217767952,659.6009278179299,-1.0
13.16,0.0,0.0,0.09552995666255999,1.8933818664565,-2.7276564329439004,160.88480999286298,659.71017896883,-1.0
13.2,0.0,0.0,0.09742695824063999,1.955569785343,-2.7349301589916,161.449611599974,659.64826998332,-1.0
13.24,0.0,0.0,0.103823989878,2.018236809922,-2.7551621196789,161.93341331012297,659.3751421060699,-1.0
13.28,0.0,0.0,0.10571861426111999,2.0832993629635004,-2.7728268829376,162.47090099849098,659.4079174513399,-1.0
13.32,0.0,0.0,0.11243181282815999,2.1454872818500004,-2.7936700811079,162.998970094189,659.40427574631,-1.0
13.36,0.0,0.0,0.11624958793391998,2.2090166966755,-2.8079730382101,163.40553934444398,659.03646353828,-1.0
13.4,0.0,0.0,0.11556971017536,2.2716837212545,-2.8256378014688,163.88149222736797,659.01097160307,-1.0
13.44,0.0,0.0,0.12515931464399999,2.3344465669720003,-2.8105402356387,164.26043360579098,658.67229303528,-1.0
13.48,0.0,0.0,0.12768627288648,2.397688518382,-2.7808952177132,164.62681686065397,658.41009027312,-1.0
13.52,0.0,0.0,0.12860862453096,2.4600680795455,-2.7712987892301,165.07388605939,658.53026653911,-1.0
13.56,0.0,0.0,0.12728452693824,2.523405852094,-2.7700151905158004,165.482652981268,658.64680110007,-1.0
13.6,0.0,0.0,0.1391015630844,2.5857854132575,-2.7752718328696,165.748257294562,658.32633105743,-1.0
13.64,0.0,0.0,0.13969823901936,2.6484524378365,-2.7786947627744003,165.994710469427,658.09326193551,-1.0
13.68,0.0,0.0,0.14061583627392,2.711598568108,-2.7777167828016003,166.26784965685698,658.10054534557,-1.0
13.72,0.0,0.0,0.14281236441696,2.7738823081330004,-2.7810785889581,166.503000520518,658.06048659024,-1.0
13.76,0.0,0.0,0.14564598080927998,2.8370284384045004,-2.7883523150058003,166.716174667949,658.12967898581,-1.0
13.8,0.0,0.0,0.14271965381351998,2.8996954629835003,-2.7843792713663,166.97675573181897,658.43922391336,-1.0
13.84,0.0,0.0,0.1413955562208,2.962458308701,-2.7873743350330002,167.14315086898898,658.55575847432,-1.0
13.88,0.0,0.0,0.14390825129352,3.0256044389725,-2.8002103221760004,167.22729029684098,658.51934142402,-1.0
13.92,0.0,0.0,0.14546055960239998,3.087984000136,-2.8041222420672,167.22383681286198,658.31540594234,-1.0
13.96,0.0,0.0,0.14221806567696,3.1513217726845,-2.8077896669652,167.20217404972098,658.20615479144,-1.0
14.0,0.0,0.0,0.14089396808423998,3.2138929761250004,-2.8129851855707,167.15979038270598,658.15152921599,-1.0
14.04,0.0,0.0,0.14404375140623998,3.2766558218425,-2.8121905768428004,167.10736021684298,658.21707990653,-1.0
14.08,0.0,0.0,0.14208256556423998,3.3381729927595,-2.8080341619584,167.104848592131,658.54847506426,-1.0
14.12,0.0,0.0,0.13980283559759998,3.400552553923,-2.8027163958563004,166.98931385537898,658.61038404977,-1.0
14.16,0.0,0.0,0.14039475714264,3.4636986841945,-2.7955649173052004,166.81193036009398,658.6140257548,-1.0
14.2,0.0,0.0,0.13971250218911999,3.5262698876350003,-2.7914085024208,166.60032597810797,658.62495086989,-1.0
14.24,0.0,0.0,0.13903024723559998,3.5891285544910003,-2.7895136662235003,166.303640309003,658.45743243851,-1.0
14.28,0.0,0.0,0.13452308559144,3.6539036441170003,-2.7812008364547003,166.03458251172998,658.4829243737199,-1.0
14.32,0.0,0.0,0.0,3.716379026419,-2.782484435169,165.668827163045,658.31176423731,-1.0
14.36,0.0,0.0,0.0,3.7794293355520003,-2.777594535305,165.38721124221198,658.42465709324,-1.0
14.4,0.0,0.0,0.0,3.8422880024080004,-2.7790615052642003,164.98597919447,658.11511216569,-1.0
14.44,0.0,0.0,0.12002457353039998,3.9050508481255,-2.7801617327336,164.575642507147,658.1041870506,-1.0
14.48,0.0,0.0,0.12189780315887999,3.9682927995355004,-2.8164081154755003,164.04255016202498,657.65625733191,-1.0
14.52,0.0,0.0,0.12058559154095999,4.03124728753,-2.820992396598,163.562201935855,657.55428959107,-1.0
14.56,0.0,0.0,0.11863866886871999,4.0943934178015,-2.8074840482237002,163.144644327485,657.65625733191,-1.0
14.6,0.0,0.0,0.1100165827488,4.1568688001035,-2.7864574788085004,162.78673780602497,658.03499465503,-1.0
14.64,0.0,0.0,0.10775587034183999,4.2198232880980004,-2.7791226290125,162.30073842425298,658.04591977012,-1.0
14.68,0.0,0.0,0.10263776959295999,4.2827777760925,-2.7333409415358,161.78334373358098,657.94395202928,-1.0
14.72,0.0,0.0,0.09879384534263999,4.345540621810001,-2.7227054093316,161.24114674887798,657.88204304377,-1.0
14.76,0.0,0.0,0.12702541268759998,4.408207646389,-2.7022900773994003,160.714333465536,657.91846009407,-1.0
14.8,0.0,0.0,0.15111115202231998,4.471066313245,-2.7088303184675,160.03650874638498,657.47417208041,-1.0
14.84,0.0,0.0,0.14852476390584,4.5342124435165,-2.6970945587939004,159.38411422744298,657.22289443334,-1.0
14.88,0.0,1.0000000002165,0.14847722000664,4.5970711103725,-2.7209939443792,158.69153371310898,656.88421586555,-1.0
14.92,0.0,1.0000000002165,0.14779496505311998,4.660408882921001,-2.76231359823,158.01841829029297,656.6766386788399,-1.0
14.96,0.0,1.0000000002165,0.14616420931055998,4.7229800863615,-2.7932422148698004,157.37638422328797,656.47634490219,-1.0
15.0,0.0,1.0000000002165,0.141680819616,4.7856471109405,-2.7752107091213003,156.81943144340198,656.59287946315,-1.0
15.04,0.0,1.0000000002165,0.14005006387344,4.848314135519501,-2.7638416919375004,156.286025145191,656.70213061405,-1.0
15.08,0.0,1.0000000002165,0.14254136419152,4.909160558467001,-2.7158595495220004,155.68731660446798,656.54917900279,-1.0
15.12,0.0,1.0000000002165,0.14059444151928,4.9722108676,-2.6653102096779,155.128794059137,656.51640365752,-1.0
15.16,0.0,1.0000000002165,0.14213248665839998,5.034111323071,-2.6439168977729004,154.589736605324,656.53461218267,-1.0
15.2,0.0,1.0000000002165,0.09461949099287999,5.0966825265115006,-2.6555304099499004,153.979411800308,656.34160181608,-1.0
15.24,0.0,1.0000000002165,0.0980711780748,5.159541193367501,-2.7003952412021004,153.270191772257,655.73343707607,-1.0
15.28,0.0,1.0000000002165,0.10183427769647999,5.2241246407165,-2.7759441941009,152.56442522818497,655.13619745115,-1.0
15.32,0.0,1.0000000002165,0.10844050249031999,5.2873665921265,-2.7974597535025003,152.02944916452898,655.0415131203699,-1.0
15.36,0.0,1.0000000002165,0.11314734851111999,5.3498419744285,-2.8062615732577,151.50389169354298,654.87035298396,-1.0
15.4,0.0,1.0000000002165,0.11406019137575998,5.412892283561501,-2.797154134761,151.02888066988598,654.80844399845,-1.0
15.44,0.0,1.0000000002165,0.11970840660071999,5.476038413833001,-2.7954426698086,150.47663718633498,654.30588870431,-1.0
15.48,0.0,1.0000000002165,0.11872424788727999,5.538705438412,-2.7942201948426,150.056567953253,654.26218824395,-1.0
15.52,0.0,1.0000000002165,0.11584546479071998,5.6018515686835,-2.7906138936929,149.64340568812898,654.09102810754,-1.0
15.56,0.0,1.0000000002165,0.11643976353071998,5.6643269509855,-2.7837069101350003,149.20889461295297,653.72685760454,-1.0
15.6,0.0,1.0000000002165,0.12460542821831999,5.7269939755645005,-2.7647585481620003,148.906243835157,653.75963294981,-1.0
15.64,0.0,1.0000000002165,0.12708959695152,5.7901401058360005,-2.7296123928895,148.602023291916,653.61032304358,-1.0
15.68,0.0,1.0000000002165,0.12988755541944,5.852615488138,-2.7198325931615,148.397639830977,653.7705580649,-1.0
15.72,0.0,1.0000000002165,0.13142084616864,5.915857439548001,-2.7155539307805,148.162488967316,653.6212481586699,-1.0
15.76,0.0,1.0000000002165,0.134846384106,5.978428642988501,-2.7214829343656,147.87082654763498,653.17331843998,-1.0
15.8,0.0,1.0000000002165,0.13354368126792,6.0410956675675,-2.7227054093316,147.70066397339698,653.09320092932,-1.0
15.84,0.0,1.0000000002165,0.13224097842983998,6.1043376189775005,-2.7257004729983003,147.631908246906,653.18424355507,-1.0
15.88,0.0,1.0000000002165,0.13534797224255998,6.166908822418001,-2.7320573428215003,147.45483870471,652.73631383638,-1.0
15.92,0.0,1.0000000002165,0.1375088424612,6.230150773828,-2.7330353227943003,147.389850415287,652.5360200597299,-1.0
15.96,0.0,1.0000000002165,0.1346324365596,0.009442462408,-2.7356025202229004,147.332397,652.23375854224,-1.0
16.0,0.0,1.0000000002165,0.13490581397999998,0.072109486987,-2.7139647133247,147.38608297821898,652.19369978691,-1.0
16.04,0.0,1.0000000002165,0.13926321234168,0.135351438397,-2.6458117339702003,147.520454900311,652.21555001709,-1.0
16.08,0.0,1.0000000002165,0.13859284336296,0.196293682483,-2.6351150780177,147.60585014051898,652.0298230605599,-1.0
16.12,0.0,1.0000000002165,0.13697872798511998,0.2596314550315,-2.6396993591402,147.84351262889197,652.21555001709,-1.0
16.16,0.0,1.0000000002165,0.140076213018,0.322202658472,-2.6390269979089003,148.028744951402,652.10265716116,-1.0
16.2,0.0,1.0000000002165,0.14160237218232,0.3847738619125,-2.6442225165144,148.235012130875,651.91693020463,-1.0
16.24,0.0,1.0000000002165,0.13841693093592,0.448111634461,-2.6195285222012004,148.48962808605398,651.76033688834,-1.0
16.28,0.0,1.0000000002165,0.13743277222248,0.5120243338405001,-2.5885387818131003,148.782546318091,651.66929426259,-1.0
16.32,0.0,1.0000000002165,0.12923382680544,0.5754579275275001,-2.5898223805274,149.06008084876697,651.4034497954,-1.0
16.36,0.0,1.0000000002165,0.12919341449111998,0.6380291309680001,-2.6625596410044,149.39538274781899,651.33425739983,-1.0
16.4,0.0,1.0000000002165,0.12727264096344,0.7004086921315,-2.7161040445152,149.728800928337,651.01014565216,-1.0
16.44,0.0,1.0000000002165,0.11814421231703999,0.7640339280955001,-2.7293678978963003,150.189998016078,651.04292099743,-1.0
16.48,0.0,1.0000000002165,0.12406105057247999,0.826413489259,-2.7406146675835004,150.63895093334799,650.88632768114,-1.0
16.52,0.0,1.0000000002165,0.12120366223055999,0.8901345463615001,-2.7335243127807,151.257438518678,651.25049818414,-1.0
16.56,0.0,1.0000000002165,0.11646828987024,0.9530890343560001,-2.7278398041888003,151.80748433060597,651.31604887468,-1.0
16.6,0.0,1.0000000002165,0.10954589814671999,1.0153727743810002,-2.7074855960049002,152.30949531991698,651.02107076725,-1.0
16.64,0.0,1.0000000002165,0.10544523684071999,1.078806368068,-2.6434890315348003,152.891878300012,650.94823666665,-1.0
16.68,0.0,1.0000000002165,0.10071937326024,1.1412817503700001,-2.6329146230789,153.46358687508098,650.83534381072,-1.0
16.72,0.0,1.0000000002165,0.0975600811584,1.203948774949,-2.5556542052277003,153.94110952345,650.31822169646,-1.0
16.76,0.0,1.0000000002165,0.10909660829927999,1.2663283361125002,-2.548991716663,154.47891116490698,650.03781040915,-1.0
16.8,0.0,1.0000000002165,0.10906332756984,1.3284204338605001,-2.5551040914930003,155.10430571819498,650.0196018839999,-1.0
16.84,0.0,1.0000000002165,0.10965287191991999,1.3914707429935,-2.5898223805274,155.723421209703,650.01231847394,-1.0
16.88,0.0,1.0000000002165,0.11055620600471999,1.4538503041570001,-2.6605425573105004,156.28319956739,649.71005695645,-1.0
16.92,0.0,1.0000000002165,0.10115439993792,1.5166131498745001,-2.6948941038551,156.919896431882,649.64086456088,-1.0
16.96,0.0,1.0000000002165,0.10049829412896,1.5793759955920001,-2.6977669200252,157.59458162014297,649.68456502124,-1.0
17.0,0.0,1.0000000002165,0.10171541794847999,1.6413722722015,-2.6611537947935,158.182301802751,649.33496133836,-1.0
17.04,0.0,1.0000000002165,0.10199592695375999,1.7040392967805,-2.5968516115819003,158.78069639038497,649.09096710135,-1.0
17.08,0.0,1.0000000002165,0.10102840860503999,1.7645024351740002,-2.5644560249829,159.34361427896198,648.69037954805,-1.0
17.12,0.0,1.0000000002165,0.1047392099376,1.8265945329220001,-2.5680623261326003,159.87545081172797,648.33713416014,-1.0
17.16,0.0,1.0000000002165,0.10501734174791999,1.8885908095315,-2.5756416709218,160.45061287077598,648.1368403834899,-1.0
17.2,0.0,1.0000000002165,0.09595072017048,1.9502038015870002,-2.5827931494729004,161.00285635432698,647.88556273642,-1.0
17.24,0.0,1.0000000002165,0.09996817965287999,2.0131582895815003,-2.5967293640853004,161.600309082694,647.8892044414499,-1.0
17.28,0.0,1.0000000002165,0.103051401516,2.0764002409915,-2.6179393047454003,162.103575884361,647.57601780887,-1.0
17.32,0.0,1.0000000002165,0.10799834422775999,2.1388756232935,-2.6425721753103,162.61123802927398,647.40485767246,-1.0
17.36,0.0,1.0000000002165,0.11512042032791998,2.2013510055955003,-2.648623426392,163.061760711989,647.0188369392799,-1.0
17.4,0.0,1.0000000002165,0.11881695849071999,2.2630598187895004,-2.6651268384330002,163.578527496483,647.01155352922,-1.0
17.44,0.0,1.0000000002165,0.12220208411375999,2.3263975913380004,-2.6534522025077,164.016178102549,646.73478394694,-1.0
17.48,0.0,1.0000000002165,0.13179882016727998,2.3885855102245004,-2.6220957196298,164.40579388599798,646.34512150873,-1.0
17.52,0.0,1.0000000002165,0.13082654742864,2.4514441770805,-2.6112768161807,164.901839766618,646.51628164514,-1.0
17.56,0.0,1.0000000002165,0.13140658299888,2.5142070227980002,-2.6079761337725,165.31343226629699,646.43252242945,-1.0
17.6,0.0,1.0000000002165,0.13975053730848,2.5763949416845002,-2.6069981537997,165.66286205435398,646.29049593328,-1.0
17.64,0.0,1.0000000002165,0.14032819568375998,2.640115998787,-2.6095042274800004,166.004756968275,646.24315376789,-1.0
17.68,0.0,1.0000000002165,0.13997399363472,2.7024955599505,-2.605836802582,166.33472166481397,646.26136229304,-1.0
17.72,0.0,1.0000000002165,0.14148351243431997,2.7654500479450004,-2.6073037725412003,166.51273306627698,645.89719179004,-1.0
17.76,0.0,1.0000000002165,0.14609289346176,2.828500357078,-2.6088318662487002,166.75667461643,645.88262496992,-1.0
17.8,0.0,1.0000000002165,0.14418638310384,2.8904966336875004,-2.6080372575208,166.907058146061,645.69325630836,-1.0
17.84,0.0,1.0000000002165,0.14197083740112,2.95421769079,-2.6127437861399003,167.01443010249898,645.45654548141,-1.0
17.88,0.0,1.0000000002165,0.14223708323664,3.0165972519535003,-2.611337939929,167.150685743125,645.48567912165,-1.0
17.92,0.0,1.0000000002165,0.14622126198959998,3.079551739948,-2.6157999735549002,167.233569358621,645.46382889147,-1.0
17.96,0.0,1.0000000002165,0.14307861025247998,3.1426020490810003,-2.6214233583985003,167.28694138375099,645.41284502105,-1.0
18.0,0.0,1.0000000002165,0.14148588962928,3.2045983256905,-2.6213622346502,167.24769724762598,645.22711806452,-1.0
18.04,0.0,1.0000000002165,0.14453820795792,3.2682235616545,-2.6161055922964,167.25115073160498,645.29631046009,-1.0
18.08,0.0,1.0000000002165,0.14294548733471998,3.3291658057405003,-2.6160444685481004,167.12745321453897,645.07416645326,-1.0
18.12,0.0,1.0000000002165,0.14042566067711998,3.3920244725965003,-2.6105433312011,166.974872013285,644.89572290679,-1.0
18.16,0.0,1.0000000002165,0.14038287116783998,3.4551706028680003,-2.6045532038677,166.758244381875,644.60438650439,-1.0
18.2,0.0,1.0000000002165,0.14157622303776,3.5173585217545003,-2.5956291366159,166.524977236748,644.44415148307,-1.0
18.24,0.0,1.0000000002165,0.13998825680448,3.5809837577185,-2.5861549556294,166.26722175067897,644.28027475672,-1.0
18.28,0.0,1.0000000002165,0.1374731845368,3.6451839205135004,-2.5893333905410003,165.933803570161,643.9743715341999,-1.0
18.32,0.0,1.0000000002165,0.13094540717664,3.7081384085080002,-2.5852380994049002,165.606036545245,643.828703333,-1.0
18.36,0.0,1.0000000002165,0.13028692417271998,3.7713803599180005,-2.5810816845205,165.27481603635,643.7558692324,-1.0
18.4,0.0,1.0000000002165,0.1299374765136,3.8337599210815,-2.5762529084048,164.85851424033598,643.52644181551,-1.0
18.44,0.0,1.0000000002165,0.12681384233616,3.8975767993225,-2.5779643733572,164.403596214375,643.24238882317,-1.0
18.48,0.0,1.0000000002165,0.12338117281391998,3.9602438239015,-2.6093819799834,163.908178239933,643.02024481634,-1.0
18.52,0.0,1.0000000002165,0.12149130282071999,4.023198311896,-2.6246629170584,163.45137649543798,642.9546941258,-1.0
18.56,0.0,1.0000000002165,0.11744769419375999,4.0865360844445,-2.6030862339085004,163.034760746335,643.08943721191,-1.0
18.6,0.0,1.0000000002165,0.11248173392231998,4.1490114667465,-2.5879275443301,162.622226387389,643.31158121874,-1.0
18.64,0.0,1.0000000002165,0.10720911550104,4.213115808403001,-2.5703239048197,162.09227357315697,643.13313767227,-1.0
18.68,0.0,1.0000000002165,0.10132318078007999,4.276261938674501,-2.5420236093568,161.512088264685,642.90735196041,-1.0
18.72,0.0,1.0000000002165,0.09821380977239999,4.339408068946001,-2.5083444240435,160.98244940354198,642.84908467993,-1.0
18.76,0.0,1.0000000002165,0.15020068635264,4.403799874018,-2.5029044104448,160.307136309103,642.4047966662699,-1.0
18.8,0.0,1.0000000002165,0.15015314245344,4.4659877929045,-2.5019875542203,159.71533473633798,642.29190381034,-1.0
18.84,0.0,1.0000000002165,0.14856993061007998,4.5299963134225,-2.5003372130162003,159.14425406744698,642.31011233549,-1.0
18.88,0.0,1.0000000002165,0.14637102527207999,4.59275915914,-2.5231363711321,158.57819664797998,642.41208007633,-1.0
18.92,0.0,1.0000000002165,0.14663489391263998,4.655234541442001,-2.5718519985272,157.95468581322598,642.25548676004,-1.0
18.96,0.0,1.0000000002165,0.14505168206927999,4.7187639562675,-2.5931841866839003,157.384860956691,642.36473791094,-1.0
19.0,0.0,1.0000000002165,0.14255087297136,4.780760232877,-2.5871940593505003,156.80090821115098,642.3246791556099,-1.0
19.04,0.0,1.0000000002165,0.13912771222895998,4.8446729322565005,-2.570996266051,156.22480429283598,642.33196256567,-1.0
19.08,0.0,1.0000000002165,0.14154056511336,4.905902639758001,-2.5302878496832,155.589677193789,642.10253514878,-1.0
19.12,0.0,1.0000000002165,0.14057780115455998,4.9682822009215,-2.472587031288,155.09017782919,642.24456164495,-1.0
19.16,0.0,1.0000000002165,0.14114832794496,5.0320990791625,-2.4497267494238004,154.51470181705298,642.17536924938,-1.0
19.2,0.0,1.0000000002165,0.09509255278991999,5.093807892356501,-2.4550445155259,153.946132772874,642.10253514878,-1.0
19.24,0.0,1.0000000002165,0.09629065904975999,5.156762380351,-2.4919021357508004,153.420261348799,642.19721947956,-1.0
19.28,0.0,1.0000000002165,0.10055296961303999,5.2206750797305,-2.5602384863502,152.83128535383497,641.96779206267,-1.0
19.32,0.0,1.0000000002165,0.10603715838575999,5.282862998617,-2.6006412839765,152.22190240808598,641.53078745907,-1.0
19.36,0.0,1.0000000002165,0.11274560256287999,5.346296592304,-2.6022305014323,151.66589148746698,641.29043492709,-1.0
19.4,0.0,1.0000000002165,0.11791837879584,5.408292868913501,-2.5918394642213003,151.09167128768598,640.83522179834,-1.0
19.44,0.0,1.0000000002165,0.1175760627216,5.4713431780465,-2.5859715843845,150.588404486019,640.61671949654,-1.0
19.48,0.0,1.0000000002165,0.12182411011512,5.5338185603485,-2.5767418983912003,150.20412590508298,640.66770336696,-1.0
19.52,0.0,1.0000000002165,0.11964422233679999,5.596006479235,-2.5734412159830002,149.857521694827,640.74053746756,-1.0
19.56,0.0,1.0000000002165,0.12144375892151998,5.6591526095065,-2.5695904198401003,149.475126832425,640.55845221606,-1.0
19.6,0.0,1.0000000002165,0.12996838004807998,5.721244707254501,-2.5500919441324004,149.12475518510098,640.3508750293499,-1.0
19.64,0.0,1.0000000002165,0.13176316224287998,5.784390837526001,-2.5238087323634,148.75617425861498,640.0231215766499,-1.0
19.68,0.0,1.0000000002165,0.13080752986896,5.847249504382001,-2.5126842101728,148.44347698197097,639.7499936994,-1.0
19.72,0.0,1.0000000002165,0.13107139850952,5.9096290655455,-2.5071219490775003,148.19011683914798,639.62253402335,-1.0
19.76,0.0,1.0000000002165,0.13561421807808,5.972775195817,-2.5156181500912003,148.05543096396698,639.74271028934,-1.0
19.8,0.0,1.0000000002165,0.13496286665903998,6.0351547569805,-2.5189799562477004,147.81902428795,639.33119762095,-1.0
19.84,0.0,1.0000000002165,0.13308963703055998,6.0983967083905,-2.5200190599688,147.680570975701,639.20737964993,-1.0
19.88,0.0,1.0000000002165,0.13609916584992,6.161063732969501,-2.5261314347988,147.55969903643597,638.9415351827399,-1.0
19.92,0.0,1.0000000002165,0.13850013275952,6.223634936410001,-2.5228307523906004,147.55467578701197,639.01801098837,-1.0
19.96,0.0,1.0000000002165,0.13571168307144,0.003693194098,-2.5227696286423003,147.59894317256098,639.04714462861,-1.0
20.0,0.0,1.0000000002165,0.13567127075712,0.0661685764,-2.4967309118665,147.733315094653,639.28021375053,-1.0
20.04,0.0,1.0000000002165,0.14020220435088,0.129602170087,-2.4368907622808003,147.956535740932,639.6407425484999,-1.0
20.08,0.0,1.0000000002165,0.13985275669175998,0.190927698727,-2.4238102801446004,148.002058938837,639.22558817508,-1.0
20.12,0.0,1.0000000002165,0.13768000049832,0.253594723306,-2.4249716313623004,148.08714022595598,638.9488185928,-1.0
20.16,0.0,1.0000000002165,0.13794149194392,0.317028316993,-2.4310840061923003,148.23658189632,638.6938992406999,-1.0
20.2,0.0,1.0000000002165,0.14307385586256,0.379503699295,-2.4315729961787,148.407058423647,638.43533818357,-1.0
20.24,0.0,1.0000000002165,0.13998825680448,0.4426498295665,-2.4126246342057,148.543000111184,637.8563070838,-1.0
20.28,0.0,1.0000000002165,0.13811978156591997,0.5071374557770001,-2.3870137836680003,148.826185797462,637.73248911278,-1.0
20.32,0.0,1.0000000002165,0.13412371683816,0.5697086592175,-2.3831018637768002,149.126952856724,637.5977460266699,-1.0
20.36,0.0,1.0000000002165,0.13073859121512,0.633238074043,-2.4544332780429,149.539173262581,637.72520570272,-1.0
20.4,0.0,1.0000000002165,0.1306981789008,0.6962883831760001,-2.5015596879822004,150.002254068856,637.8927241341,-1.0
20.44,0.0,1.0000000002165,0.13521722651975998,0.7596261557245001,-2.5160460163293004,150.47443951471197,637.91457436428,-1.0
20.48,0.0,1.0000000002165,0.12667121063856,0.8228681071345001,-2.5338330270846003,150.884462248946,637.6013877317,-1.0
20.52,0.0,1.0000000002165,0.12055944239639999,0.8851518471595001,-2.5373170807377003,151.34471747741998,637.43386930032,-1.0
20.56,0.0,1.0000000002165,0.11566479797375999,0.9488729042620001,-2.5340775220778,151.933379519295,637.5868209115799,-1.0
20.6,0.0,1.0000000002165,0.10622257959263999,1.0117315711180002,-2.5049826178870003,152.45673931865798,637.44843612044,-1.0
20.64,0.0,1.0000000002165,0.10588501790831999,1.0741111322815,-2.4413527959067003,152.862994615824,636.72009511444,-1.0
20.68,0.0,1.0000000002165,0.10221462889008,1.1369697991375,-2.4283945612671003,153.32042426649699,636.22846493539,-1.0
20.72,0.0,1.0000000002165,0.09763377420215999,1.199157718024,-2.3535179695996002,153.854458470886,635.9735455832899,-1.0
20.76,0.0,1.0000000002165,0.10942703839871999,1.2621122060185002,-2.3488114409805,154.361492709621,635.51833245454,-1.0
20.8,0.0,1.0000000002165,0.10999994238408,1.3243001249050002,-2.3467332335383,154.907771084481,635.24884628232,-1.0
20.84,0.0,1.0000000002165,0.11238902331888,1.3865838649300002,-2.3866470411782004,155.473514550859,634.99756863525,-1.0
20.88,0.0,1.0000000002165,0.11053956563999999,1.4495383529245,-2.4552278867708,156.13344394393698,635.11410319621,-1.0
20.92,0.0,1.0000000002165,0.10263301520304,1.5113429872570001,-2.4900684233018002,156.75193152926698,635.00849375034,-1.0
20.96,0.0,1.0000000002165,0.10078593471912,1.5744891175285,-2.4984423768189004,157.44733762140197,635.06676103082,-1.0
21.0,0.0,1.0000000002165,0.10166311965936,1.6370603209690002,-2.4520494518592004,158.06017405113,634.88103407429,-1.0
21.04,0.0,1.0000000002165,0.10435648154904,1.6985774918860002,-2.3985050483484,158.52482462285,634.0689338525999,-1.0
21.08,0.0,1.0000000002165,0.10341748953984,1.7601904839415001,-2.3771117364434002,159.086172745982,633.72661357978,-1.0
21.12,0.0,1.0000000002165,0.10429229728511999,1.8217076548585,-2.3764393752121,159.612986029324,633.31874261642,-1.0
21.16,0.0,1.0000000002165,0.10788661606463999,1.8846621428530002,-2.3912313223007002,160.221427115806,633.2313416956999,-1.0
21.2,0.0,1.0000000002165,0.09697766839319999,1.9479040942630002,-2.3907423323143,160.897368116423,633.42799376732,-1.0
21.24,0.0,1.0000000002165,0.09906484556808,2.0092296229030002,-2.4036394432056003,161.44553020981698,633.1985663504299,-1.0
21.28,0.0,1.0000000002165,0.10537392099191999,2.0743879970830004,-2.4233824139065003,161.944401668238,632.93272188324,-1.0
21.32,0.0,1.0000000002165,0.10806015129671999,2.1361926314155,-2.4471595519952003,162.47121495157998,632.73242810659,-1.0
21.36,0.0,1.0000000002165,0.11526780641543999,2.201446826734,-2.4531496793286003,162.957214333352,632.51756750982,-1.0
21.4,0.0,1.0000000002165,0.12186927681936,2.2644971358670003,-2.4725259075397004,163.44289976203498,632.37189930862,-1.0
21.44,0.0,1.0000000002165,0.12243742641479999,2.3268766970305004,-2.4513159668796,164.058247816475,632.69601105629,-1.0
21.48,0.0,1.0000000002165,0.12872986147392,2.3909810386870003,-2.4141527279132,164.62399128285298,632.93272188324,-1.0
21.52,0.0,1.0000000002165,0.12989706419928,2.4531689575735003,-2.4033338244641,165.141385973525,633.08203178947,-1.0
21.56,0.0,1.0000000002165,0.12654521930568,2.5169858358145003,-2.3938596434776,165.60383887362198,633.23862510576,-1.0
21.6,0.0,1.0000000002165,0.13644623631407998,2.5800361449475,-2.3965490884028,165.885140841366,632.83439584743,-1.0
21.64,0.0,1.0000000002165,0.14092249442375998,2.6423198849725003,-2.3976493158722003,166.155140497906,632.55034285509,-1.0
21.68,0.0,1.0000000002165,0.14057780115455998,2.706232584352,-2.400461008294,166.44994244847697,632.49571727964,-1.0
21.72,0.0,1.0000000002165,0.14053501164527998,2.7683246821000003,-2.3994830283212,166.70361654438898,632.37554101365,-1.0
21.76,0.0,1.0000000002165,0.14590747225488,2.831949918064,-2.4000331420559,166.947872047631,632.40831635892,-1.0
21.8,0.0,1.0000000002165,0.14435991833592,2.8950002271970003,-2.3972214496341,167.08538350061298,632.09877143137,-1.0
21.84,0.0,1.0000000002165,0.14281474161191998,2.9571881460835003,-2.3986884195933,167.22540657830697,632.0040871005899,-1.0
21.88,0.0,1.0000000002165,0.14487576964224,3.020909203186,-2.4052286606614004,167.27469721327998,631.74552604346,-1.0
21.92,0.0,1.0000000002165,0.1469344204776,3.0829054797955,-2.4094461992941003,167.292278586264,631.46511475615,-1.0
21.96,0.0,1.0000000002165,0.14358732997391999,3.1465307157595004,-2.4110354167499004,167.321162270452,631.39956406561,-1.0
22.0,0.0,1.0000000002165,0.14174262668496,3.2093893826155004,-2.412685757954,167.33529015945697,631.3376550800999,-1.0
22.04,0.0,1.0000000002165,0.14500176097512,3.2716731226405003,-2.4158030691173003,167.17956942731297,630.8970087714699,-1.0
22.08,0.0,1.0000000002165,0.14375848801104,3.3338610415270002,-2.4132358716887,167.08067420427798,630.75862398033,-1.0
22.12,0.0,1.0000000002165,0.14131473159216,3.3957614969980003,-2.4056565268995,166.964511561348,630.7039984048799,-1.0
22.16,0.0,1.0000000002165,0.14097241551791997,3.4590992695465004,-2.3930039110014003,166.87283725935998,630.8642334261999,-1.0
22.2,0.0,1.0000000002165,0.1412291525736,3.5219579364025004,-2.3817571413142002,166.682581687426,630.78047421051,-1.0
22.24,0.0,1.0000000002165,0.13699061395992,3.5840500341505,-2.3862802986884004,166.37208208240497,630.4454373477499,-1.0
22.28,0.0,1.0000000002165,0.13485113849591998,3.6489209449150004,-2.3794955626271004,166.16801257455498,630.56925531877,-1.0
22.32,0.0,1.0000000002165,0.12852066831744,3.710821400386,-2.374177796525,165.801943272781,630.27427721134,-1.0
22.36,0.0,1.0000000002165,0.12758405350319998,3.7741591729345,-2.3787009538992003,165.40950191153098,629.99750762906,-1.0
22.4,0.0,1.0000000002165,0.12574885899407998,3.836347091821,-2.3647647392868003,165.10810694609097,630.15045924032,-1.0
22.44,0.0,1.0000000002165,0.12451271761487999,3.8983433684305004,-2.3662928329943003,164.69620049332298,630.03392467936,-1.0
22.48,0.0,1.0000000002165,0.12297942686567999,3.9615853198405,-2.4126246342057,164.13516632327998,629.5168025651,-1.0
22.52,0.0,1.0000000002165,0.1220451892464,4.023581596450001,-2.4271109625528,163.56094612349898,629.0579477313199,-1.0
22.56,0.0,1.0000000002165,0.11752376443247999,4.087398474691001,-2.4061455168859003,163.020946810419,628.78481985407,-1.0
22.6,0.0,1.0000000002165,0.10941752961887999,4.1505446049625006,-2.3985050483484,162.444528939015,628.44978299131,-1.0
22.64,0.0,1.0000000002165,0.10370513012999999,4.213115808403001,-2.3811459038312,161.892599408553,628.27133944484,-1.0
22.68,0.0,1.0000000002165,0.09978989003087999,4.276932686644,-2.350950772171,161.326228035997,628.03098691286,-1.0
22.72,0.0,1.0000000002165,0.09826848525647999,4.3395038900845,-2.3225282292115,160.76331014742,627.92537746699,-1.0
22.76,0.0,1.0000000002165,0.14900020289784,4.4027458414945,-2.3109758407828003,160.21514805402597,627.8853187116599,-1.0
22.8,0.0,1.0000000002165,0.14895503619359998,4.465891971766,-2.3065138071569002,159.618323231837,627.74693392052,-1.0
22.84,0.0,1.0000000002165,0.14592648981456,4.528558996345001,-2.297161873667,158.987591476036,627.53935673381,-1.0
22.88,0.0,1.0000000002165,0.14528702437031998,4.592567516863,-2.3323691526878,158.328603942225,627.30264590686,-1.0
22.92,0.0,1.0000000002165,0.14405088299111998,4.6553303625805,-2.3786398301509,157.70540706056,627.26987056159,-1.0
22.96,0.0,1.0000000002165,0.14370856691688,4.7191472408215,-2.3967324596477004,157.10010550496798,627.20431987105,-1.0
23.0,0.0,1.0000000002165,0.14187812679768,4.782676655647,-2.3830407400285,156.492606277753,627.10235213021,-1.0
23.04,0.0,1.0000000002165,0.13885671200351998,4.84572696478,-2.3624420368514003,155.865328005931,626.90205835356,-1.0
23.08,0.0,1.0000000002165,0.14089872247416,4.908010704805,-2.3222837342183,155.277607823323,626.80737402278,-1.0
23.12,0.0,1.0000000002165,0.14085831015984,4.971061013938001,-2.2659887620340005,154.73760851024298,626.8583578932,-1.0
23.16,0.0,1.0000000002165,0.095563237392,5.0349737133175,-2.2443509551358,154.13293486082898,626.6398555914,-1.0
23.2,0.0,1.0000000002165,0.09702283509743999,5.098694770420001,-2.2631159458639,153.535482132462,626.4869039801399,-1.0
23.24,0.0,1.0000000002165,0.1017558302628,5.161745079553,-2.2943501812452003,153.018715347968,626.55973808074,-1.0
23.28,0.0,1.0000000002165,0.10380734951328,5.2269992748715,-2.3610973143888003,152.48216951886698,626.5306044404999,-1.0
23.32,0.0,1.0000000002165,0.11002133713871999,5.2896662994505,-2.3860358036952003,151.96194925039399,626.44320351978,-1.0
23.36,0.0,1.0000000002165,0.11533912226424,5.350991828090501,-2.3906812085660003,151.44989176223498,626.26475997331,-1.0
23.4,0.0,1.0000000002165,0.11560061370984,5.413946316085,-2.3833463587700003,150.987124909049,626.2611182682799,-1.0
23.44,0.0,1.0000000002165,0.12477658625543998,5.4766133406640005,-2.3855468137088,150.49798599638697,626.00619891618,-1.0
23.48,0.0,1.0000000002165,0.12028606497599999,5.540238576628,-2.3772951076883,150.047777266761,625.8386804848,-1.0
23.52,0.0,1.0000000002165,0.1175760627216,5.602713958930001,-2.3754613952393004,149.67071960687198,625.8204719596499,-1.0
23.56,0.0,1.0000000002165,0.12229241752223999,5.66595591034,-2.3703881241304003,149.360220001851,625.9115145854,-1.0
23.6,0.0,1.0000000002165,0.128487387588,5.729006219473001,-2.3439826648648,149.010476260705,625.76948808923,-1.0
23.64,0.0,1.0000000002165,0.13289708423879998,5.791098317221,-2.3128095532318,148.791337004583,625.89330606025,-1.0
23.68,0.0,1.0000000002165,0.13196997820439998,5.8546277320465006,-2.3008904223133,148.45352348081897,625.55098578743,-1.0
23.72,0.0,1.0000000002165,0.13341293554512,5.9168156509330005,-2.2993623286058003,148.265151627419,625.61289477294,-1.0
23.76,0.0,1.0000000002165,0.13663403471591998,5.980057602343001,-2.3059636934222003,148.037535637894,625.39803417617,-1.0
23.8,0.0,1.0000000002165,0.1359993236616,6.0430120903375,-2.3063915596603,147.84194286344697,625.19409869449,-1.0
23.84,0.0,1.0000000002165,0.13418314671216,6.105104188085501,-2.3046189709596003,147.76628016899798,625.23051574479,-1.0
23.88,0.0,1.0000000002165,0.136807569948,6.1687294240495,-2.3160491118917,147.64321055810998,624.99744662287,-1.0
23.92,0.0,1.0000000002165,0.13943199318383998,6.230917342936,-2.311831573259,147.63755940250797,625.0010883279,-1.0
23.96,0.0,1.0000000002165,0.13672674531936,0.010975600624000001,-2.3118926970073,147.625001278948,624.84085330658,-1.0
24.0,0.0,1.0000000002165,0.13787017609511998,0.07393008861849999,-2.2887267964016003,147.677431444811,624.79715284622,-1.0
24.04,0.0,1.0000000002165,0.14078699431104,0.135926365228,-2.2290700180608,147.72389650198298,624.52038326394,-1.0
24.08,0.0,1.0000000002165,0.14074420480175998,0.198018462976,-2.2155616696865,147.832838223866,624.43662404825,-1.0
24.12,0.0,1.0000000002165,0.13863325567728,0.260110560724,-2.2193513420811,148.02121007726598,624.43662404825,-1.0
24.16,0.0,1.0000000002165,0.14125292452319999,0.323160869857,-2.2239967469519,148.089337897579,623.93771045914,-1.0
24.2,0.0,1.0000000002165,0.14327829462911998,0.3863070001285,-2.2239967469519,148.344581758936,623.93042704908,-1.0
24.24,0.0,1.0000000002165,0.14057780115455998,0.448494919015,-2.202420063802,148.59919771411498,623.79568396297,-1.0
24.28,0.0,1.0000000002165,0.13876637859503999,0.5136532931950001,-2.1758312332915004,148.865115980498,623.59539018632,-1.0
24.32,0.0,1.0000000002165,0.13459202424528,0.5761286754970001,-2.1824325981079005,149.245627124366,623.6900745171,-1.0
24.36,0.0,1.0000000002165,0.13130674081055999,0.6393706269070001,-2.2450844401154004,149.65659171786697,623.85030953842,-1.0
24.4,0.0,1.0000000002165,0.1312687056912,0.7023251149015001,-2.2912939938302,150.01669591094998,623.61359871147,-1.0
24.44,0.0,1.0000000002165,0.11913787981032,0.763938106957,-2.3091421283338,150.29580020707098,622.98722544631,-1.0
24.48,0.0,1.0000000002165,0.12470527040663999,0.8271800583670001,-2.3253399216333,150.67285786696,622.64126346846,-1.0
24.52,0.0,1.0000000002165,0.12231143508192,0.8891763349765001,-2.3211223830006,151.129345658366,622.4518948069,-1.0
24.56,0.0,1.0000000002165,0.11932805540711999,0.9515558961400001,-2.3156212456536003,151.621310148829,622.36085218115,-1.0
24.6,0.0,1.0000000002165,0.11222499686663999,1.0144145629960002,-2.2980176061432003,152.17292572620198,622.25888444031,-1.0
24.64,0.0,1.0000000002165,0.10659579920135999,1.0761233761900002,-2.2359770016187,152.65107628074898,621.80367131156,-1.0
24.68,0.0,1.0000000002165,0.10303238395631999,1.1393653276000002,-2.2268084393737,153.16564539362,621.48320126892,-1.0
24.72,0.0,1.0000000002165,0.1003532852364,1.2013616042095001,-2.1444136266653,153.65635407172698,621.00977961502,-1.0
24.76,0.0,1.0000000002165,0.10385489341247998,1.2640286287885,-2.1316998870189003,154.187248745226,620.72936832771,-1.0
24.8,0.0,1.0000000002165,0.11323530472464,1.3268872956445001,-2.1417241817401003,154.728503870662,620.39068975992,-1.0
24.84,0.0,1.0000000002165,0.11320202399519999,1.3884044665615,-2.1763202232779,155.28985199379397,620.17218745812,-1.0
24.88,0.0,1.0000000002165,0.1134635154408,1.4516464179715,-2.2438008414011,155.920897702684,620.16126234303,-1.0
24.92,0.0,1.0000000002165,0.10961008241063999,1.5134510523040001,-2.2932499537758,156.53028064843298,619.97917709153,-1.0
24.96,0.0,1.0000000002165,0.10340798075999999,1.5758306134675002,-2.3018684022861002,157.18236121428598,619.91362640099,-1.0
25.0,0.0,1.0000000002165,0.10337707722551999,1.6386892803235,-2.2621379658911,157.82313946893498,619.74974967464,-1.0
25.04,0.0,1.0000000002165,0.1042281130212,1.7011646626255001,-2.201808826319,158.48024328421198,619.68055727907,-1.0
25.08,0.0,1.0000000002165,0.1036100423316,1.7635442237890002,-2.1670905372846003,159.20359120126798,619.82258377524,-1.0
25.12,0.0,1.0000000002165,0.10504586808743999,1.8268819963375003,-2.1603669249716004,159.91783447874298,620.0447277820699,-1.0
25.16,0.0,1.0000000002165,0.10325584028255999,1.890219768886,-2.1697188584615,160.564577842083,620.0447277820699,-1.0
25.2,0.0,1.0000000002165,0.09911952105215999,1.9535575414345001,-2.1700244772030004,161.15355383704699,619.9063429909299,-1.0
25.24,0.0,1.0000000002165,0.10026295182791999,2.0167036717060003,-2.1799876481759,161.74472750363398,619.9063429909299,-1.0
25.28,0.0,1.0000000002165,0.10433746398935999,2.08224533044,-2.201808826319,162.29163378467197,619.73882455955,-1.0
25.32,0.0,1.0000000002165,0.11309742741696,2.14357085908,-2.228703275571,162.784854087491,619.49847202757,-1.0
25.36,0.0,1.0000000002165,0.1183367651088,2.2072919161825,-2.2316372154894,163.31449294863398,619.40742940182,-1.0
25.4,0.0,1.0000000002165,0.11888827433951998,2.2707255098695,-2.2522359186665,163.85668993333698,619.44748815715,-1.0
25.44,0.0,1.0000000002165,0.12675678965711998,2.3332008921715004,-2.232981937952,164.31820097416698,619.27632802074,-1.0
25.48,0.0,1.0000000002165,0.12935268655343998,2.3966344858585003,-2.1952074615026,164.718805115731,618.9048741076799,-1.0
25.52,0.0,1.0000000002165,0.13048660854935998,2.4590140470220003,-2.1849997955365,165.13981620808,618.81747318696,-1.0
25.56,0.0,1.0000000002165,0.12869182635456,2.522064356155,-2.1799265244276,165.599443530376,618.90851581271,-1.0
25.6,0.0,1.0000000002165,0.13713562285248,2.5852104864265,-2.1752811195568,165.97807095571,618.85389023726,-1.0
25.64,0.0,1.0000000002165,0.13738760551823997,2.64759004759,-2.1692298684751004,166.27915196806097,618.64631305055,-1.0
25.68,0.0,1.0000000002165,0.14143834573008,2.7109278201385,-2.1688020022370003,166.51964003423498,618.35133494312,-1.0
25.72,0.0,1.0000000002165,0.14344232108135999,2.7734032024405,-2.1719193134003003,166.772058317791,618.2821425475499,-1.0
25.76,0.0,1.0000000002165,0.1471959119232,2.8362618692965,-2.1765035945228,166.94002322040598,617.98716444012,-1.0
25.8,0.0,1.0000000002165,0.14510873474831998,2.899407999568,-2.1705134671894,167.11238346626698,617.8633464691,-1.0
25.84,0.0,1.0000000002165,0.14360872472855998,2.961500097316,-2.171858189652,167.155708992549,617.39720822526,-1.0
25.88,0.0,1.0000000002165,0.14531555070983998,3.024933691003,-2.1742420158357003,167.257115840296,617.33165753472,-1.0
25.92,0.0,1.0000000002165,0.14731714886615999,3.0874090733050004,-2.1813323706385,167.34879014228397,617.34258264981,-1.0
25.96,0.0,1.0000000002165,0.14435754114096,3.1501719190225,-2.1788262969582,167.427592367623,617.3535077649,-1.0
26.0,0.0,1.0000000002165,0.14227511835599999,3.2134138704325004,-2.1785206782167004,167.37924359191697,617.1350054631,-1.0
26.04,0.0,1.0000000002165,0.14543916484775998,3.2754101470420003,-2.1777260694888003,167.346592470661,617.0658130675299,-1.0
26.08,0.0,1.0000000002165,0.14452156759319998,3.3372147813745,-2.1750366245636004,167.202801955899,616.77811837016,-1.0
26.12,0.0,1.0000000002165,0.14214912702312,3.3996901636765005,-2.1686186309921003,167.02667427296998,616.53412413315,-1.0
26.16,0.0,1.0000000002165,0.1421087147088,3.4623571882555004,-2.1580442225362004,166.91804650417598,616.60695823375,-1.0
26.2,0.0,1.0000000002165,0.14206592519952,3.5255991396655,-2.1496091452708,166.724965354441,616.56325777339,-1.0
26.24,0.0,1.0000000002165,0.13766098293864,3.587595416275,-2.1439246366789,166.47348893015197,616.3775308168599,-1.0
26.28,0.0,1.0000000002165,0.13529329675847998,3.652562148178,-2.1403794592775003,166.22577994293098,616.3702474068,-1.0
26.32,0.0,1.0000000002165,0.12885347561184,3.71503753048,-2.137628890604,165.84181531508398,616.00243519877,-1.0
26.36,0.0,1.0000000002165,0.12823540492223998,3.7776087339205002,-2.1376900143523003,165.49552505791698,615.88954234284,-1.0
26.4,0.0,1.0000000002165,0.12616249091711998,3.8412339698845,-2.1371399006176004,165.089269760751,615.70381538631,-1.0
26.44,0.0,1.0000000002165,0.11856973021487999,3.9030386042170004,-2.1427632854612,164.70844466379398,615.67468174607,-1.0
26.48,0.0,1.0000000002165,0.12347388341735999,3.966280555627,-2.1764424707745,164.224015047467,615.4634628543299,-1.0
26.52,0.0,1.0000000002165,0.12082568823191998,4.0282768322365,-2.1826159693528,163.81964346883498,615.57271400523,-1.0
26.56,0.0,1.0000000002165,0.11730506249615999,4.0901772877075,-2.1580442225362004,163.382620768947,615.60913105553,-1.0
26.6,0.0,1.0000000002165,0.11175668945951998,4.1530359545635,-2.1479588040667004,162.86491212518598,615.43432921409,-1.0
26.64,0.0,1.0000000002165,0.10766078254344,4.2141698409265,-2.1336558469645004,162.31078492310098,615.20126009217,-1.0
26.68,0.0,1.0000000002165,0.10385727060743999,4.276932686644,-2.1000989091478,161.76325073588498,615.08836723624,-1.0
26.72,0.0,1.0000000002165,0.09918845970599999,4.3390247843920005,-2.0699649012359003,161.131891073906,614.69870479803,-1.0
26.76,0.0,1.0000000002165,0.14699860474152,4.40111688214,-2.0644637638889,160.501473271194,614.42921862581,-1.0
26.8,0.0,1.0000000002165,0.14666579744712,4.464167191273,-2.0659918575964005,159.87105546848198,614.18886609383,-1.0
26.84,0.0,1.0000000002165,0.14604534956256,4.525971825605501,-2.0598183590181,159.180672625771,613.72636955502,-1.0
26.88,0.0,1.0000000002165,0.14397481275239998,4.588543029046,-2.0873851695014003,158.611475675414,613.85382923107,-1.0
26.92,0.0,1.0000000002165,0.14422204102824,4.651210053625,-2.1387902418217,157.916697489457,613.4933004331,-1.0
26.96,0.0,1.0000000002165,0.14244389919816,4.713877078204001,-2.1625673799104,157.19115190077798,613.05993753453,-1.0
27.0,0.0,1.0000000002165,0.14066575736807999,4.777023208475501,-2.1529709514273003,156.54221086581498,612.83415182267,-1.0
27.04,0.0,1.0000000002165,0.13888999273296,4.839211127362001,-2.1254652646923002,155.943502325092,612.77224283716,-1.0
27.08,0.0,1.0000000002165,0.14000489716919998,4.900440834863501,-2.0824952696374,155.37932862415897,612.79773477237,-1.0
27.12,0.0,1.0000000002165,0.13967684426472,4.963586965135001,-2.0271171536776,154.74137594731098,612.44448938446,-1.0
27.16,0.0,1.0000000002165,0.09627164149008,5.0265414531295,-2.0051126042896,154.047539620621,611.98199284565,-1.0
27.2,0.0,1.0000000002165,0.09768844968623999,5.089687583401,-2.014770156521,153.49247055926898,611.96014261547,-1.0
27.24,0.0,1.0000000002165,0.10170353197368,5.152450429118501,-2.0453931544193003,152.937715451006,611.92372556517,-1.0
27.28,0.0,1.0000000002165,0.10398563913527999,5.216554770775001,-2.1210032310664,152.49535554860498,612.22234537763,-1.0
27.32,0.0,1.0000000002165,0.11088663610416,5.2795092587695,-2.1445969979102,152.021600337304,612.23327049272,-1.0
27.36,0.0,1.0000000002165,0.11604990355728,5.34399688498,-2.1379956330938,151.49667077249597,612.05118524122,-1.0
27.4,0.0,1.0000000002165,0.11630664061295999,5.4067597306975,-2.1294994320801,151.036729497111,612.0220516009799,-1.0
27.44,0.0,1.0000000002165,0.11886925677983999,5.4694267552765,-2.1194140136106,150.54413710046998,611.8181161192999,-1.0
27.48,0.0,1.0000000002165,0.12345011146775998,5.53180631644,-2.1109178125969,150.15734689482198,611.87274169475,-1.0
27.52,0.0,1.0000000002165,0.11851267753584,5.5947608044345,-2.1078616251819002,149.73947533336298,611.6724479181,-1.0
27.56,0.0,1.0000000002165,0.11847701961143998,5.658098576983001,-2.1026049828281,149.28863869755898,611.28642718492,-1.0
27.6,0.0,1.0000000002165,0.12939547606271998,5.7206697804235,-2.0831065071204002,148.99006930992,611.28642718492,-1.0
27.64,0.0,1.0000000002165,0.12993272212367998,5.783624268418,-2.0471657431200003,148.75994169568298,611.44302050121,-1.0
27.68,0.0,1.0000000002165,0.13277584729584,5.8460038295815,-2.0280951336504,148.48931413296498,611.28278547989,-1.0
27.72,0.0,1.0000000002165,0.13216253099616,5.9092457809915,-2.0264447924463003,148.16123315495997,610.83849746623,-1.0
27.76,0.0,1.0000000002165,0.1373067808896,5.972296090124501,-2.0252834412286003,147.948059007529,610.73652972539,-1.0
27.8,0.0,1.0000000002165,0.13669108739496,6.035058935842001,-2.0255279362218,147.77444294931198,610.57629470407,-1.0
27.84,0.0,1.0000000002165,0.13492483153968,6.098109244975,-2.0330461572627003,147.61903617025698,610.37235922239,-1.0
27.88,0.0,1.0000000002165,0.13747556173175998,6.1602971638615,-2.0361634684260004,147.508838636018,610.1429318055,-1.0
27.92,0.0,1.0000000002165,0.14031155531904,6.2235391152715005,-2.0328016622695,147.469908452982,610.08466452502,-1.0
27.96,0.0,1.0000000002165,0.13768237769327998,0.0034057306825,-2.0279728861538002,147.489687497589,610.04096406466,-1.0
28.0,0.0,1.0000000002165,0.13706906139359998,0.065976934123,-2.0001615806773003,147.52265257193397,609.90986268358,-1.0
28.04,0.0,1.0000000002165,0.14133850354175997,0.1289314221175,-1.9412382873161,147.495338653191,609.40002397938,-1.0
28.08,0.0,1.0000000002165,0.14129809122744,0.1894903816495,-1.9270575777105003,147.52642000900198,608.98486960596,-1.0
28.12,0.0,1.0000000002165,0.13896130858175998,0.252253227367,-1.9350036649895002,147.584187377378,608.63162421805,-1.0
28.16,0.0,1.0000000002165,0.13834561508711998,0.3152077153615,-1.9375708624181,147.684338412769,608.22375325469,-1.0
28.2,0.0,1.0000000002165,0.13773229878743998,0.377395634248,-1.9368373774385002,147.92168694805298,608.16548597421,-1.0
28.24,0.0,1.0000000002165,0.13539789333671998,0.440062658827,-1.9164220455063004,148.182581965012,608.05259311828,-1.0
28.28,0.0,1.0000000002165,0.13535985821736,0.5035920736525,-1.8839653351590002,148.499988537991,607.9943258378,-1.0
28.32,0.0,1.0000000002165,0.1284398436888,0.5660674559545,-1.8825594889481003,148.83215090615298,607.96519219756,-1.0
28.36,0.0,1.0000000002165,0.12439148067191999,0.6284470171180001,-1.9528517994931,149.142022604996,607.70663114043,-1.0
28.4,0.0,1.0000000002165,0.12349527817199998,0.6905391148660001,-2.0035845105821,149.52033607724098,607.61194680965,-1.0
28.44,0.0,1.0000000002165,0.12116800430616,0.7532061394450001,-2.0197823038816,149.92250998424998,607.42257814809,-1.0
28.48,0.0,1.0000000002165,0.12199289095727998,0.8150107737775001,-2.0371414483988,150.343521076599,607.1822256161099,-1.0
28.52,0.0,1.0000000002165,0.11737875553991999,0.8776777983565001,-2.0381805521199,150.84459020664298,607.1567336809,-1.0
28.56,0.0,1.0000000002165,0.11677257082511999,0.9401531806585001,-2.0399531408206,151.31960123029998,606.89817262377,-1.0
28.6,0.0,1.0000000002165,0.11587874552015999,1.0022452784065001,-2.0181930864258,151.86022844955798,606.83626363826,-1.0
28.64,0.0,1.0000000002165,0.11126936449271999,1.0651039452625002,-1.9529129232414002,152.38923940452298,606.54128553083,-1.0
28.68,0.0,1.0000000002165,0.10666236066023999,1.1266211161795001,-1.9385488423909,152.89407597163498,606.19168184795,-1.0
28.72,0.0,1.0000000002165,0.10234537461287999,1.189767246451,-1.8631832607370002,153.46735431214898,606.04965535178,-1.0
28.76,0.0,1.0000000002165,0.1020292076832,1.2525300921685,-1.8471077149341002,154.05664426020198,605.90762885561,-1.0
28.8,0.0,1.0000000002165,0.1131425941212,1.315101295609,-1.8513863773151003,154.67575975171,605.8712118053099,-1.0
28.84,0.0,1.0000000002165,0.11282404999656,1.378534889296,-1.8788920640501003,155.30837522604497,605.8093028198,-1.0
28.88,0.0,1.0000000002165,0.11079392550072,1.4404353447670002,-1.9483286421189003,155.92906048299798,605.78745258962,-1.0
28.92,0.0,1.0000000002165,0.10933432779527999,1.5043480441465,-1.9815799611941003,156.636082839426,605.96953784112,-1.0
28.96,0.0,1.0000000002165,0.10188419879064,1.5674941744180002,-1.9859197473234,157.328977306849,606.01323830148,-1.0
29.0,0.0,1.0000000002165,0.10271146263671999,1.6306403046895002,-1.9504068495611002,158.04792988065898,606.18075673286,-1.0
29.04,0.0,1.0000000002165,0.10182476891664,1.6949362886230002,-1.8937451348870002,158.80832426221698,606.41746755981,-1.0
29.08,0.0,1.0000000002165,0.10521702612455999,1.755303605878,-1.8534034610090002,159.483323403567,606.4283926749,-1.0
29.12,0.0,1.0000000002165,0.10604428997063998,1.8190246629805003,-1.8532200897641002,160.072299398531,606.18804014292,-1.0
29.16,0.0,1.0000000002165,0.10373365646951999,1.8822666143905002,-1.8629998894921003,160.70554277904398,606.18439843789,-1.0
29.2,0.0,1.0000000002165,0.09943093359192,1.9450294601080003,-1.8618996620227002,161.32246059892898,606.19168184795,-1.0
29.24,0.0,1.0000000002165,0.10082634703344,2.008654696072,-1.8766916091113002,161.83420413399898,605.8457198701,-1.0
29.28,0.0,1.0000000002165,0.10478437664184,2.0719924686205,-1.8969846935469001,162.345005809802,605.6126507481799,-1.0
29.32,0.0,1.0000000002165,0.11357762079888,2.1358093468615,-1.915138446792,162.88531907597098,605.50339959728,-1.0
29.36,0.0,1.0000000002165,0.11895245860343999,2.1980930868865003,-1.9218620591050002,163.349027788424,605.1829295546399,-1.0
29.4,0.0,1.0000000002165,0.11948732746943999,2.2603768269115,-1.9392212036222003,163.76689934988298,604.77505859128,-1.0
29.44,0.0,1.0000000002165,0.12343584829799999,2.32371459946,-1.9328032100507002,164.156829086421,604.34169569271,-1.0
29.48,0.0,1.0000000002165,0.13335112847615999,2.3851359492385003,-1.9028525733837003,164.56120066505298,604.03579247019,-1.0
29.52,0.0,1.0000000002165,0.13303020715656,2.44828207951,-1.8939896298802004,164.90780487530898,603.63520491689,-1.0
29.56,0.0,1.0000000002165,0.13299217203719998,2.510949104089,-1.8911168137101002,165.354560120956,603.7517394778499,-1.0
29.6,0.0,1.0000000002165,0.13494384909936,2.5731370229755,-1.8883051212883002,165.72188523508598,603.64613003198,-1.0
29.64,0.0,1.0000000002165,0.14456197990751998,2.6363789743855004,-1.8857379238597,165.98183839277797,603.28195952898,-1.0
29.68,0.0,1.0000000002165,0.14366815460256,2.697991966441,-1.8897720912475002,166.27287290628098,603.20184201832,-1.0
29.72,0.0,1.0000000002165,0.1430595926928,2.7613297389895,-1.8856156763631002,166.529058626905,603.07074063724,-1.0
29.76,0.0,1.0000000002165,0.14755962275207998,2.8240925847070004,-1.8837208401658003,166.71020955925798,602.8595217454999,-1.0
29.8,0.0,1.0000000002165,0.14638291124688,2.8865679670090003,-1.8800534152678003,166.92306975359998,602.86316345053,-1.0
29.84,0.0,1.0000000002165,0.14407227774575998,2.950001560696,-1.8859824188529002,167.010348712342,602.55726022801,-1.0
29.88,0.0,1.0000000002165,0.14374897923119997,3.01171037389,-1.8912390612067003,167.047081223755,602.23679018537,-1.0
29.92,0.0,1.0000000002165,0.14795899150536,3.075143967577,-1.8935006398938001,167.13624390103098,602.21493995519,-1.0
29.96,0.0,1.0000000002165,0.14536784899896,3.138002634433,-1.8963734560639,167.09166256239297,601.8799030924299,-1.0
30.0,0.0,1.0000000002165,0.1430595926928,3.200669659012,-1.8972291885401003,167.103592779775,601.85076945219,-1.0
30.04,0.0,1.0000000002165,0.14613330577608,3.2641990738375,-1.8958233423292001,167.07062770542998,601.81435240189,-1.0
30.08,0.0,1.0000000002165,0.14581000726152,3.3244705699540003,-1.8966179510571002,166.98931385537898,601.70510125099,-1.0
30.12,0.0,1.0000000002165,0.14322124195007999,3.3879999847795004,-1.8928282786625004,166.86404657286798,601.59220839506,-1.0
30.16,0.0,1.0000000002165,0.14204928483479998,3.4511461150510003,-1.8822538702066,166.719628151928,601.57764157494,-1.0
30.2,0.0,1.0000000002165,0.14370618972191998,3.5138131396300003,-1.8730853079616,166.49044239695797,601.37006438823,-1.0
30.24,0.0,1.0000000002165,0.14196846020616,3.5775341967325,-1.8705792342813001,166.231745051622,601.20618766188,-1.0
30.28,0.0,1.0000000002165,0.13938444928464,3.6411594326965004,-1.8670340568799002,165.967396550684,601.13335356128,-1.0
30.32,0.0,1.0000000002165,0.13793198316407998,3.704688847522,-1.8636722507234003,165.66757135068897,601.03502752547,-1.0
30.36,0.0,1.0000000002165,0.13252386463007998,3.7677391566550003,-1.8551760497097003,165.357699651846,601.07144457577,-1.0
30.4,0.0,1.0000000002165,0.13192005711024,3.8305020023725,-1.8560929059342002,164.980641991957,600.91485125948,-1.0
30.44,0.0,1.0000000002165,0.12877740537312,3.894031417198,-1.8648336019411003,164.61174711238198,600.99132706511,-1.0
30.48,0.0,1.0000000002165,0.12394219082447999,3.9559318726690003,-1.8921559174312002,164.14866630610697,600.7946749934899,-1.0
30.52,0.0,1.0000000002165,0.12136531148784,4.019557108633,-1.9062755032885002,163.70819012223998,600.80195840355,-1.0
30.56,0.0,1.0000000002165,0.12076863555287999,4.0827032389045,-1.8906278237237002,163.27022556308498,600.84565886391,-1.0
30.6,0.0,1.0000000002165,0.11396272638239999,4.145466084622,-1.8743077829276003,162.74969134152298,600.65264849732,-1.0
30.64,0.0,1.0000000002165,0.10829073920783999,4.2086122148935,-1.8608605583016002,162.30199423660898,600.86022568403,-1.0
30.68,0.0,1.0000000002165,0.10431369203975999,4.270416849226001,-1.8269980017434002,161.814739042481,600.87115079912,-1.0
30.72,0.0,1.0000000002165,0.10033902206663999,4.3337546217745,-1.8026707499200003,161.18871658301498,600.51062200115,-1.0
30.76,0.0,1.0000000002165,0.14567450714879998,4.396421646353501,-1.8004091712329002,160.57901968417698,600.25934435408,-1.0
30.8,0.0,1.0000000002165,0.14535120863423998,4.458992849794,-1.7903237527634002,159.96869487916098,600.12095956294,-1.0
30.84,0.0,1.0000000002165,0.14446689210911998,4.521755695511501,-1.7908127427498002,159.34863752838598,599.95344113156,-1.0
30.88,0.0,1.0000000002165,0.14414359359456,4.583560329844,-1.8223525968726002,158.730777849234,599.8806070309599,-1.0
30.92,0.0,1.0000000002165,0.14297876806416,4.6464189967000005,-1.8728408129684002,158.09690656254298,599.77135588006,-1.0
30.96,0.0,1.0000000002165,0.14153105633351998,4.7082236310325,-1.9063366270368003,157.521430550406,599.81141463539,-1.0
31.0,0.0,1.0000000002165,0.13980283559759998,4.7703157287805,-1.892522659921,156.9707568323,599.9097406712,-1.0
31.04,0.0,1.0000000002165,0.13892089626743997,4.832407826528501,-1.8668506856350002,156.386176180582,599.86239850581,-1.0
31.08,0.0,1.0000000002165,0.13888048395312,4.892679322645001,-1.8269980017434002,155.721851444258,599.52371993802,-1.0
31.12,0.0,1.0000000002165,0.13799854462296,4.9554421683625005,-1.7716198857836003,155.05030578688698,599.1376992048399,-1.0
31.16,0.0,1.0000000002165,0.12363077828472,5.0177259083875,-1.7552387212392002,154.309376496847,598.45670036423,-1.0
31.2,0.0,1.0000000002165,0.0994380651768,5.0805845752435,-1.7709475245523003,153.640342464188,598.10709668135,-1.0
31.24,0.0,1.0000000002165,0.10249989228527999,5.143155778684,-1.8077440210289002,153.06831993602998,598.0306208757199,-1.0
31.28,0.0,1.0000000002165,0.10443492898271999,5.2070684780635,-1.8790143115467002,152.571018243054,598.14351373165,-1.0
31.32,0.0,1.0000000002165,0.10693336088567999,5.2701187871965,-1.9129991156015,152.127716481386,598.2891819328499,-1.0
31.36,0.0,1.0000000002165,0.11672264973095998,5.3327858117755005,-1.9199060991594004,151.651449645373,598.23091465237,-1.0
31.4,0.0,1.0000000002165,0.12033598607016,5.395931942047,-1.9146494568056003,151.14064796956998,598.05611281093,-1.0
31.44,0.0,1.0000000002165,0.11946117832487999,5.458598966626,-1.9104319181729004,150.58306728350598,597.58269115703,-1.0
31.48,0.0,1.0000000002165,0.12195010144799999,5.5215534546205,-1.9134269818396001,150.022347066552,597.0619273377399,-1.0
31.52,0.0,1.0000000002165,0.11855308985015998,5.585082869446,-1.9063366270368003,149.532894200801,596.6686231945,-1.0
31.56,0.0,1.0000000002165,0.11655862327871999,5.647558251748,-1.8980849210163002,149.119104029499,596.39913702228,-1.0
31.6,0.0,1.0000000002165,0.11708636055984,5.7112793088505,-1.8751023916555003,148.760569601861,596.27531905126,-1.0
31.64,0.0,1.0000000002165,0.12909594949776,5.7739463334295005,-1.8417288250837003,148.48272111809598,596.22797688587,-1.0
31.68,0.0,1.0000000002165,0.13017995039952,5.836900821424001,-1.8285260954509002,148.22214005422597,596.15150108024,-1.0
31.72,0.0,1.0000000002165,0.13294225094304,5.900142772834,-1.8232694530971003,148.01430310930797,596.14057596515,-1.0
31.76,0.0,1.0000000002165,0.13318472482896,5.9627139762745,-1.8293818279271001,147.75968715412898,595.80553910239,-1.0
31.8,0.0,1.0000000002165,0.13762294781928,6.026051748823001,-1.8342717277911003,147.63818730868599,595.8638063828699,-1.0
31.84,0.0,1.0000000002165,0.13590661305816,6.088527131125001,-1.8336604903081002,147.54651300669798,595.84559785772,-1.0
31.88,0.0,1.0000000002165,0.13614670974912,6.1512899768425005,-1.8363499352333001,147.43192012921298,595.67079601628,-1.0
31.92,0.0,1.0000000002165,0.14086068735479998,6.214436107114,-1.8389782564102002,147.419048052564,595.65987090119,-1.0
31.96,0.0,1.0000000002165,0.13858571177808,6.276911489416,-1.8392227514034003,147.47053635915998,595.7217798867,-1.0
32.0,0.0,1.0000000002165,0.13770852683784,0.0570655682425,-1.8170348307705002,147.51072235455197,595.62709555592,-1.0
32.04,0.0,1.0000000002165,0.13934641416527999,0.1195409505445,-1.7663632434298002,147.515117697798,595.19009095232,-1.0
32.08,0.0,1.0000000002165,0.14182107411863998,0.180770658046,-1.7477205001983003,147.542117663452,594.84412897447,-1.0
32.12,0.0,1.0000000002165,0.1398266075472,0.243820967179,-1.7534050087902002,147.578222268687,594.3379319753,-1.0
32.16,0.0,1.0000000002165,0.13867129079663998,0.3062005283425,-1.7672189759060002,147.59423387622599,593.6860667749299,-1.0
32.2,0.0,1.0000000002165,0.13835512386696,0.3696341220295,-1.7611066010760001,147.90441952815797,593.90821078176,-1.0
32.24,0.0,1.0000000002165,0.13859522055791998,0.43220532547,-1.7431362190758002,148.25290745694798,594.0830126231999,-1.0
32.28,0.0,1.0000000002165,0.13604686756079998,0.49640548826500003,-1.7104961374836003,148.508779224483,593.84266009122,-1.0
32.32,0.0,1.0000000002165,0.13377902356896,0.5594557973980001,-1.7079289400550002,148.78348817735798,593.55496539385,-1.0
32.36,0.0,1.0000000002165,0.12482650734959999,0.6220270008385,-1.7777322606136001,149.15363886928898,593.58409903409,-1.0
32.4,0.0,1.0000000002165,0.12423458580455998,0.6853647733870001,-1.8268146304985002,149.54576627744999,593.48577299828,-1.0
32.44,0.0,1.0000000002165,0.12475519150079999,0.7481276191045001,-1.8408119688592002,149.99660291325398,593.45663935804,-1.0
32.48,0.0,1.0000000002165,0.12249447909384,0.811273749376,-1.8572542571519002,150.51274179157,593.5622488039099,-1.0
32.52,0.0,1.0000000002165,0.12329559379536,0.8748031642015001,-1.8603104445669003,151.11647358171697,593.8353766811599,-1.0
32.56,0.0,1.0000000002165,0.11880982690584,0.9380451156115001,-1.8557872871927001,151.68064728265,593.95919465218,-1.0
32.6,0.0,1.0000000002165,0.11349204178031999,1.0018619938525002,-1.8279759817162002,152.21876287719599,593.7989596308599,-1.0
32.64,0.0,1.0000000002165,0.10706410660848,1.0650081241240001,-1.7702140395727002,152.731134318444,593.47484788319,-1.0
32.68,0.0,1.0000000002165,0.10314173492447999,1.1287291812265001,-1.7506544401167001,153.305354518225,593.36923843732,-1.0
32.72,0.0,1.0000000002165,0.0986654768148,1.1923544171905,-1.6780394271363002,153.857911954865,593.11796079025,-1.0
32.76,0.0,1.0000000002165,0.10947458229792,1.2559796531545002,-1.6653256874899003,154.479853024174,593.14345272546,-1.0
32.8,0.0,1.0000000002165,0.10916554695311999,1.3200839948110001,-1.6661202962178001,155.126910340603,593.1689446606699,-1.0
32.84,0.0,1.0000000002165,0.10941515242391998,1.383134303944,-1.6994327390413002,155.72404911588097,593.05241009971,-1.0
32.88,0.0,1.0000000002165,0.10966238069975999,1.4470470033235001,-1.7636737985046003,156.328094859117,592.9103836035399,-1.0
32.92,0.0,1.0000000002165,0.10158229503071999,1.5104805970105002,-1.8008981612193002,157.012826546226,593.04876839468,-1.0
32.96,0.0,1.0000000002165,0.10210765511688,1.5738183695590002,-1.8035876061445002,157.670244314592,592.9868594091699,-1.0
33.0,0.0,1.0000000002165,0.10180337416199998,1.6370603209690002,-1.7702140395727002,158.21620873636297,592.49887093515,-1.0
33.04,0.0,1.0000000002165,0.1020529796328,1.69896077644,-1.7161806460755002,158.77535918787197,592.10920849694,-1.0
33.08,0.0,1.0000000002165,0.10174632148295999,1.7602863050800002,-1.6856187719255002,159.359311933412,591.79966356939,-1.0
33.12,0.0,1.0000000002165,0.10504349089248,1.8224742239665002,-1.6875136081228002,159.86195082890097,591.28618316016,-1.0
33.16,0.0,1.0000000002165,0.10834066030199999,1.8841830371605002,-1.7005940902590002,160.331310696956,590.7326439956,-1.0
33.2,0.0,1.0000000002165,0.09833742391032,1.9469458828780002,-1.7051172476332002,160.92970528459,590.6416013698499,-1.0
33.24,0.0,1.0000000002165,0.10024868865815999,2.0085588749335,-1.7135523248986002,161.486658064476,590.51049998877,-1.0
33.28,0.0,1.0000000002165,0.10548089476511999,2.0733339645595,-1.7224763921504003,162.15694790949098,590.73628570063,-1.0
33.32,0.0,1.0000000002165,0.11015683725143999,2.1356177045845,-1.7374517104839002,162.686900723723,590.5869757944,-1.0
33.36,0.0,1.0000000002165,0.11732170286087999,2.197805623471,-1.7611677248243003,163.14213270277298,590.21916358637,-1.0
33.4,0.0,1.0000000002165,0.12143900453159999,2.2607601114655003,-1.783722387947,163.51510897250498,589.6765495369,-1.0
33.44,0.0,1.0000000002165,0.12582968362271998,2.3226605669365004,-1.7668522334162002,163.98478279364898,589.57094009103,-1.0
33.48,0.0,1.0000000002165,0.1338123042984,2.3862858029005003,-1.7265716832865001,164.492444938562,589.58186520612,-1.0
33.52,0.0,1.0000000002165,0.13349851456367998,2.449048648618,-1.7140413148850002,164.974362930177,589.6838329469599,-1.0
33.56,0.0,1.0000000002165,0.13373861125463998,2.511715673197,-1.7069509600822002,165.39223449163597,589.6401324866,-1.0
33.6,0.0,1.0000000002165,0.13535985821736,2.5748618034685,-1.7065230938441003,165.69645503487698,589.32694585402,-1.0
33.64,0.0,1.0000000002165,0.14498749780536,2.6369539012165,-1.7051172476332002,165.964257019794,589.0283260415599,-1.0
33.68,0.0,1.0000000002165,0.14439557626031999,2.7004833160420003,-1.7020610602182003,166.31400076094,589.13393548743,-1.0
33.72,0.0,1.0000000002165,0.14352790009991997,2.7631503406210003,-1.7019388127216002,166.52623304910398,588.89358295545,-1.0
33.76,0.0,1.0000000002165,0.14790193882632,2.8259131863385,-1.7056673613679003,166.73344208784397,588.72242281904,-1.0
33.8,0.0,1.0000000002165,0.14703426266591998,2.8889634954715,-1.7037725251706002,166.87786050878398,588.50027881221,-1.0
33.84,0.0,1.0000000002165,0.14478781342872,2.951151414358,-1.6982102640753003,167.049278895378,588.49299540215,-1.0
33.88,0.0,1.0000000002165,0.14419589188367998,3.0146808291835003,-1.7067675888373002,167.08758117223599,588.1361083092099,-1.0
33.92,0.0,1.0000000002165,0.14829179879975998,3.077252032624,-1.7082345587965002,167.129964839251,587.98315669795,-1.0
33.96,0.0,1.0000000002165,0.14604534956256,3.14011069948,-1.7131855824088003,167.155708992549,587.82656338166,-1.0
34.0,0.0,1.0000000002165,0.14380127752032,3.2031610086130002,-1.7121464786877003,167.157278757994,587.80471315148,-1.0
34.04,0.0,1.0000000002165,0.14651603416463999,3.2653489274995002,-1.7107406324768002,167.08758117223599,587.57528573459,-1.0
34.08,0.0,1.0000000002165,0.14592411261959998,3.3272493829705003,-1.7073788263203002,166.98052316888698,587.40776730321,-1.0
34.12,0.0,1.0000000002165,0.14395817238768,3.3899164075495003,-1.7088457962795003,166.83390707632398,587.22932375674,-1.0
34.16,0.0,1.0000000002165,0.14254374138648,3.452679253267,-1.6934426117079002,166.65275614397098,587.06180532536,-1.0
34.2,0.0,1.0000000002165,0.1441531023744,3.5158253835385,-1.6823180895173002,166.472861023974,587.07637214548,-1.0
34.24,0.0,1.0000000002165,0.14273867137319998,3.578013302425,-1.6773670659050002,166.20662880450197,586.82145279338,-1.0
34.28,0.0,1.0000000002165,0.14022597630047998,3.6433633188820003,-1.6758389721975002,165.854687391733,586.48641593062,-1.0
34.32,0.0,1.0000000002165,0.13551437588975998,3.7059345223225004,-1.6667315337008002,165.574327283256,586.45728229038,-1.0
34.36,0.0,1.0000000002165,0.13327743543239998,3.7688890103170003,-1.6643477075171003,165.284862535198,586.5009827507399,-1.0
34.4,0.0,1.0000000002165,0.13269264547224,3.8319393194500004,-1.6661202962178001,164.92224671740297,586.46092399541,-1.0
34.44,0.0,1.0000000002165,0.12935981813831998,3.8943188806135,-1.6664259149593001,164.51034026463498,586.289763859,-1.0
34.48,0.0,1.0000000002165,0.1254802359636,3.9582315799930003,-1.7098237762523003,164.005817650612,585.99478575157,-1.0
34.52,0.0,1.0000000002165,0.12407293654728,4.021090246849,-1.7243101045994003,163.51196944161498,585.76900003971,-1.0
34.56,0.0,1.0000000002165,0.11882646727056,4.084523840536001,-1.7035891539257002,163.012470077016,585.56870626306,-1.0
34.6,0.0,1.0000000002165,0.11385575260919999,4.147574149669,-1.6952152004086003,162.551272989275,585.64882377372,-1.0
34.64,0.0,1.0000000002165,0.1058683775436,4.210528637663501,-1.6730272797757002,162.04518060980698,585.55778114797,-1.0
34.68,0.0,1.0000000002165,0.1030989454152,4.2742496947660005,-1.6358640408093001,161.60156489505,585.7908502698899,-1.0
34.72,0.0,1.0000000002165,0.1003295132868,4.336820898206501,-1.6128815114485002,161.06156558196997,585.68524082402,-1.0
34.76,0.0,1.0000000002165,0.14497085744063998,4.4004461341705,-1.6103143140199,160.42486871747798,585.3720541914399,-1.0
34.8,0.0,1.0000000002165,0.14575295458248,4.463592264442,-1.6073192503532001,159.75614863790798,585.00424198341,-1.0
34.84,0.0,1.0000000002165,0.1440699005508,4.526450931298,-1.6030405879722003,159.134835474777,584.83672355203,-1.0
34.88,0.0,1.0000000002165,0.14156671425792,4.590651094093,-1.6263287360745002,158.464231676673,584.58908760999,-1.0
34.92,0.0,1.0000000002165,0.14043279226199998,4.653318118672001,-1.6753499822111002,157.85673244945798,584.54538714963,-1.0
34.96,0.0,1.0000000002165,0.14066813456303998,4.716943354636,-1.7000439765243003,157.292872701614,584.65828000556,-1.0
35.0,0.0,1.0000000002165,0.13844070288552,4.779993663769,-1.6858021431704002,156.77485010476397,584.8694988973,-1.0
35.04,0.0,1.0000000002165,0.13566651636719998,4.8421815826555,-1.6668537811974002,156.299525128018,585.18996893994,-1.0
35.08,0.0,1.0000000002165,0.1353574810224,4.904177859265,-1.6272455922990001,155.75889790876,585.25551963048,-1.0
35.12,0.0,1.0000000002165,0.13723308784583998,4.966078314736,-1.5685667939310002,155.148887056833,585.00424198341,-1.0
35.16,0.0,1.0000000002165,0.13965544951008,5.0286495181765005,-1.5460121308083001,154.51595762940897,584.75296433634,-1.0
35.2,0.0,1.0000000002165,0.09562742165591999,5.0911249004785,-1.5589092416996002,153.886481685964,584.4798364590899,-1.0
35.24,0.0,1.0000000002165,0.1002463114632,5.153121177088001,-1.6023071029926002,153.270191772257,584.25769245226,-1.0
35.28,0.0,1.0000000002165,0.10404269181431999,5.218183730129501,-1.6638587175307002,152.71386689854899,584.1775749415999,-1.0
35.32,0.0,1.0000000002165,0.10756094035512,5.2802758278775,-1.7008385852522,152.244820983583,584.23948392711,-1.0
35.36,0.0,1.0000000002165,0.11490171839159999,5.343230315872001,-1.7077455688101002,151.776716927884,584.28318438747,-1.0
35.4,0.0,1.0000000002165,0.12032647729031999,5.405897340451,-1.7008997090005002,151.283182671976,584.09745743094,-1.0
35.44,0.0,1.0000000002165,0.12193108388832,5.467606153645001,-1.6965599228712003,150.808799554497,583.96635604986,-1.0
35.48,0.0,1.0000000002165,0.13062448585703998,5.5309439261935,-1.6949707054154002,150.31432343932198,583.61311066195,-1.0
35.52,0.0,1.0000000002165,0.12322903233647998,5.592748560526,-1.6854354006806003,149.87667283325598,583.376399835,-1.0
35.56,0.0,1.0000000002165,0.12455788431911999,5.6554155851050005,-1.6791396546057002,149.49490587703198,583.2671486841,-1.0
35.6,0.0,1.0000000002165,0.13106188972968,5.717890967407,-1.6551180215238002,149.147359807509,583.1032719577499,-1.0
35.64,0.0,1.0000000002165,0.13538600736192,5.779887244016501,-1.6255952510949,148.80201140960898,582.85927772074,-1.0
35.68,0.0,1.0000000002165,0.13453259437127998,5.8435124799805,-1.6102531902716002,148.436256060924,582.40042288696,-1.0
35.72,0.0,1.0000000002165,0.13449455925192,5.905700398867,-1.6108033040063001,148.19545404166098,582.30573855618,-1.0
35.76,0.0,1.0000000002165,0.13854054507383998,5.968654886861501,-1.6122702739655002,147.931105540723,581.97798510348,-1.0
35.8,0.0,1.0000000002165,0.13850250995448,6.031513553717501,-1.6185660200404002,147.748070889836,581.79954155701,-1.0
35.84,0.0,1.0000000002165,0.13683371909255998,6.0936056514655,-1.6154487088771001,147.71071047224498,582.02532726887,-1.0
35.88,0.0,1.0000000002165,0.1367956839732,6.157326708568,-1.6176491638159003,147.66989657067498,582.03261067893,-1.0
35.92,0.0,1.0000000002165,0.14165229327648,6.219610448593,-1.6170990500812001,147.660791931094,582.05446090911,-1.0
35.96,0.0,1.0000000002165,0.13943912476872,-0.000522935996,-1.6148985951424002,147.628768716016,581.81775008216,-1.0
36.0,0.0,1.0000000002165,0.13858808897303998,0.0624315519985,-1.5951556244415002,147.608047812142,581.50820515461,-1.0
36.04,0.0,1.0000000002165,0.14235356578967998,0.124619470885,-1.5384327860191003,147.616524545545,581.18409340694,-1.0
36.08,0.0,1.0000000002165,0.14258653089575998,0.18690321091,-1.5222349927196002,147.70003606721897,580.95466599005,-1.0
36.12,0.0,1.0000000002165,0.14091774003384,0.2494744143505,-1.5250466851414002,147.868314922923,580.96559110514,-1.0
36.16,0.0,1.0000000002165,0.1400643270432,0.31281218689900003,-1.5233352201890002,148.03690773171598,580.79807267376,-1.0
36.2,0.0,1.0000000002165,0.14491142756664,0.3759583171705,-1.5307923174816003,148.27488417317798,580.7143134580699,-1.0
36.24,0.0,1.0000000002165,0.14188763557752,0.438337878334,-1.5117828317603001,148.54143034573897,580.63783765244,-1.0
36.28,0.0,1.0000000002165,0.1407655995564,0.5040711793450001,-1.4792649976647003,148.783802130447,580.32100931483,-1.0
36.32,0.0,1.0000000002165,0.1317798026076,0.5665465616470001,-1.4719301478687001,149.04877853756298,580.06608996273,-1.0
36.36,0.0,1.0000000002165,0.13201514490864,0.6298843341955,-1.5422835821620002,149.36995254760998,579.8803630062,-1.0
36.4,0.0,1.0000000002165,0.13062448585703998,0.6933179278825001,-1.5961336044143002,149.82047523032497,580.02238950237,-1.0
36.44,0.0,1.0000000002165,0.12733682522735998,0.7556974890460001,-1.6098253240335003,150.25498630550098,579.94591369674,-1.0
36.48,0.0,1.0000000002165,0.12567754314527999,0.8198018307025001,-1.6232725486595003,150.747578702142,579.9167800565,-1.0
36.52,0.0,1.0000000002165,0.12374726083775998,0.8817022861735001,-1.6273067160473003,151.142531688104,579.50890909314,-1.0
36.56,0.0,1.0000000002165,0.12100635504888,0.9444651318910001,-1.6244950236255002,151.5707637015,579.11924665493,-1.0
36.6,0.0,1.0000000002165,0.11366795420735999,1.0074196198855,-1.6026127217341002,152.10542581206698,579.03184573421,-1.0
36.64,0.0,1.0000000002165,0.10903717842527999,1.0692242542180002,-1.5451563983321002,152.626273986718,578.69680887145,-1.0
36.68,0.0,1.0000000002165,0.10386915658224,1.1330411324590002,-1.5304255749918003,153.192645359274,578.5693491954,-1.0
36.72,0.0,1.0000000002165,0.10113538237823999,1.1947499456530002,-1.4593386557189003,153.729505141464,578.28893790809,-1.0
36.76,0.0,1.0000000002165,0.10462272738456,1.2575127913705002,-1.4416738924602002,154.341399711925,578.2197455125199,-1.0
36.8,0.0,1.0000000002165,0.10918931890271999,1.3201798159495002,-1.4419183874534003,154.95580590709798,578.17968675719,-1.0
36.84,0.0,1.0000000002165,0.10942941559368,1.3819844502820002,-1.4726025091000001,155.57052605535998,578.07043560629,-1.0
36.88,0.0,1.0000000002165,0.11021151273551999,1.4455138651075001,-1.5387384047606003,156.15699042561198,577.91748399503,-1.0
36.92,0.0,1.0000000002165,0.10288975225871999,1.507126857163,-1.5762683862168003,156.80718727293097,577.92112570006,-1.0
36.96,0.0,1.0000000002165,0.1020529796328,1.5693147760495,-1.5887376308700003,157.366023771351,577.5205381467599,-1.0
37.0,0.0,1.0000000002165,0.10283507677463999,1.6323650851825002,-1.5498018032029002,158.008057838356,577.44770404616,-1.0
37.04,0.0,1.0000000002165,0.1022669271792,1.6940738983765002,-1.4979077408962003,158.62717332986398,577.20735151418,-1.0
37.08,0.0,1.0000000002165,0.10385727060743999,1.7554952481550001,-1.4653899068006002,159.105951790589,576.55184460878,-1.0
37.12,0.0,1.0000000002165,0.10490799077975999,1.818162272734,-1.4643508030795003,159.734799827856,576.48993562327,-1.0
37.16,0.0,1.0000000002165,0.10622733398255998,1.8810209395900002,-1.4718079003721003,160.37965947266198,576.52635267357,-1.0
37.2,0.0,1.0000000002165,0.09865121364504,1.9442628910000002,-1.4749252115354001,160.985274981343,576.47172709812,-1.0
37.24,0.0,1.0000000002165,0.10266867312743999,2.0072173789945,-1.4834214125491003,161.64646018677698,576.62103700435,-1.0
37.28,0.0,1.0000000002165,0.106141754964,2.0716091840665003,-1.5050592194473003,162.18049439116598,576.45351857297,-1.0
37.32,0.0,1.0000000002165,0.11500156057991999,2.1346594931995,-1.5232740964407,162.73838903031898,576.40617640758,-1.0
37.36,0.0,1.0000000002165,0.1179326419656,2.1976139811940003,-1.5288363575360002,163.24196978507499,576.22409115608,-1.0
37.4,0.0,1.0000000002165,0.12059272312583999,2.260855932604,-1.5489460707267002,163.687155265277,575.9473215738,-1.0
37.44,0.0,1.0000000002165,0.12405867337752,2.3236187783215003,-1.5351932273592002,164.083991969773,575.52852549535,-1.0
37.48,0.0,1.0000000002165,0.13424733097608,2.386189981762,-1.4973576271615001,164.45634033332698,575.11701282696,-1.0
37.52,0.0,1.0000000002165,0.1339430500212,2.4487611852025,-1.4866609712090002,164.82083986965597,574.76012573402,-1.0
37.56,0.0,1.0000000002165,0.13444463815775998,2.51152403092,-1.4839715262838002,165.259432334989,574.8220347195299,-1.0
37.6,0.0,1.0000000002165,0.13575209538576,2.574574340053,-1.4760865627531001,165.671966693935,574.87666029498,-1.0
37.64,0.0,1.0000000002165,0.14297163647928,2.637433006909,-1.4719301478687001,166.02296624743698,574.8183930145,-1.0
37.68,0.0,1.0000000002165,0.14508258560376,2.700100031488,-1.4753530777735002,166.29139613853198,574.62174094288,-1.0
37.72,0.0,1.0000000002165,0.14262694321008,2.7630545194825,-1.4730914990864001,166.58054693350098,574.60717412276,-1.0
37.76,0.0,1.0000000002165,0.14822761453584,2.8257215440615,-1.4772479139708001,166.73940719653498,574.3267628354499,-1.0
37.8,0.0,1.0000000002165,0.14764995616055998,2.8887718531945,-1.4746195927939003,166.88916281998797,574.09369371353,-1.0
37.84,0.0,1.0000000002165,0.14546531399232,2.9516305200505,-1.4737638603177001,166.998104541871,573.88975823185,-1.0
37.88,0.0,1.0000000002165,0.14462140978152,3.0142017234910004,-1.4770034189776002,167.00061616658297,573.44911192322,-1.0
37.92,0.0,1.0000000002165,0.14860558853448,3.0771562114855002,-1.4799984826443002,167.04865098919998,573.26702667172,-1.0
37.96,0.0,1.0000000002165,0.14668719220176,3.1398232360645,-1.4872722086920003,167.074709095587,573.16870063591,-1.0
38.0,0.0,1.0000000002165,0.144236304198,3.202969366336,-1.4865998474607003,167.099511389618,573.15777552082,-1.0
38.04,0.0,1.0000000002165,0.14687736779855998,3.2657322120535004,-1.4811598338620002,167.14974388385798,573.37263611759,-1.0
38.08,0.0,1.0000000002165,0.14657070964872,3.3267702772780003,-1.4812209576103001,167.011918477787,573.07765801016,-1.0
38.12,0.0,1.0000000002165,0.14465469051096,3.389820586411,-1.4807319676239001,166.810674547738,572.68435386692,-1.0
38.16,0.0,1.0000000002165,0.14300967159863998,3.4522959687130004,-1.4697296929299002,166.667197986065,572.7062040971,-1.0
38.2,0.0,1.0000000002165,0.14457862027224,3.515537920123,-1.4623337193856003,166.46783777455,572.58238612608,-1.0
38.24,0.0,1.0000000002165,0.14427196212239998,3.5785882292560003,-1.4607445019298002,166.10522195675497,572.05433889673,-1.0
38.28,0.0,1.0000000002165,0.1407537135816,3.6425009286355,-1.4565269632971003,165.835850206393,571.95237115589,-1.0
38.32,0.0,1.0000000002165,0.13590185866823998,3.705838701184,-1.4505368359637003,165.508083181477,571.7957778396,-1.0
38.36,0.0,1.0000000002165,0.13586620074383998,3.7686015469015004,-1.4474195248004003,165.146723176038,571.61005088307,-1.0
38.4,0.0,1.0000000002165,0.13529329675847998,3.8318434983115,-1.4444244611337003,164.79101432620098,571.54450019253,-1.0
38.44,0.0,1.0000000002165,0.13338678640055998,3.894989628583,-1.4467471635691003,164.379735779611,571.46438268187,-1.0
38.48,0.0,1.0000000002165,0.12586771874208,3.9573691897465,-1.4749252115354001,163.95087586003697,571.38790687624,-1.0
38.52,0.0,1.0000000002165,0.1247670774756,4.0204194988795,-1.4916731185696002,163.52232989355198,571.42432392654,-1.0
38.56,0.0,1.0000000002165,0.11938986247608,4.082894881181501,-1.4662456392768002,163.06741186759098,571.39154858127,-1.0
38.6,0.0,1.0000000002165,0.11428602489695999,4.146041011453001,-1.4590941607257002,162.559435769589,571.23859697001,-1.0
38.64,0.0,1.0000000002165,0.10651259737775999,4.209091320586,-1.4436909761541001,162.02822714300098,571.1111372939599,-1.0
38.68,0.0,1.0000000002165,0.10168213721903999,4.2718541663035,-1.4135569682422002,161.493878985523,570.97275250282,-1.0
38.72,0.0,1.0000000002165,0.10005375867144,4.335191938852001,-1.3915524188542001,160.92468203516597,570.81980089156,-1.0
38.76,0.0,1.0000000002165,0.14483773452287999,4.3976673211540005,-1.3823838566092002,160.34198510198198,570.6595658702399,-1.0
38.8,0.0,1.0000000002165,0.14400096189696,4.4604301668715,-1.3814058766364001,159.819253208797,570.76153361108,-1.0
38.84,0.0,1.0000000002165,0.14316181207607998,4.523576297143,-1.3766382242690003,159.183498203572,570.53938960425,-1.0
38.88,0.0,1.0000000002165,0.14232503945015998,4.5851892891985,-1.3924692750787002,158.643184937403,570.67777439539,-1.0
38.92,0.0,1.0000000002165,0.14095339795824,4.648527061747,-1.4493754847460003,157.96975556149798,570.4447052734699,-1.0
38.96,0.0,1.0000000002165,0.1398503794968,4.7111940863260005,-1.4744973452973003,157.31579127711097,570.1970693314299,-1.0
39.0,0.0,1.0000000002165,0.13768237769327998,4.7740527531820005,-1.4610501206713002,156.73654782790598,570.22256126664,-1.0
39.04,0.0,1.0000000002165,0.13631549059127998,4.838540379392501,-1.4415516449636003,156.06657193598,569.89480781394,-1.0
39.08,0.0,1.0000000002165,0.13707857017344,4.899482623478501,-1.4024324460516002,155.41982857263997,569.60711311657,-1.0
39.12,0.0,1.0000000002165,0.13704053505407998,4.963586965135001,-1.3509662499830002,154.789096816839,569.36676058459,-1.0
39.16,0.0,1.0000000002165,0.12343822549295999,5.026733095406501,-1.3266389981596003,154.199178962608,569.19560044818,-1.0
39.2,0.0,1.0000000002165,0.09893647704023999,5.089687583401,-1.3395972327992003,153.601412281152,569.0572156570399,-1.0
39.24,0.0,1.0000000002165,0.10342937551463999,5.153504461642,-1.3736431606023003,153.10725011906598,569.2101672683,-1.0
39.28,0.0,1.0000000002165,0.10526219282879999,5.2170338764675,-1.4315273502424002,152.63600653247698,569.38496910974,-1.0
39.32,0.0,1.0000000002165,0.11241041807352,5.281138218124,-1.4726025091000001,152.07151887845498,569.16646680794,-1.0
39.36,0.0,1.0000000002165,0.11769492246959999,5.343613600426,-1.4713189103857003,151.644856630504,569.30849330411,-1.0
39.4,0.0,1.0000000002165,0.12164582049311999,5.406663909559001,-1.4644730505761,151.12871775218798,569.09727441237,-1.0
39.44,0.0,1.0000000002165,0.12055231081151999,5.470672430077,-1.4601332644468001,150.600334703401,568.7367456144,-1.0
39.48,0.0,1.0000000002165,0.1255634377872,5.5322854221325,-1.4523094246644002,150.17241664309398,568.68576174398,-1.0
39.52,0.0,1.0000000002165,0.12393743643455998,5.596198121512001,-1.4414905212153002,149.821731042681,568.7549541395499,-1.0
39.56,0.0,1.0000000002165,0.12549687632832,5.65829021926,-1.4375174775758002,149.525673279754,568.86784699548,-1.0
39.6,0.0,1.0000000002165,0.13395255880103998,5.7210530649775,-1.4128846070109002,149.174673726252,568.7294622043399,-1.0
39.64,0.0,1.0000000002165,0.13630360461648,5.78477412208,-1.3836063315752003,148.841883451912,568.48546796733,-1.0
39.68,0.0,1.0000000002165,0.13679806116815998,5.845908008443001,-1.3651469595886003,148.61803489945498,568.57651059308,-1.0
39.72,0.0,1.0000000002165,0.13517205981552,5.9100123500995005,-1.3683253945002003,148.312872496947,568.21234009008,-1.0
39.76,0.0,1.0000000002165,0.13910869466928,5.971912805570501,-1.3710759631737002,148.08902394448998,568.02661313355,-1.0
39.8,0.0,1.0000000002165,0.13960315122095998,6.034675651288,-1.3748045118200003,147.92702415056598,567.96106244301,-1.0
39.84,0.0,1.0000000002165,0.13771090403279998,6.098684171806,-1.3804890204119002,147.79359408774098,567.7899023066,-1.0
39.88,0.0,1.0000000002165,0.13926321234168,6.159818058169001,-1.3805501441602002,147.693129099261,567.6478758104299,-1.0
39.92,0.0,1.0000000002165,0.14240348688384,6.224018220964,-1.3804890204119002,147.596745500938,567.37110622815,-1.0
39.96,0.0,1.0000000002165,0.14024974825008,0.0029266249900000004,-1.3833618365820002,147.586385049001,567.23272143701,-1.0
40.0,0.0,1.0000000002165,0.13915386137351998,0.0656894707075,-1.3601959359763003,147.596431547849,567.05427789054,-1.0
40.04,0.0,1.0000000002165,0.14281949600184,0.129602170087,-1.3086686161594003,147.57319901926297,566.53715577628,-1.0
40.08,0.0,1.0000000002165,0.14331157535855998,0.189202918234,-1.2927764416014003,147.663617508895,566.39877098514,-1.0
40.12,0.0,1.0000000002165,0.14142170536536,0.2533072598905,-1.2934488028327003,147.809291742191,566.2822364241799,-1.0
40.16,0.0,1.0000000002165,0.14059206432431998,0.31530353650000004,-1.3000501676491003,147.94334971119397,566.0054668419,-1.0
40.2,0.0,1.0000000002165,0.1437252072816,0.3780663822175,-1.2974218464722003,148.201105197263,566.03824218717,-1.0
40.24,0.0,1.0000000002165,0.1426316976,0.4418832604585,-1.2778622470162002,148.45886068333198,565.90714080609,-1.0
40.28,0.0,1.0000000002165,0.13968873023952,0.5047419273145001,-1.2435107004716002,148.76841842908598,565.88164887088,-1.0
40.32,0.0,1.0000000002165,0.13648427143344,0.5693253746635001,-1.2295133621109002,149.182836506566,566.08558435256,-1.0
40.36,0.0,1.0000000002165,0.13275207534623998,0.6314174724115,-1.2979719602069002,149.55016162069597,566.07465923747,-1.0
40.4,0.0,1.0000000002165,0.13113558277343998,0.6939886758520001,-1.3583010997790002,149.83805660330898,565.61944610872,-1.0
40.44,0.0,1.0000000002165,0.12793350116232,0.7578055540930001,-1.3732764181125001,150.16111433189,565.167874685,-1.0
40.48,0.0,1.0000000002165,0.12289147065216,0.8182686924865001,-1.3947308537658003,150.47946276413597,564.62890234056,-1.0
40.52,0.0,1.0000000002165,0.11916640614983999,0.8823730341430001,-1.3962589474733003,150.89702037250598,564.30843229792,-1.0
40.56,0.0,1.0000000002165,0.11860776533423999,0.9441776684755001,-1.3929582650651002,151.376426739409,564.17004750678,-1.0
40.6,0.0,1.0000000002165,0.11462358658128,1.0062697662235,-1.3782274417248002,151.89256561772498,563.9697537301299,-1.0
40.64,0.0,1.0000000002165,0.11222261967167999,1.0701824656030001,-1.3209544895677001,152.447320725988,563.7876684786299,-1.0
40.68,0.0,1.0000000002165,0.10771545802751999,1.130741425135,-1.3123971648057002,153.01620372325598,563.66020880258,-1.0
40.72,0.0,1.0000000002165,0.10136834748432,1.1953248724840002,-1.2356868606892002,153.66326103968498,563.72575949312,-1.0
40.76,0.0,1.0000000002165,0.10476535908215999,1.2575127913705002,-1.2110539901243003,154.338260181035,563.9005613345599,-1.0
40.8,0.0,1.0000000002165,0.10973607374351999,1.3197965313955,-1.2158827662400002,154.943247783538,563.75853483839,-1.0
40.84,0.0,1.0000000002165,0.11128600485743999,1.383709230775,-1.2471781253696002,155.463468052011,563.36158899012,-1.0
40.88,0.0,1.0000000002165,0.11283593597135999,1.4441723691685002,-1.3218713457922002,156.02261850352,563.11759475311,-1.0
40.92,0.0,1.0000000002165,0.10886126599823999,1.5081808896865,-1.3627020096566003,156.615361935552,562.92458438652,-1.0
40.96,0.0,1.0000000002165,0.1033128929616,1.5704646297115001,-1.3669806720376003,157.24546578517499,562.83354176077,-1.0
41.0,0.0,1.0000000002165,0.10328436662207999,1.6322692640440002,-1.3292061955882002,157.835697592495,562.51671342316,-1.0
41.04,0.0,1.0000000002165,0.10404506900928,1.6963736057005,-1.2744393171114001,158.497510704107,562.49122148795,-1.0
41.08,0.0,1.0000000002165,0.10401891986471999,1.75645345954,-1.2369704594035003,159.18946331226297,562.49486319298,-1.0
41.12,0.0,1.0000000002165,0.10504111369751999,1.8202703377810001,-1.2316526933014003,159.79507882094398,562.3637618119,-1.0
41.16,0.0,1.0000000002165,0.10606568472528,1.8828415412215,-1.2435107004716002,160.368357161458,562.12705098495,-1.0
41.2,0.0,1.0000000002165,0.09895074020999998,1.9453169235235002,-1.2442441854512003,161.015100524798,562.19260167549,-1.0
41.24,0.0,1.0000000002165,0.10312271736479998,2.008846338349,-1.2574469150840002,161.58366956897697,562.11612586986,-1.0
41.28,0.0,1.0000000002165,0.10676695723848,2.0721841108975,-1.2774955045264003,162.18018043807697,562.11248416483,-1.0
41.32,0.0,1.0000000002165,0.11539379774832,2.1358093468615,-1.2955881340232003,162.70448209670698,561.95589084854,-1.0
41.36,0.0,1.0000000002165,0.12060936349055999,2.1990512982715003,-1.3034730975539002,163.37791147261197,562.33098646663,-1.0
41.4,0.0,1.0000000002165,0.11952773978376,2.261814143989,-1.3155755997173002,163.900015459619,562.26907748112,-1.0
41.44,0.0,1.0000000002165,0.12080667067223999,2.3259184856455,-1.3008447763770001,164.38946832537,562.17803485537,-1.0
41.48,0.0,1.0000000002165,0.12784792214375998,2.388489689086,-1.2583637713085003,164.855688662535,562.0360083592,-1.0
41.52,0.0,1.0000000002165,0.12860149294607998,2.4524023884655,-1.2508455502676001,165.26100210043398,561.86848992782,-1.0
41.56,0.0,1.0000000002165,0.12909119510783998,2.5155485187370004,-1.2504176840295003,165.638373713412,561.69368808638,-1.0
41.6,0.0,1.0000000002165,0.13612531499448,2.5781197221775,-1.2501120652880002,165.933803570161,561.36957633871,-1.0
41.64,0.0,1.0000000002165,0.13975291450344,2.6417449581415,-1.2563466876146003,166.190617196963,561.0345394759499,-1.0
41.68,0.0,1.0000000002165,0.1439034969036,2.7038370558895,-1.2583026475602002,166.459674994236,560.84881251942,-1.0
41.72,0.0,1.0000000002165,0.14308098744744,2.7672706495765,-1.2604419787507002,166.64459336365698,560.5174173616899,-1.0
41.76,0.0,1.0000000002165,0.14853664988064,2.8302251375710004,-1.2645983936351002,166.80879082920399,560.20423072911,-1.0
41.8,0.0,1.0000000002165,0.14771176322951998,2.8926046987345,-1.2629480524310002,167.00406965056197,560.17509708887,-1.0
41.84,0.0,1.0000000002165,0.14610477943656,2.95613411356,-1.2658208686011003,167.153511320926,560.05127911785,-1.0
41.88,0.0,1.0000000002165,0.146851218654,3.0183220324465,-1.2614810824718001,167.277208837992,559.9966535423999,-1.0
41.92,0.0,1.0000000002165,0.14890273790448,3.081659804995,-1.2646595173834003,167.353499438619,559.95295308204,-1.0
41.96,0.0,1.0000000002165,0.14703663986087998,3.144518471851,-1.2674712098052001,167.39305752783298,559.8072848808399,-1.0
42.0,0.0,1.0000000002165,0.14438606748048,3.206802211876,-1.2793903407237002,167.317708786473,559.51230677341,-1.0
42.04,0.0,1.0000000002165,0.1472196838728,3.2703316267015,-1.2779233707645001,167.188988019983,559.1080775150799,-1.0
42.08,0.0,1.0000000002165,0.14718164875343998,3.3308905862335,-1.2788402269890002,167.032011475483,558.77304065232,-1.0
42.12,0.0,1.0000000002165,0.1447949450136,3.394036716505,-1.2736447083835003,166.90643023988298,558.6856397316,-1.0
42.16,0.0,1.0000000002165,0.14345420705616,3.4567995622225003,-1.2583637713085003,166.84050009119298,558.9041420333999,-1.0
42.2,0.0,1.0000000002165,0.14106988051128,3.5188916599705,-1.2532293764513003,166.74286068051399,559.15541968047,-1.0
42.24,0.0,1.0000000002165,0.14024974825008,3.5818461479650003,-1.2397210280770001,166.496721458738,558.96605101891,-1.0
42.28,0.0,1.0000000002165,0.13734719320392,3.645088099375,-1.2347088807164002,166.27977987423898,559.03160170945,-1.0
42.32,0.0,1.0000000002165,0.13053652964352,3.707946766231,-1.2337309007436001,165.92658264911398,558.75119042214,-1.0
42.36,0.0,1.0000000002165,0.12789784323792,3.7703263273945002,-1.2279241446551001,165.575897048701,558.59823881088,-1.0
42.4,0.0,1.0000000002165,0.12630274541976,3.8322267828655003,-1.2277407734102002,165.167130126823,558.40522844429,-1.0
42.44,0.0,1.0000000002165,0.1273106760828,3.894989628583,-1.2351978707028002,164.76621203217,558.29597729339,-1.0
42.48,0.0,1.0000000002165,0.12155073269471998,3.9569859051925,-1.2677157047984002,164.23343364013698,557.90995656021,-1.0
42.52,0.0,1.0000000002165,0.12282015480335999,4.0198445720485,-1.2883144079755002,163.766271443705,557.76793006404,-1.0
42.56,0.0,1.0000000002165,0.12200715412704,4.0827032389045,-1.2697939122406001,163.21120238235298,557.39283444595,-1.0
42.6,0.0,1.0000000002165,0.11443341098448,4.1449869789295,-1.2585471425534003,162.65016821230998,557.1306316837899,-1.0
42.64,0.0,1.0000000002165,0.10972418776871999,4.207941466924,-1.2487062190771003,162.14658745755398,557.06143928822,-1.0
42.68,0.0,1.0000000002165,0.10423762180103999,4.270416849226001,-1.2197946861312001,161.544739385941,556.73732754055,-1.0
42.72,0.0,1.0000000002165,0.10083110142335999,4.3331796949435,-1.1940004643486002,161.01101913464097,556.67177685001,-1.0
42.76,0.0,1.0000000002165,0.14341379474184,4.395942540661,-1.1810422297090002,160.44150823119497,556.57709251923,-1.0
42.8,0.0,1.0000000002165,0.14311664537184,4.4587053863785,-1.1767024435797002,159.85033456460798,556.44963284318,-1.0
42.84,0.0,1.0000000002165,0.14152154755368,4.5213724109575,-1.1732795136749001,159.24189347812597,556.28939782186,-1.0
42.88,0.0,1.0000000002165,0.14018794118112,4.5848060046445,-1.1973622705051001,158.527022294473,555.8924519735899,-1.0
42.92,0.0,1.0000000002165,0.13859284336296,4.647760492639001,-1.2530460052064003,157.841034795008,555.59747386616,-1.0
42.96,0.0,1.0000000002165,0.13829807118791998,4.711002444049,-1.2764564008053003,157.166663559836,555.34619621909,-1.0
43.0,0.0,1.0000000002165,0.13670535056472,4.7743402165975,-1.2664321060841002,156.557908520265,555.2260199530999,-1.0
43.04,0.0,1.0000000002165,0.13537412138712,4.836528135484,-1.2471781253696002,155.990595288442,555.24422847825,-1.0
43.08,0.0,1.0000000002165,0.13637492046528,4.8983327698165,-1.2080589264576003,155.395654184787,555.13133562232,-1.0
43.12,0.0,1.0000000002165,0.13633926254088,4.9608081521185,-1.1573262153686001,154.829910718409,555.01844276639,-1.0
43.16,0.0,1.0000000002165,0.12334789208448,5.0236668189745,-1.1294537861438003,154.24062077035597,554.92740014064,-1.0
43.2,0.0,1.0000000002165,0.10103554018991999,5.086429664692,-1.1397225758582001,153.70658656596697,554.971100601,-1.0
43.24,0.0,1.0000000002165,0.10385964780239999,5.1486175835785,-1.1693675937837003,153.18825001602798,555.05850152172,-1.0
43.28,0.0,1.0000000002165,0.105904035468,5.213871778897,-1.2362369744239001,152.609634473001,554.88005797525,-1.0
43.32,0.0,1.0000000002165,0.11312357656151999,5.2764429823375005,-1.2765175245536002,151.994286418561,554.43941166662,-1.0
43.36,0.0,1.0000000002165,0.11852931790056,5.3402598605785006,-1.2841579930911002,151.411903438466,554.1189416239799,-1.0
43.4,0.0,1.0000000002165,0.11643025475088,5.403501811988501,-1.2776788757713002,150.852125080779,553.74748771092,-1.0
43.44,0.0,1.0000000002165,0.11174242628975999,5.465977194290501,-1.2717498721862002,150.34289317042098,553.50349347391,-1.0
43.48,0.0,1.0000000002165,0.12386849778071998,5.529506609116001,-1.2606253499956002,150.02485869126397,553.77297964613,-1.0
43.52,0.0,1.0000000002165,0.12176943463104,5.592173633695,-1.2560410688731003,149.63116151765797,553.6564450851699,-1.0
43.56,0.0,1.0000000002165,0.12122030259528,5.6558946907975,-1.2518235302404002,149.25316199850198,553.514418589,-1.0
43.6,0.0,1.0000000002165,0.13255714535951998,5.7185617153765005,-1.2228508735462003,149.035906460914,553.78754646625,-1.0
43.64,0.0,1.0000000002165,0.1330397159364,5.7810370976785,-1.1857487583281003,148.751778915369,553.75477112098,-1.0
43.68,0.0,1.0000000002165,0.13636303449047998,5.8444706913655,-1.1680228713211003,148.54331406427298,553.83488863164,-1.0
43.72,0.0,1.0000000002165,0.13581152525975998,5.9065627891135,-1.1631940952054003,148.35431430469498,553.9040810272099,-1.0
43.76,0.0,1.0000000002165,0.1396483179252,5.970092203939,-1.1656390451374001,148.17818662176597,553.88587250206,-1.0
43.8,0.0,1.0000000002165,0.14038762555776,6.032567586241,-1.1724849049470003,148.057314682501,553.90043932218,-1.0
43.84,0.0,1.0000000002165,0.13880203651943998,6.0949471474045005,-1.1739518749062001,147.898768372556,553.70378725056,-1.0
43.88,0.0,1.0000000002165,0.13799379023303998,6.1583807410915,-1.1785972797770001,147.81557080397099,553.5908943946299,-1.0
43.92,0.0,1.0000000002165,0.14311426817688,6.220568659978,-1.1833038083961003,147.72358254889397,553.36146697774,-1.0
43.96,0.0,1.0000000002165,0.1410152050272,0.00101020222,-1.1731572661783003,147.739908109522,553.3323333375,-1.0
44.0,0.0,1.0000000002165,0.13969110743448,0.0635814056605,-1.1586709378312001,147.729861610674,553.05556375522,-1.0
44.04,0.0,1.0000000002165,0.1432616542644,0.1260567879625,-1.1032928218714002,147.77475690240098,552.84434486348,-1.0
44.08,0.0,1.0000000002165,0.14425532175768,0.188053064572,-1.0827552424426001,147.86046609569797,552.60763403653,-1.0
44.12,0.0,1.0000000002165,0.14241537285863998,0.2502409834585,-1.0944910021162002,147.920745088786,552.2471052385599,-1.0
44.16,0.0,1.0000000002165,0.14109127526592,0.31386621942250004,-1.0996865207217001,148.01430310930797,551.83559257017,-1.0
44.2,0.0,1.0000000002165,0.14414359359456,0.37634160172450004,-1.1008478719394001,148.197965666373,551.62437367843,-1.0
44.24,0.0,1.0000000002165,0.1405041081108,0.4386253417495,-1.0814105199800002,148.412081673071,551.3548875062099,-1.0
44.28,0.0,1.0000000002165,0.14021171313071998,0.5036878947910001,-1.0477313346667003,148.716616169401,551.24927806034,-1.0
44.32,0.0,1.0000000002165,0.13271641742183998,0.5654925291235001,-1.0435137960340002,149.0277436806,551.14366861447,-1.0
44.36,0.0,1.0000000002165,0.13345334785944,0.6292135862260001,-1.1054932768102002,149.44059199263498,551.2638448804599,-1.0
44.4,0.0,1.0000000002165,0.13187726760096,0.6915931473895001,-1.1555536266679003,149.78499853126797,551.03441746357,-1.0
44.44,0.0,1.0000000002165,0.12850165075776,0.7540685296915001,-1.1746242361375003,150.177753845607,550.8195568668,-1.0
44.48,0.0,1.0000000002165,0.12641209638792,0.817789586794,-1.1977290129949003,150.551985927695,550.43353613362,-1.0
44.52,0.0,1.0000000002165,0.12278449687896,0.8798816845420001,-1.1962009192874001,150.98304351889198,550.18954189661,-1.0
44.56,0.0,1.0000000002165,0.11915689736999999,0.9438902050600001,-1.1974845180017002,151.473752196999,550.02930687529,-1.0
44.6,0.0,1.0000000002165,0.11501820094463999,1.006365587362,-1.1794530122532003,151.959123672593,549.78167093325,-1.0
44.64,0.0,1.0000000002165,0.112679041104,1.0683618639715,-1.1194906151709003,152.39646032557,549.1807896033,-1.0
44.68,0.0,1.0000000002165,0.10828836201287999,1.1321787422125,-1.1023148418986002,152.983238648911,549.15893937312,-1.0
44.72,0.0,1.0000000002165,0.10364332306103999,1.193408449714,-1.0312279226257002,153.52261005581298,548.89673661096,-1.0
44.76,0.0,1.0000000002165,0.10284696274944,1.2567462222625,-1.0105069719520003,154.110016285332,548.7255764745499,-1.0
44.8,0.0,1.0000000002165,0.11256493574592,1.3191257834260002,-1.0152746243194002,154.74137594731098,548.7365015896399,-1.0
44.84,0.0,1.0000000002165,0.111252724128,1.3813137023125002,-1.0372180499591002,155.399421621855,548.7729186399399,-1.0
44.88,0.0,1.0000000002165,0.1127622429276,1.4455138651075001,-1.1076937317490003,156.07442076320498,548.94407877635,-1.0
44.92,0.0,1.0000000002165,0.10863543247704,1.507126857163,-1.1465073119195002,156.657745602567,548.68187601419,-1.0
44.96,0.0,1.0000000002165,0.10322731394304,1.5711353776810002,-1.1498079943277002,157.292872701614,548.54349122305,-1.0
45.0,0.0,1.0000000002165,0.1029444277428,1.6342815079525002,-1.1180236452117003,157.992988090084,548.65274237395,-1.0
45.04,0.0,1.0000000002165,0.10215044462615999,1.6965652479775002,-1.0568387731634001,158.661708169654,548.57262486329,-1.0
45.08,0.0,1.0000000002165,0.10186755842591999,1.7594239148335002,-1.0130741693806002,159.35397473089898,548.64545896389,-1.0
45.12,0.0,1.0000000002165,0.10619167605815999,1.8217076548585,-1.0069006708023003,160.01955527957898,548.67459260413,-1.0
45.16,0.0,1.0000000002165,0.10437549910871999,1.8856203542380001,-1.0162526042922002,160.60382197820798,548.4779405325099,-1.0
45.2,0.0,1.0000000002165,0.10076691715943999,1.9489581267865002,-1.0194921629521003,161.24679790448,548.57626656832,-1.0
45.24,0.0,1.0000000002165,0.10329862979183999,2.011146045673,-1.0354454612584003,161.782401874314,548.31406380616,-1.0
45.28,0.0,1.0000000002165,0.10710689611775999,2.076687704407,-1.0518266258028002,162.263691959751,547.96081841825,-1.0
45.32,0.0,1.0000000002165,0.11551265749631999,2.1386839810165004,-1.0754203926466002,162.77355177628698,547.74959952651,-1.0
45.36,0.0,1.0000000002165,0.11905943237663999,2.2016384690110002,-1.0885619985311001,163.27838834339897,547.58208109513,-1.0
45.4,0.0,1.0000000002165,0.12183837328488,2.2644013147285,-1.1012146144292003,163.75685285103498,547.41456266375,-1.0
45.44,0.0,1.0000000002165,0.121296372834,2.3263017701995,-1.0965080858101002,164.26011965270197,547.35265367824,-1.0
45.48,0.0,1.0000000002165,0.13173463590336,2.3898311850250002,-1.0529879770205002,164.71315396012898,547.19606036195,-1.0
45.52,0.0,1.0000000002165,0.12914824778688,2.4522107461885003,-1.0315335413672002,165.22458354211,547.31259492291,-1.0
45.56,0.0,1.0000000002165,0.12936932691816,2.5152610553215,-1.0270715077413002,165.643710915925,547.30531151285,-1.0
45.6,0.0,1.0000000002165,0.13647951704352,2.5785030067315002,-1.0183308117344003,166.00883835843197,547.1778518368,-1.0
45.64,0.0,1.0000000002165,0.14027114300472,2.6408825678950003,-1.0188198017208003,166.36203558355697,547.14871819656,-1.0
45.68,0.0,1.0000000002165,0.13870457152607998,2.7045078038590002,-1.0226094741154002,166.616337585647,546.91929077967,-1.0
45.72,0.0,1.0000000002165,0.14249382029232,2.766983186161,-1.0204090191766002,166.829825686167,546.6315960823,-1.0
45.76,0.0,1.0000000002165,0.14831794794432,2.8301293164325,-1.0260324040202002,167.00438360365098,546.39124355032,-1.0
45.8,0.0,1.0000000002165,0.14827991282495998,2.8931796255655002,-1.0178418217480003,167.183964770559,546.27470898936,-1.0
45.84,0.0,1.0000000002165,0.1464589814856,2.9555591867290003,-1.0221204841290001,167.39776682416797,546.4021686654099,-1.0
45.88,0.0,1.0000000002165,0.14693204328263998,3.0190886015545004,-1.0177806979997002,167.536220136417,546.4021686654099,-1.0
45.92,0.0,1.0000000002165,0.14943998396543998,3.081468162718,-1.0230984641018002,167.559138711914,546.11447396804,-1.0
45.96,0.0,1.0000000002165,0.14762142982103998,3.144518471851,-1.0246265578093003,167.49101089160098,545.70296129965,-1.0
46.0,0.0,1.0000000002165,0.14478305903879998,3.2074729598455,-1.0313501701223002,167.42319702437698,545.38249125701,-1.0
46.04,0.0,1.0000000002165,0.14729099972159998,3.269660878732,-1.0329393875781003,167.37202267087,545.28780692623,-1.0
46.08,0.0,1.0000000002165,0.14776168432367998,3.331369691926,-1.0243209390678003,167.30860414689198,545.25503158096,-1.0
46.12,0.0,1.0000000002165,0.1454367876528,3.3934617896740003,-1.0191254204623001,167.323045988986,545.5900684437199,-1.0
46.16,0.0,1.0000000002165,0.14234881139976,3.4562246353915,-1.0084287645098002,167.236708889511,545.72845323486,-1.0
46.2,0.0,1.0000000002165,0.14180443375392,3.5192749445245,-1.0058615670812003,166.93876740804998,545.2477481709,-1.0
46.24,0.0,1.0000000002165,0.13846447483511998,3.581271221134,-0.9963262623464002,166.696081670253,545.1494221350899,-1.0
46.28,0.0,1.0000000002165,0.13792247438424,3.6463337741755004,-0.9922309712103001,166.36580302062498,544.81802697736,-1.0
46.32,0.0,1.0000000002165,0.12569893789991998,3.7081384085080002,-0.9834291514551001,166.14226842125697,544.98190370371,-1.0
46.36,0.0,1.0000000002165,0.12845886124848,3.7711887176410004,-0.9868520813599002,165.749513106918,544.6869255962799,-1.0
46.4,0.0,1.0000000002165,0.12690417574464,3.8341432056355003,-0.9906417537545003,165.328815967658,544.39923089891,-1.0
46.44,0.0,1.0000000002165,0.12078052152767998,3.8954687342755,-0.9843460076796002,165.04249075048997,544.71970094155,-1.0
46.48,0.0,1.0000000002165,0.1184675108316,3.9591897913780003,-1.0212036279045003,164.468898456887,544.12974472669,-1.0
46.52,0.0,1.0000000002165,0.123257558676,4.0213777102645,-1.0508486458300001,163.82089928119098,543.43782077099,-1.0
46.56,0.0,1.0000000002165,0.11992948573199999,4.083948913705,-1.0270715077413002,163.329876649995,543.32492791506,-1.0
46.6,0.0,1.0000000002165,0.11381534029488,4.147190865115,-1.0210202566596003,162.77480758864297,543.0263081026,-1.0
46.64,0.0,1.0000000002165,0.11099836426727999,4.2085163937550005,-1.0064116808159003,162.32616862446199,543.19018482895,-1.0
46.68,0.0,1.0000000002165,0.10564967560727999,4.271566702888,-0.9649086557202002,161.812855323947,543.0991422032,-1.0
46.72,0.0,1.0000000002165,0.10157040905591999,4.3333713372205,-0.9363638652641002,161.344751268248,543.2666606345799,-1.0
46.76,0.0,1.0000000002165,0.10053157485839999,4.394984329276,-0.9186991020054003,160.895484397889,543.54343021686,-1.0
46.8,0.0,1.0000000002165,0.14430286565688,4.4575555327165,-0.9168653895564003,160.34418277360498,543.54343021686,-1.0
46.84,0.0,1.0000000002165,0.14376086520599998,4.518881061356501,-0.9138092021414002,159.63402088628698,543.05908344787,-1.0
46.88,0.0,1.0000000002165,0.13942248440399999,4.5816439070740005,-0.9476717586996002,158.894975314781,542.5565281537299,-1.0
46.92,0.0,1.0000000002165,0.13913484381383998,4.6438318259605005,-0.9996269447546002,158.15122044694,542.09767331995,-1.0
46.96,0.0,1.0000000002165,0.13808887803144,4.706115565985501,-1.0265825177549002,157.396163267895,541.52956733527,-1.0
47.0,0.0,1.0000000002165,0.13577824453032,4.769453338534,-1.0182696879861002,156.68443161513198,541.0962044367,-1.0
47.04,0.0,1.0000000002165,0.13574258660591998,4.831353794005,-1.0002381822376003,156.06186263964497,540.98331158077,-1.0
47.08,0.0,1.0000000002165,0.13545732321072,4.892966786060501,-0.9615468495637003,155.48607267441898,540.92868600532,-1.0
47.12,0.0,1.0000000002165,0.13542166528632,4.955346347224,-0.9095916635087002,154.946073361339,540.94689453047,-1.0
47.16,0.0,1.0000000002165,0.13766098293864,5.017342623833501,-0.8775016956512003,154.447829809096,541.06342909143,-1.0
47.2,0.0,1.0000000002165,0.10126375090607999,5.080872038659001,-0.8902765590459003,153.85006312764,540.9177608902299,-1.0
47.24,0.0,1.0000000002165,0.10426614814056,5.1432515998225,-0.9328798116110002,153.17820351717998,540.48439799166,-1.0
47.28,0.0,1.0000000002165,0.10903480123031999,5.2084099740025005,-0.9982822222920003,152.48499509666797,539.90536689189,-1.0
47.32,0.0,1.0000000002165,0.11052292527527999,5.27117281972,-1.0339784912992003,151.899786538772,539.6213138995499,-1.0
47.36,0.0,1.0000000002165,0.11755704516191999,5.333648202022,-1.0414967123401002,151.34157794652998,539.32997749715,-1.0
47.4,0.0,1.0000000002165,0.11702455349087999,5.396985974570501,-1.0302499426529002,150.87033435994098,539.3044855619399,-1.0
47.44,0.0,1.0000000002165,0.11775197514863998,5.45898225118,-1.0259101565236002,150.42609073900599,539.23529316637,-1.0
47.48,0.0,1.0000000002165,0.12452698078463999,5.5225116660055,-1.0218759891358002,150.059707484143,539.32269408709,-1.0
47.52,0.0,1.0000000002165,0.12248021592408,5.585082869446,-1.0172305842650002,149.666324263626,539.24257657643,-1.0
47.56,0.0,1.0000000002165,0.12219732972384,5.6472707883325,-1.0089788782445002,149.367126969809,539.35546943236,-1.0
47.6,0.0,1.0000000002165,0.12393030484967998,5.711183487712001,-0.9922920949586003,148.998859996412,539.14425054062,-1.0
47.64,0.0,1.0000000002165,0.13371959369495998,5.7729881220445005,-0.9549454847473002,148.73294173002898,539.13332542553,-1.0
47.68,0.0,1.0000000002165,0.13368631296552,5.8368050002855005,-0.9419872501077002,148.455093246264,539.03135768469,-1.0
47.72,0.0,1.0000000002165,0.13566651636719998,5.8994720248645,-0.9400312901621002,148.228419116006,538.97309040421,-1.0
47.76,0.0,1.0000000002165,0.1371403772424,5.9617557648895,-0.9508501936112002,148.008338000617,538.79464685774,-1.0
47.8,0.0,1.0000000002165,0.14087970491448,6.025860106546,-0.9505445748697003,147.782605729626,538.51423557043,-1.0
47.84,0.0,1.0000000002165,0.13933690538544,6.0876647408785,-0.9557400934752003,147.58732690826798,538.1464233624,-1.0
47.88,0.0,1.0000000002165,0.13854767665871998,6.1514816191195,-0.9599576321079002,147.47681542094,537.99347175114,-1.0
47.92,0.0,1.0000000002165,0.14353978607471998,6.21405282256,-0.9632583145161002,147.442908487328,537.93156276563,-1.0
47.96,0.0,1.0000000002165,0.14174500387991998,6.2762407414465,-0.9567791971963002,147.380431822617,537.61109272299,-1.0
48.0,0.0,1.0000000002165,0.14019982715592,0.056873925965500005,-0.9425984875907003,147.33867606177998,537.27969756526,-1.0
48.04,0.0,1.0000000002165,0.14142170536536,0.118486918021,-0.8929048802228003,147.35186209151797,536.92281047232,-1.0
48.08,0.0,1.0000000002165,0.14440033065024,0.180387373492,-0.8661938022157001,147.46708287518098,536.8572597817799,-1.0
48.12,0.0,1.0000000002165,0.14285753112119998,0.2429585769325,-0.8678441434198003,147.587954814446,536.6533243000999,-1.0
48.16,0.0,1.0000000002165,0.14106512612136,0.304954853542,-0.8750567457192004,147.775698761668,536.56228167435,-1.0
48.2,0.0,1.0000000002165,0.14027589739464,0.368771731783,-0.8737731470049002,148.046012371297,536.63511577495,-1.0
48.24,0.0,1.0000000002165,0.14124341574336,0.430480544977,-0.8572697349639,148.30157018574297,536.45667222848,-1.0
48.28,0.0,1.0000000002165,0.1381982289996,0.4957347402955,-0.8186395260383001,148.642209287308,536.57320678944,-1.0
48.32,0.0,1.0000000002165,0.13590661305816,0.558497586013,-0.8031752177184002,149.04846458447398,536.73708351579,-1.0
48.36,0.0,1.0000000002165,0.13161102176543998,0.6203022203455001,-0.8657048122293003,149.353940940071,536.5185812139899,-1.0
48.4,0.0,1.0000000002165,0.12781939580423998,0.684214919725,-0.9284789017334003,149.69332422928,536.26002015686,-1.0
48.44,0.0,1.0000000002165,0.12703492146744,0.7455404483650001,-0.9504223273731003,150.02705636288698,535.85943260356,-1.0
48.48,0.0,1.0000000002165,0.11648255303999999,0.8088782209135001,-0.9699208030808002,150.366125699007,535.4005777697799,-1.0
48.52,0.0,1.0000000002165,0.12020999473727999,0.8715452454925001,-0.9700430505774003,150.814764663188,535.1602252378,-1.0
48.56,0.0,1.0000000002165,0.1196798802612,0.9337331643790001,-0.9632583145161002,151.44989176223498,535.5608127911,-1.0
48.6,0.0,1.0000000002165,0.11789698404119998,0.9979333271740001,-0.9395423001757002,152.01029802609997,535.48433698547,-1.0
48.64,0.0,1.0000000002165,0.11036127601799998,1.0606961728915,-0.8679052671681005,152.69785529100997,535.75746486272,-1.0
48.68,0.0,1.0000000002165,0.10457756068032,1.1246088722710001,-0.8561695074945002,153.312261486183,535.76838997781,-1.0
48.72,0.0,1.0000000002165,0.10004900428151998,1.188617392789,-0.7762196447181005,153.99228387695698,535.9541169343399,-1.0
48.76,0.0,1.0000000002165,0.10927727511624,1.2515718807835001,-0.7605108414050004,154.60041101034997,535.89584965386,-1.0
48.8,0.0,1.0000000002165,0.10925112597167999,1.3159636858555002,-0.7582492627179,155.186561427513,535.6846307621199,-1.0
48.84,0.0,1.0000000002165,0.10897299416135998,1.3787265315730002,-0.7842268557454002,155.737235145619,535.4369948200799,-1.0
48.88,0.0,1.0000000002165,0.1096956614292,1.44216012526,-0.8562306312428003,156.311141392311,535.2694763887,-1.0
48.92,0.0,1.0000000002165,0.10292303298816,1.5061686457780001,-0.8996284925358002,156.958512661829,535.23670104343,-1.0
48.96,0.0,1.0000000002165,0.10114964554799999,1.5684523858030002,-0.9134424596516002,157.557221202552,535.02184044666,-1.0
49.0,0.0,1.0000000002165,0.10212191828664,1.6328441908750002,-0.8705335883450003,158.271150526938,535.12016648247,-1.0
49.04,0.0,1.0000000002165,0.10234537461287999,1.6952237520385,-0.8183950310451,158.859184662635,534.83975519516,-1.0
49.08,0.0,1.0000000002165,0.10207199719247999,1.7566451018170002,-0.7834322470175001,159.470765280007,534.5775524329999,-1.0
49.12,0.0,1.0000000002165,0.10628676385656,1.8202703377810001,-0.7797036983712005,160.07826450722197,534.4646595770699,-1.0
49.16,0.0,1.0000000002165,0.10476535908215999,1.8821707932520002,-0.7836767420107003,160.679170719568,534.32627478593,-1.0
49.2,0.0,1.0000000002165,0.10124711054135999,1.9458918503545002,-0.7921118192761001,161.258728121862,534.16603976461,-1.0
49.24,0.0,1.0000000002165,0.10371463890983999,2.0081755903795,-0.8023806089905001,161.790878607717,533.93661234772,-1.0
49.28,0.0,1.0000000002165,0.10742781743735999,2.072854858867,-0.8147887298954002,162.340296513467,533.7763773263999,-1.0
49.32,0.0,1.0000000002165,0.11736924676008,2.1368633793850003,-0.8254853858479003,162.97040036309,533.9803128080799,-1.0
49.36,0.0,1.0000000002165,0.12132489917351999,2.198955477133,-0.8432723966032003,163.50537642674598,533.8892701823299,-1.0
49.4,0.0,1.0000000002165,0.12054755642159999,2.263155639928,-0.8580032199435004,163.98635255909397,533.68897640568,-1.0
49.44,0.0,1.0000000002165,0.12176230304616,2.325439379953,-0.8459618415284003,164.45006127154699,533.5505916145399,-1.0
49.48,0.0,1.0000000002165,0.12870371232935998,2.3885855102245004,-0.8023806089905001,164.89273512703699,533.30659737753,-1.0
49.52,0.0,1.0000000002165,0.12966647628816,2.4520191039115002,-0.7905837255686001,165.31437412556397,533.18277940651,-1.0
49.56,0.0,1.0000000002165,0.12963319555872,2.5139195593825003,-0.7876497856502,165.67918761498197,532.94971028459,-1.0
49.6,0.0,1.0000000002165,0.14029966934423999,2.5777364376235004,-0.7885055181264002,166.020140669636,532.76034162303,-1.0
49.64,0.0,1.0000000002165,0.14076084516648,2.6396368930945,-0.7885666418747004,166.312117042406,532.5381976162,-1.0
49.68,0.0,1.0000000002165,0.14495183988096,2.7027830233660004,-0.7891167556094003,166.59844225957397,532.3888877099699,-1.0
49.72,0.0,1.0000000002165,0.14292884697,2.7662166170530003,-0.7852048357182002,166.88853491381,532.42530476027,-1.0
49.76,0.0,1.0000000002165,0.14860796572944,2.8280212513855,-0.7853270832148,167.06843003380698,532.1521768830199,-1.0
49.8,0.0,1.0000000002165,0.14881953608088,2.8919339507650004,-0.7878942806434002,167.22006937579397,531.94459969631,-1.0
49.84,0.0,1.0000000002165,0.14729337691656,2.953834406236,-0.7935176654870002,167.31551111484998,531.66783011403,-1.0
49.88,0.0,1.0000000002165,0.14551761228144,3.016884715369,-0.7895446218475004,167.424138883644,531.5440121430099,-1.0
49.92,0.0,1.0000000002165,0.14995108088183998,3.080318309056,-0.7915005817931005,167.48253415819798,531.4529695172599,-1.0
49.96,0.0,1.0000000002165,0.14817531624671998,3.1421229433885003,-0.7968794716435004,167.43669700720397,531.04874025893,-1.0
50.0,0.0,1.0000000002165,0.14540826131328,3.2061314639065004,-0.8016471240109002,167.34879014228397,530.69549487102,-1.0
50.04,0.0,1.0000000002165,0.14785439492712,3.2680319193775,-0.8038475789497004,167.29667392950998,530.56439348994,-1.0
50.08,0.0,1.0000000002165,0.14831319355439998,3.3295490902945004,-0.8060480338885001,167.21190659547997,530.44057551892,-1.0
50.12,0.0,1.0000000002165,0.14604534956256,3.393270147397,-0.7949846354462005,167.07910443883299,530.28762390766,-1.0
50.16,0.0,1.0000000002165,0.14427433931736,3.4553622451450003,-0.7878331568951,166.89293025705598,530.08004672095,-1.0
50.2,0.0,1.0000000002165,0.14522997169128,3.5191791233860004,-0.7717576110922004,166.746628117582,530.18565616682,-1.0
50.24,0.0,1.0000000002165,0.14147638084943998,3.581271221134,-0.7661342262486004,166.58525622983598,530.28398220263,-1.0
50.28,0.0,1.0000000002165,0.13846922922503999,3.6457588473445,-0.7624056776023003,166.37051231695997,530.3531745982,-1.0
50.32,0.0,1.0000000002165,0.12605313994896,3.7095757255855,-0.7522591353845001,166.049338306913,530.18201446179,-1.0
50.36,0.0,1.0000000002165,0.12899135291952,3.7711887176410004,-0.7539706003369004,165.73632707718,530.1455974114899,-1.0
50.4,0.0,1.0000000002165,0.12747470253503998,3.8351014170205002,-0.7565377977655001,165.31876946881,529.9161699946,-1.0
50.44,0.0,1.0000000002165,0.1262052804264,3.8977684415995,-0.7536038578471,164.87201422316298,529.63940041232,-1.0
50.48,0.0,1.0000000002165,0.11875277422679999,3.9598605393475004,-0.7883832706298004,164.49338679782898,529.77414349843,-1.0
50.52,0.0,1.0000000002165,0.12144375892151998,4.023389954173,-0.8053756726572003,163.98164326275898,529.50829903124,-1.0
50.56,0.0,1.0000000002165,0.12067354775447998,4.0850029462285,-0.7924174380176003,163.48151599198198,529.32257207471,-1.0
50.6,0.0,1.0000000002165,0.11396748077232,4.147957434223001,-0.7814151633236004,163.00148171890098,529.31164695962,-1.0
50.64,0.0,1.0000000002165,0.11122182059352,4.210528637663501,-0.7615499451261001,162.50983118152698,529.27887161435,-1.0
50.68,0.0,1.0000000002165,0.10600387765632,4.2728123776885,-0.7304379572414001,161.910808687715,528.96204327674,-1.0
50.72,0.0,1.0000000002165,0.1017796022124,4.336725077068,-0.7043992404656003,161.341611737358,528.76539120512,-1.0
50.76,0.0,1.0000000002165,0.12324091831127999,4.3992962805085005,-0.6937025845131002,160.745100868258,528.5760225435599,-1.0
50.8,0.0,1.0000000002165,0.14148113523935998,4.463017337611,-0.6935192132682002,160.115310971724,528.3393117166099,-1.0
50.84,0.0,1.0000000002165,0.13922517722232,4.5255885410515,-0.6871012196967001,159.51095127539898,528.19728522044,-1.0
50.88,0.0,1.0000000002165,0.13918951929791998,4.588159744492001,-0.7027488992615001,158.83155679080298,527.90230711301,-1.0
50.92,0.0,1.0000000002165,0.13816970266008,4.6515933381790004,-0.7598384801737001,158.17319716317,527.67652140115,-1.0
50.96,0.0,1.0000000002165,0.13665542947055997,4.7128230456805005,-0.7880776518883001,157.619069961085,527.83311471744,-1.0
51.0,0.0,1.0000000002165,0.13489630520016,4.775394249121001,-0.7795203271263,157.068396242979,527.9205156381599,-1.0
51.04,0.0,1.0000000002165,0.13264272437808,4.836911420038001,-0.7592272426907001,156.52180391502998,527.99334973876,-1.0
51.08,0.0,1.0000000002165,0.13211736429191998,4.897182916154501,-0.7150347726698003,155.918072124883,527.87317347277,-1.0
51.12,0.0,1.0000000002165,0.13257854011415998,4.960712330980001,-0.6584953054923002,155.23616601557498,527.3924684088099,-1.0
51.16,0.0,1.0000000002165,0.13673387690424,5.022516965312501,-0.6338013111791003,154.586283121345,527.07199836617,-1.0
51.2,0.0,1.0000000002165,0.09729145812791999,5.086046380138001,-0.6534220343834001,153.882086342718,526.55123454688,-1.0
51.24,0.0,1.0000000002165,0.10169877758375999,5.148138477886,-0.6832504235538002,153.266424335189,526.33637395011,-1.0
51.28,0.0,1.0000000002165,0.10561401768288,5.2112846081575,-0.7407067469558002,152.78105285959498,526.4929672664,-1.0
51.32,0.0,1.0000000002165,0.11050866210551999,5.274047453875,-0.7799481933644001,152.401797528083,526.83892924425,-1.0
51.36,0.0,1.0000000002165,0.11441914781471998,5.3347022345455,-0.7799481933644001,152.01061197918898,527.13754905671,-1.0
51.4,0.0,1.0000000002165,0.12300082162031999,5.397656722540001,-0.7767697584528004,151.512682380035,526.92633016497,-1.0
51.44,0.0,1.0000000002165,0.12395407679927999,5.4596529991495,-0.7736524472895003,150.90706687135398,526.32180712999,-1.0
51.48,0.0,1.0000000002165,0.13277584729584,5.5216492757590006,-0.7671733299697001,150.41541633397998,526.03047072759,-1.0
51.52,0.0,1.0000000002165,0.1258605871572,5.585466154000001,-0.7658897312554003,149.89425420624,525.52063202339,-1.0
51.56,0.0,1.0000000002165,0.12755077277375998,5.647079146055501,-0.7633836575751003,149.482347753472,525.3276216567999,-1.0
51.6,0.0,1.0000000002165,0.12653571052583998,5.710512739742501,-0.7468191217858005,149.11879007641,525.12004447009,-1.0
51.64,0.0,1.0000000002165,0.13411896244823998,5.7731797643215,-0.7150347726698003,148.79008119222698,524.9306758085299,-1.0
51.68,0.0,1.0000000002165,0.1377703339068,5.835367683208,-0.6982868656356,148.47769786867198,524.6721147513999,-1.0
51.72,0.0,1.0000000002165,0.13626319230216,5.8994720248645,-0.7014041767989001,148.15966338951498,524.29337742828,-1.0
51.76,0.0,1.0000000002165,0.13770139525296,5.961276659197001,-0.7058050866765004,147.926082291299,524.09308365163,-1.0
51.8,0.0,1.0000000002165,0.14159524059744,6.0248060740225,-0.7088612740915003,147.733629047742,523.8818647598899,-1.0
51.84,0.0,1.0000000002165,0.14008809899279998,6.087377277463,-0.7130176889759001,147.641640792665,523.91828181019,-1.0
51.88,0.0,1.0000000002165,0.13907303674488,6.149661017488,-0.7169296088671002,147.50915258910698,523.63058711282,-1.0
51.92,0.0,1.0000000002165,0.14394390921792,6.213669538006,-0.7138734214521003,147.44542011203998,523.48491891162,-1.0
51.96,0.0,1.0000000002165,0.14243676761327997,6.2753783512000005,-0.7018320430370002,147.499733996437,523.57596153737,-1.0
52.0,0.0,1.0000000002165,0.1409320032036,0.055819893442,-0.6840450322817002,147.56001298952498,523.55775301222,-1.0
52.04,0.0,1.0000000002165,0.14187812679768,0.118486918021,-0.6295837725464004,147.623745466592,523.3975179908999,-1.0
52.08,0.0,1.0000000002165,0.14478305903879998,0.17923751983,-0.6067234906822003,147.70600117591,523.16080716395,-1.0
52.12,0.0,1.0000000002165,0.14352076851503998,0.243437682625,-0.6086794506278004,147.81494289779297,522.9568716822699,-1.0
52.16,0.0,1.0000000002165,0.14201838130032,0.30524231695750004,-0.6089850693693002,147.94491947663897,522.68374380502,-1.0
52.2,0.0,1.0000000002165,0.14492093634647998,0.36886755292150003,-0.6156475579340004,148.18164010574498,522.6291182295699,-1.0
52.24,0.0,1.0000000002165,0.14194706545152,0.431630398639,-0.6011612295869004,148.43029095223298,522.50165855352,-1.0
52.28,0.0,1.0000000002165,0.14117923147943998,0.49563891915700004,-0.566748559294,148.802953268876,522.66553527987,-1.0
52.32,0.0,1.0000000002165,0.13869743994119998,0.5594557973980001,-0.5540959433959003,149.04846458447398,522.33049841711,-1.0
52.36,0.0,1.0000000002165,0.13426159414584,0.6215478951460001,-0.6113077718047002,149.437766414834,522.38876569759,-1.0
52.4,0.0,1.0000000002165,0.13300643520695998,0.6851731311100001,-0.6671748777509001,149.79692874864998,522.21032215112,-1.0
52.44,0.0,1.0000000002165,0.12955237093007999,0.7481276191045001,-0.6827003098191002,150.21260263848598,522.1010710002199,-1.0
52.48,0.0,1.0000000002165,0.12683285989583998,0.8111779282375001,-0.7001205780846003,150.67568344476098,522.01002837447,-1.0
52.52,0.0,1.0000000002165,0.12582492923279998,0.8754739121710001,-0.7013430530506004,151.18617116747498,522.03916201471,-1.0
52.56,0.0,1.0000000002165,0.12237324215088,0.9375660099190001,-0.6996315880982,151.69665889018898,521.92626915878,-1.0
52.6,0.0,1.0000000002165,0.11526305202552,1.0012870670215002,-0.6823335673293003,152.173239679291,521.64585787147,-1.0
52.64,0.0,1.0000000002165,0.10864256406192,1.063666628185,-0.6183981266075,152.74055291111398,521.52203990045,-1.0
52.68,0.0,1.0000000002165,0.10495553467895999,1.1262378316255002,-0.6097796780972002,153.31477311089498,521.42735556967,-1.0
52.72,0.0,1.0000000002165,0.10029385536239999,1.1902463521435,-0.5317246515181004,154.03215591926,521.76239243243,-1.0
52.76,0.0,1.0000000002165,0.11100311865719999,1.2522426287530002,-0.5126540420485002,154.680783001134,521.7951677776999,-1.0
52.8,0.0,1.0000000002165,0.11097459231767999,1.3159636858555002,-0.5083753796675001,155.267247371386,521.6494995764999,-1.0
52.84,0.0,1.0000000002165,0.10850944114415999,1.3790139949885,-0.5294019490827004,155.926234905197,521.6932000368599,-1.0
52.88,0.0,1.0000000002165,0.1089706169664,1.4414893772905002,-0.6042785407502,156.461524921942,521.37637169925,-1.0
52.92,0.0,1.0000000002165,0.10285171713935999,1.505018792116,-0.6556224893222002,156.94972197533698,520.84468276487,-1.0
52.96,0.0,1.0000000002165,0.10209576914207999,1.5670150687255002,-0.6647910515672004,157.528023565275,520.52421272223,-1.0
53.0,0.0,1.0000000002165,0.1028017960452,1.6295862721660002,-0.6267109563763,158.10695306139098,520.2729350751599,-1.0
53.04,0.0,1.0000000002165,0.10472494676783999,1.6934989715455002,-0.5547071808789004,158.94489385593198,520.76456525421,-1.0
53.08,0.0,1.0000000002165,0.10518612259007999,1.7540579310775002,-0.5155268582186001,159.56840469068598,520.5642714775599,-1.0
53.12,0.0,1.0000000002165,0.10832639713223999,1.818545557288,-0.5078863896811003,160.316240948684,520.85560787996,-1.0
53.16,0.0,1.0000000002165,0.09953790736512,1.8812125818670002,-0.5160769719533,160.90835647453798,520.67352262846,-1.0
53.2,0.0,1.0000000002165,0.1014586808928,1.9438796064460002,-0.5242064304772001,161.430774414634,520.35669429085,-1.0
53.24,0.0,1.0000000002165,0.10727329976495999,2.0081755903795,-0.5331304977290001,162.002169036614,520.2037426795899,-1.0
53.28,0.0,1.0000000002165,0.10992149495039999,2.0718008263435004,-0.5491449197836,162.57167994006,520.16368392426,-1.0
53.32,0.0,1.0000000002165,0.11767590490991998,2.1359051680000003,-0.5703548604437003,163.141190843506,520.13819198905,-1.0
53.36,0.0,1.0000000002165,0.11959192404767999,2.198188908025,-0.5839854563146001,163.571934481614,519.71211250054,-1.0
53.4,0.0,1.0000000002165,0.12126309210455999,2.2605684691885,-0.5990830221447001,164.014922290193,519.42441780317,-1.0
53.44,0.0,1.0000000002165,0.12220683850367998,2.3243853474295,-0.5884474899405001,164.44817755301298,519.11487287562,-1.0
53.48,0.0,1.0000000002165,0.13262132962343998,2.3860941606235,-0.5479835685659,164.89273512703699,518.93642932915,-1.0
53.52,0.0,1.0000000002165,0.13016093283983998,2.4501026811415003,-0.5382648925862004,165.309036923051,518.75070237262,-1.0
53.56,0.0,1.0000000002165,0.13037250319128,2.5123864211665,-0.5298909390691002,165.70995501770398,518.6815099770499,-1.0
53.6,0.0,1.0000000002165,0.13300881240192,2.574574340053,-0.5301965578106,165.97398956555298,518.23722196339,-1.0
53.64,0.0,1.0000000002165,0.14511111194328,2.638391218294,-0.5304410528038002,166.22169855277397,517.85484293524,-1.0
53.68,0.0,1.0000000002165,0.14556040179072,2.700100031488,-0.5272014941439003,166.535651641774,517.83663441009,-1.0
53.72,0.0,1.0000000002165,0.14431237443672,2.7638210885905004,-0.5274459891371004,166.76295367820998,517.60356528817,-1.0
53.76,0.0,1.0000000002165,0.14936866811663999,2.826200649754,-0.5326415077426003,166.937511595694,517.3486459360699,-1.0
53.8,0.0,1.0000000002165,0.14933301019224,2.8883885686405004,-0.5262235141711002,167.094802093283,517.13742704433,-1.0
53.84,0.0,1.0000000002165,0.14784250895231998,2.9522054468815,-0.5335583639671002,167.15979038270598,516.73683949103,-1.0
53.88,0.0,1.0000000002165,0.14611191102144,3.0139142600755,-0.5331304977290001,167.18176709893598,516.37266898803,-1.0
53.92,0.0,1.0000000002165,0.15043602865368,3.0778269594550003,-0.5335583639671002,167.23042982773097,516.17237521138,-1.0
53.96,0.0,1.0000000002165,0.14894552741376,3.1402065206185004,-0.5334361164705004,167.275639072547,516.1505249812,-1.0
54.0,0.0,1.0000000002165,0.14576246336232,3.2024902606435,-0.5335583639671002,167.2684181515,515.99393166491,-1.0
54.04,0.0,1.0000000002165,0.14814916710216,3.2663071388845,-0.5364311801372001,167.28160418123798,516.08133258563,-1.0
54.08,0.0,1.0000000002165,0.14883855364055998,3.3264828138625004,-0.5323358890011001,167.26779024532198,516.1978671465899,-1.0
54.12,0.0,1.0000000002165,0.1466253851328,3.3902996921035,-0.5285462166065003,167.15099969621397,516.07040747054,-1.0
54.16,0.0,1.0000000002165,0.14465469051096,3.452679253267,-0.5236563167425001,166.939081361139,515.83005493856,-1.0
54.2,0.0,1.0000000002165,0.14558655093528,3.5151546355690004,-0.5075807709396001,166.63894220805497,515.36755839975,-1.0
54.24,0.0,1.0000000002165,0.14555089301087998,3.5792589772255003,-0.5026908710756004,166.39625647025798,515.2619489538799,-1.0
54.28,0.0,1.0000000002165,0.1406823977328,3.6427883920510005,-0.4997569311572003,166.147291670681,515.2073233784299,-1.0
54.32,0.0,1.0000000002165,0.13170610956384,3.706605270292,-0.4893047701979003,165.93505938251698,515.39305033496,-1.0
54.36,0.0,1.0000000002165,0.13240025049215998,3.7692722948710005,-0.4888769039598002,165.599757483465,515.30200770921,-1.0
54.4,0.0,1.0000000002165,0.13019421356928,3.8317476771730004,-0.4900382551775002,165.190362655409,515.0361632420199,-1.0
54.44,0.0,1.0000000002165,0.12895331780015998,3.8957561976910005,-0.49566164002110025,164.74046787887198,514.79581071004,-1.0
54.48,0.0,1.0000000002165,0.1260269908044,3.9582315799930003,-0.5287295878514002,164.26011965270197,514.5627415881199,-1.0
54.52,0.0,1.0000000002165,0.12454837553927998,4.021856815957,-0.5475557023278004,163.82058532810197,514.55909988309,-1.0
54.56,0.0,1.0000000002165,0.12330985696512,4.0850029462285,-0.5336806114637,163.27367904706398,514.20949620021,-1.0
54.6,0.0,1.0000000002165,0.11459506024175999,4.147382507392,-0.5187664168785004,162.831947050841,514.28597200584,-1.0
54.64,0.0,1.0000000002165,0.11046824979119998,4.2112952067715,-0.49663961999390027,162.355680214828,514.35516440141,-1.0
54.68,0.0,1.0000000002165,0.10634143934063998,4.2733873045195,-0.4679725820412002,161.87156455158998,514.35152269638,-1.0
54.72,0.0,1.0000000002165,0.10221700608503999,4.336533434791,-0.44297296898650007,161.37803029568198,514.44620702716,-1.0
54.76,0.0,1.0000000002165,0.10098799629071999,4.3991046382315,-0.42873113563260024,160.846821669094,514.4498487321899,-1.0
54.8,0.0,1.0000000002165,0.14265071515967997,4.4608134514255005,-0.4229243795441002,160.266950313711,514.35152269638,-1.0
54.84,0.0,1.0000000002165,0.14189238996744,4.524151223974,-0.4119221048501003,159.709055674558,514.39522315674,-1.0
54.88,0.0,1.0000000002165,0.13921091405255998,4.585476752614,-0.4296479918571001,159.126358741374,514.39522315674,-1.0
54.92,0.0,1.0000000002165,0.13748982490151998,4.648431240608501,-0.48545397405500035,158.451987506202,514.18036255997,-1.0
54.96,0.0,1.0000000002165,0.13529091956352,4.7109066229105006,-0.5134486507764002,157.83255806160497,514.0565445889499,-1.0
55.0,0.0,1.0000000002165,0.13381468149335998,4.7724237938275005,-0.5055025634974002,157.282826202766,514.17672085494,-1.0
55.04,0.0,1.0000000002165,0.13161577615536,4.836719777761,-0.49199421512310026,156.606885202149,513.87081763242,-1.0
55.08,0.0,1.0000000002165,0.13134477592992,4.896703810462,-0.4603932372520001,155.968932525301,513.59768975517,-1.0
55.12,0.0,1.0000000002165,0.13203416246831998,4.959945761872,-0.40660433874800006,155.311200803846,513.25901118738,-1.0
55.16,0.0,1.0000000002165,0.13584956037912,5.0228044287280005,-0.3809934882103003,154.662573721972,512.88755727432,-1.0
55.2,0.0,1.0000000002165,0.09855850304159999,5.0838424939525,-0.3934016091152004,154.07359772700798,512.7637393033,-1.0
55.24,0.0,1.0000000002165,0.10045550461967999,5.147946835609,-0.42530820572780037,153.46861012450498,512.5816540518,-1.0
55.28,0.0,1.0000000002165,0.10595871095208,5.2114762504345,-0.4911996063952002,152.86079694420098,512.27939253431,-1.0
55.32,0.0,1.0000000002165,0.10977648605783999,5.275197307537001,-0.5294630728310001,152.28594883824198,512.06453193754,-1.0
55.36,0.0,1.0000000002165,0.11767590490991998,5.3387267223625,-0.5385705113277002,151.79963550338098,512.00626465706,-1.0
55.4,0.0,1.0000000002165,0.12364979584439999,5.4004355355565,-0.5336194877154004,151.308926825274,511.88608839106996,-1.0
55.44,0.0,1.0000000002165,0.12433918238279999,5.4646356983515005,-0.5234118217493005,150.837369285596,511.72585336975,-1.0
55.48,0.0,1.0000000002165,0.13318947921888,5.5261528692685005,-0.5136320220213002,150.506148776701,511.94435567154994,-1.0
55.52,0.0,1.0000000002165,0.13051751208384,5.589394820678501,-0.5105147108580002,150.058137718698,511.65666097418,-1.0
55.56,0.0,1.0000000002165,0.12952859898048,5.652253487534501,-0.5048913260144001,149.71059164917497,511.62752733393995,-1.0
55.6,0.0,1.0000000002165,0.13429249768031998,5.7133873738975005,-0.4776912580209003,149.414533886248,511.71128654962996,-1.0
55.64,0.0,1.0000000002165,0.14025450264,5.777491715554,-0.4408947615443002,149.08927848604398,511.48550083776996,-1.0
55.68,0.0,1.0000000002165,0.13974102852863998,5.838817244194001,-0.42946462061220014,148.799499784897,511.3434743416,-1.0
55.72,0.0,1.0000000002165,0.13826954484839998,5.9021550167425,-0.42640843319720023,148.495593194745,511.01207918386996,-1.0
55.76,0.0,1.0000000002165,0.14111267002056,5.9652053258755,-0.43661609916330013,148.20864007139897,510.59328310541997,-1.0
55.8,0.0,1.0000000002165,0.14251521504696,6.0265308545155,-0.43967228657830004,148.019012405643,510.46582342936995,-1.0
55.84,0.0,1.0000000002165,0.14104373136672,6.090826838449001,-0.4397334103266002,147.966268286691,510.60420822051,-1.0
55.88,0.0,1.0000000002165,0.13957462488143998,6.152344009366001,-0.44731275511580026,147.82404753737399,510.31651352314,-1.0
55.92,0.0,1.0000000002165,0.14432663760647998,6.215873424191501,-0.44835185883690043,147.797675477898,510.2873798829,-1.0
55.96,0.0,1.0000000002165,0.1430952506172,6.2791153756015,-0.43918329659190025,147.74116392187798,509.99604348049996,-1.0
56.0,0.0,1.0000000002165,0.14162614413191998,0.057353031658,-0.4240246070135001,147.77632666784598,509.94505961007997,-1.0
56.04,0.0,1.0000000002165,0.14470223441015997,0.121936479007,-0.3718860497136003,147.91289626156097,509.98147666038,-1.0
56.08,0.0,1.0000000002165,0.14562458605464,0.182112153985,-0.3462751991759001,148.025919373601,509.90864255978,-1.0
56.12,0.0,1.0000000002165,0.14439319906536,0.2458332110875,-0.3520819552644001,148.17159360689698,509.79574970385,-1.0
56.16,0.0,1.0000000002165,0.14268637308408,0.3094584470515,-0.3531210589855003,148.375349161658,509.75569094851994,-1.0
56.2,0.0,1.0000000002165,0.14743125422424,0.371071439107,-0.3610060225162002,148.58098843495299,509.62823127247,-1.0
56.24,0.0,1.0000000002165,0.14668006061688,0.435846528733,-0.3406518143323001,148.81174395536797,509.40608726564,-1.0
56.28,0.0,1.0000000002165,0.14449541844864,0.49918430128150004,-0.31186252888300015,149.054743646254,509.1584513236,-1.0
56.32,0.0,1.0000000002165,0.14278859246735998,0.5630970006610001,-0.2969483342978001,149.316266569391,508.87075662623,-1.0
56.36,0.0,1.0000000002165,0.1360706395104,0.6266264154865001,-0.3522653265093001,149.672603325406,508.84526469101996,-1.0
56.4,0.0,1.0000000002165,0.13603735878096,0.688431049819,-0.41369469355080035,150.09800976100098,508.88532344634996,-1.0
56.44,0.0,1.0000000002165,0.13648189423847998,0.7534936028605,-0.42714191817680014,150.54036966340198,508.82705616587,-1.0
56.48,0.0,1.0000000002165,0.13024888905336,0.8151065949160001,-0.4473738788641004,150.93971799260999,508.55028658359,-1.0
56.52,0.0,1.0000000002165,0.12496913904719999,0.8790192942955001,-0.4504300662791003,151.372659302341,508.25895018118996,-1.0
56.56,0.0,1.0000000002165,0.12088749530087999,0.9424528879825002,-0.4478628688505002,151.85175171615498,508.12056539005,-1.0
56.6,0.0,1.0000000002165,0.11346826983071999,1.0039700588995002,-0.4302592293401002,152.296937196357,507.70176931159995,-1.0
56.64,0.0,1.0000000002165,0.10915128378335999,1.069032611941,-0.36192287874070006,152.89752945561398,507.67263567135996,-1.0
56.68,0.0,1.0000000002165,0.10531449111791999,1.1304539617195002,-0.3522042027610004,153.43627295633797,507.47962530476997,-1.0
56.72,0.0,1.0000000002165,0.10076216276951999,1.193791734268,-0.28313436718200036,154.02838848219199,507.33395710356996,-1.0
56.76,0.0,1.0000000002165,0.11097934670759999,1.2569378645395002,-0.2672421926240003,154.62427144511398,507.26840641303,-1.0
56.8,0.0,1.0000000002165,0.10928678389607999,1.3179759297640001,-0.2723765874812001,155.171177726152,506.94793637039,-1.0
56.84,0.0,1.0000000002165,0.10878281856455999,1.3822719136975001,-0.28894112327050037,155.776165328655,506.84232692451997,-1.0
56.88,0.0,1.0000000002165,0.10899676611095999,1.443884905753,-0.3559938751556002,156.386176180582,506.76585111888994,-1.0
56.92,0.0,1.0000000002165,0.10183190050152,1.5076059628555,-0.39829150897920007,157.009373062247,506.66024167302,-1.0
56.96,0.0,1.0000000002165,0.10133268955991999,1.5710395565425002,-0.40978277365960025,157.61436066475,506.45630619134,-1.0
57.0,0.0,1.0000000002165,0.10225979559432,1.632460906321,-0.38081011696540035,158.190150629976,506.11398591852,-1.0
57.04,0.0,1.0000000002165,0.10247374314072,1.6963736057005,-0.3163856862572003,158.858242803368,506.06664375313,-1.0
57.08,0.0,1.0000000002165,0.10530022794815999,1.7566451018170002,-0.2751271561547002,159.50749779141998,505.97195942235,-1.0
57.12,0.0,1.0000000002165,0.10622733398255998,1.819120484119,-0.2693815238145003,160.10526447287597,505.75709882558,-1.0
57.16,0.0,1.0000000002165,0.10477486786199999,1.8819791509750001,-0.28331773842690033,160.64275216124398,505.44755389803,-1.0
57.2,0.0,1.0000000002165,0.10190083915536,1.9435921430305,-0.28839100953580044,161.25087929463697,505.3710780924,-1.0
57.24,0.0,1.0000000002165,0.10425188497079999,2.0066424521635002,-0.29774294302570015,161.748808893791,505.01783270449,-1.0
57.28,0.0,1.0000000002165,0.10802449337232,2.069596940158,-0.3212144623729003,162.199645529595,504.54076934555997,-1.0
57.32,0.0,1.0000000002165,0.11227254076583999,2.1318806801830004,-0.34083518557720005,162.68784258299,504.29677510855,-1.0
57.36,0.0,1.0000000002165,0.12054993361656,2.1946435259005,-0.3520819552644001,163.192993103191,504.11468985705,-1.0
57.4,0.0,1.0000000002165,0.12502856892119998,2.2560648756790003,-0.36919660478840033,163.65387623784298,503.85612879992,-1.0
57.44,0.0,1.0000000002165,0.12594854337071998,2.3194026482275003,-0.35330443023040026,164.14081747888198,503.75051935404997,-1.0
57.48,0.0,1.0000000002165,0.13303258435152,2.3818780305295,-0.3012881204271003,164.796979434892,504.20209077776997,-1.0
57.52,0.0,1.0000000002165,0.13442324340311998,2.444640876247,-0.2893078657603003,165.266653256036,504.21301589285997,-1.0
57.56,0.0,1.0000000002165,0.13083605620848,2.5080744699340003,-0.28839100953580044,165.69237364472,504.15474861238,-1.0
57.6,0.0,1.0000000002165,0.13317521604912,2.5698791042665,-0.28894112327050037,165.96488492597197,503.75416105908,-1.0
57.64,0.0,1.0000000002165,0.14167368803112,2.6336001613690003,-0.28386785216160026,166.254977580208,503.55022557739994,-1.0
57.68,0.0,1.0000000002165,0.14590271786495998,2.6959797225325004,-0.28240088220240045,166.544128375177,503.38270714602,-1.0
57.72,0.0,1.0000000002165,0.14468321685048,2.7589342105270003,-0.28435684214800006,166.802197814335,503.31715645547996,-1.0
57.76,0.0,1.0000000002165,0.14914758898535999,2.8224636253525004,-0.28240088220240045,167.06748817454,503.32079816051,-1.0
57.8,0.0,1.0000000002165,0.149822712354,2.8842682596850002,-0.2833788621752005,167.238592608045,503.17148825428,-1.0
57.84,0.0,1.0000000002165,0.14836786903847998,2.9480851379260002,-0.2869851633249003,167.33497620636797,502.88379355690995,-1.0
57.88,0.0,1.0000000002165,0.14620224442992,3.010560520228,-0.2842345946514002,167.43983653809397,502.75269217582996,-1.0
57.92,0.0,1.0000000002165,0.15042651987383998,3.0733233659455004,-0.28637392584190025,167.48567368908797,502.6033822696,-1.0
57.96,0.0,1.0000000002165,0.14920701885936,3.1367569596325002,-0.28851325703240027,167.55034802542198,502.54511498911995,-1.0
58.0,0.0,1.0000000002165,0.14586230555063998,3.1984657728265002,-0.29150832069910004,167.56981311694,502.54147328409,-1.0
58.04,0.0,1.0000000002165,0.14653742891927998,3.2620910087905,-0.2929752906583003,167.535592230239,502.45407236336996,-1.0
58.08,0.0,1.0000000002165,0.14910242228112,3.322937431738,-0.29798743801890026,167.44705745914098,502.30112075210997,-1.0
58.12,0.0,1.0000000002165,0.14717689436352,3.385604456317,-0.2908970832161004,167.276894884903,502.0571265151,-1.0
58.16,0.0,1.0000000002165,0.14430762004679998,3.4489422288655,-0.2819118922160002,167.102964873597,501.88596637869,-1.0
58.2,0.0,1.0000000002165,0.14309287342223997,3.5104593997825004,-0.2635747677260003,166.908941864595,501.83134080324,-1.0
58.24,0.0,1.0000000002165,0.13999063399943998,3.573988814608,-0.2570345266579004,166.63894220805497,501.5837048612,-1.0
58.28,0.0,1.0000000002165,0.13948666866791998,3.6377098717105003,-0.25257249303200036,166.39311693936799,501.54000440083996,-1.0
58.32,0.0,1.0000000002165,0.1387449838404,3.700664359705,-0.25403946299120017,166.005070921364,501.16490878275,-1.0
58.36,0.0,1.0000000002165,0.12974730091679998,3.7638104899765,-0.2427926933040001,165.69645503487698,501.12120832239,-1.0
58.4,0.0,1.0000000002165,0.12853730868215998,3.8253276608935,-0.24346505453530032,165.33760665415,501.05929933688,-1.0
58.44,0.0,1.0000000002165,0.12732731644752,3.8887612545805004,-0.24315943579380006,164.94610715216697,500.96097330107,-1.0
58.48,0.0,1.0000000002165,0.12305549710439999,3.9507575311900003,-0.2744547949234004,164.45257289625897,500.71697906405996,-1.0
58.52,0.0,1.0000000002165,0.12514742866919998,4.013807840323,-0.2982930567604001,163.919794504226,500.3819422013,-1.0
58.56,0.0,1.0000000002165,0.12158401342415999,4.0769539705945,-0.2822175109575005,163.35310917858098,499.96678782788,-1.0
58.6,0.0,1.0000000002165,0.11566479797375999,4.139237710619501,-0.27384355744040034,162.750947153879,499.56255856955,-1.0
58.64,0.0,1.0000000002165,0.11092704841847999,4.202958767722,-0.25905161035180013,162.258668710327,499.53342492930994,-1.0
58.68,0.0,1.0000000002165,0.10666236066023999,4.2651466866085,-0.22378320758270043,161.826669259863,499.79562769147,-1.0
58.72,0.0,1.0000000002165,0.10263539239799999,4.3287719225725,-0.1981112332967001,161.29671644563098,499.69730165566,-1.0
58.76,0.0,1.0000000002165,0.1014349089432,4.3914389471515,-0.1781237676026004,160.846821669094,499.95222100776,-1.0
58.8,0.0,1.0000000002165,0.14211822348863998,4.453243581484,-0.17665679764340014,160.35265950700798,500.14523137435,-1.0
58.84,0.0,1.0000000002165,0.14137891585607998,4.5167729963095,-0.16596014169090045,159.818939255708,500.21442376991996,-1.0
58.88,0.0,1.0000000002165,0.13711185090288,4.57934419975,-0.18973727977960042,159.08146344964698,499.75556893614,-1.0
58.92,0.0,1.0000000002165,0.13684560506736,4.643161077991,-0.25538418545380015,158.31322024086398,499.18382124642994,-1.0
58.96,0.0,1.0000000002165,0.13540264772663999,4.706977956232,-0.28796314329770034,157.52896542454198,498.54652286618,-1.0
59.0,0.0,1.0000000002165,0.13325604067775998,4.7701240865035,-0.2862516783453004,156.84203606581,498.19327747827,-1.0
59.04,0.0,1.0000000002165,0.13228376793912,4.8336535013290005,-0.26443050020220005,156.29575769094998,498.31709544929,-1.0
59.08,0.0,1.0000000002165,0.13084318779336,4.894308281999501,-0.21534813031730016,155.860304756507,498.77595028306996,-1.0
59.12,0.0,1.0000000002165,0.13175127626807998,4.956783664301501,-0.1581974256568004,155.47634012865998,499.25665534703,-1.0
59.16,0.0,1.0000000002165,0.13453972595615998,5.018779940911,-0.12830791273810016,155.03649185097098,499.58805050475996,-1.0
59.2,0.0,1.0000000002165,0.12136055709791999,5.081063680936,-0.13912681618720013,154.40010893956799,499.25665534703,-1.0
59.24,0.0,1.0000000002165,0.10185329525615999,5.143539063238,-0.17592331266380024,153.76090045036398,498.94346871445,-1.0
59.28,0.0,1.0000000002165,0.10511480674127999,5.207835047171501,-0.25031091434490005,152.98229678964398,498.14593531287994,-1.0
59.32,0.0,1.0000000002165,0.11118853986407999,5.270789535166,-0.29059146447460016,152.367890594471,497.74898946460996,-1.0
59.36,0.0,1.0000000002165,0.11796354550008,5.3291446085125,-0.2948701268556002,151.84327498275198,497.64338001874,-1.0
59.4,0.0,1.0000000002165,0.12356421682583998,5.391715811953,-0.28918561826370004,151.397775549461,497.63609660867996,-1.0
59.44,0.0,1.0000000002165,0.12447230530055998,5.4544786576705,-0.2879020195494002,150.89890409103998,497.40302748676,-1.0
59.48,0.0,1.0000000002165,0.12561573607631998,5.517816430219001,-0.2853959458691002,150.426718645184,497.16267495477996,-1.0
59.52,0.0,1.0000000002165,0.12699213195815998,5.5803876336595,-0.2761051361275002,150.014498239327,497.00608163848995,-1.0
59.56,0.0,1.0000000002165,0.13000641516744,5.643342121654,-0.27255995872610006,149.659417295668,497.00972334351997,-1.0
59.6,0.0,1.0000000002165,0.13021085393399998,5.7061049673715,-0.2532448542633001,149.35268512771498,496.96966458818997,-1.0
59.64,0.0,1.0000000002165,0.14071567846223998,5.768676170812,-0.2200546589364003,149.056313411699,496.88590537249996,-1.0
59.68,0.0,1.0000000002165,0.14044943262672,5.8319181222220005,-0.20935800298390017,148.765906804374,496.73659546627,-1.0
59.72,0.0,1.0000000002165,0.13877826456984,5.894201862247001,-0.20220652443280018,148.584755872021,496.81307127189996,-1.0
59.76,0.0,1.0000000002165,0.13921329124752,5.9569647079645005,-0.20770766177980038,148.37440730239098,496.68925330087995,-1.0
59.8,0.0,1.0000000002165,0.14292409258008,6.0196317325435,-0.20929687923560047,148.20204705652998,496.55451021476995,-1.0
59.84,0.0,1.0000000002165,0.14172123193032,6.082107114845501,-0.2158982440520001,148.04475655894097,496.37242496326996,-1.0
59.88,0.0,1.0000000002165,0.14028540617448,6.145253245117001,-0.22311084635140022,147.95684969402097,496.27045722242997,-1.0
59.92,0.0,1.0000000002165,0.14188763557752,6.207728627419001,-0.22567804378000034,147.86234981423198,496.01553787033,-1.0
59.96,0.0,1.0000000002165,0.1437252072816,6.270587294275001,-0.21504251157580034,147.86046609569797,495.94634547476,-1.0
60.0,0.0,1.0000000002165,0.14228938152575998,0.050070625132,-0.2005561832287004,147.86894282910097,495.75697681319997,-1.0
60.04,0.0,1.0000000002165,0.14295737330952,0.112546007434,-0.14786751219410021,147.96218689653398,495.71691805787,-1.0
60.08,0.0,1.0000000002165,0.145959770544,0.1741589994895,-0.11614428682640021,148.0544891047,495.49841575606996,-1.0
60.12,0.0,1.0000000002165,0.14499225219527997,0.236538560653,-0.1260463340510003,148.091849522291,495.06869456252997,-1.0
60.16,0.0,1.0000000002165,0.14285753112119998,0.2993014063705,-0.12928589271090019,148.260128377995,494.9193846563,-1.0
60.2,0.0,1.0000000002165,0.14562458605464,0.362064252088,-0.13270882261570005,148.49653505401199,494.87568419594,-1.0
60.24,0.0,1.0000000002165,0.14652316574951998,0.4246354555285,-0.10948179826170046,148.79855792562998,494.93395147641996,-1.0
60.28,0.0,1.0000000002165,0.14485675208256,0.4896021874315,-0.07769744914570031,149.15834816562398,495.02135239714,-1.0
60.32,0.0,1.0000000002165,0.14435516394599998,0.5523650331490001,-0.06339449204350034,149.504324469702,495.05048603738,-1.0
60.36,0.0,1.0000000002165,0.13616335011383998,0.6153195211435001,-0.12366250786730015,149.82235894885898,494.8465505557,-1.0
60.4,0.0,1.0000000002165,0.13636303449047998,0.6778907245840001,-0.19163211597690033,150.08984698068699,494.37677060682995,-1.0
60.44,0.0,1.0000000002165,0.13679806116815998,0.7403661068860001,-0.20049505948040025,150.434881425498,494.04901715412996,-1.0
60.48,0.0,1.0000000002165,0.13350326895359999,0.8036080582960001,-0.2200546589364003,150.83925300412997,493.7540390467,-1.0
60.52,0.0,1.0000000002165,0.12625282432559998,0.8661792617365001,-0.22482231130380015,151.33843841563998,493.75039734167,-1.0
60.56,0.0,1.0000000002165,0.12133203075839999,0.9290379285925001,-0.21974904019490005,151.81156572076299,493.53553674489996,-1.0
60.6,0.0,1.0000000002165,0.11641361438615999,0.9919924165870001,-0.2024510194260003,152.32111158420997,493.38258513363996,-1.0
60.64,0.0,1.0000000002165,0.10893971343192,1.054276156612,-0.1394324349287004,152.823750479699,493.04026486082,-1.0
60.68,0.0,1.0000000002165,0.1056544299972,1.1178055714375001,-0.12714656152040016,153.40801717832798,492.96743076021994,-1.0
60.72,0.0,1.0000000002165,0.10120907542199999,1.1808558805705,-0.05954369590060038,154.07924888261,493.16772453686997,-1.0
60.76,0.0,1.0000000002165,0.11002609152863999,1.2438103685650002,-0.03582768156020011,154.71908527799198,493.16044112681,-1.0
60.8,0.0,1.0000000002165,0.10930342426079999,1.3067648565595,-0.03827263149220039,155.211677674633,492.69430288296996,-1.0
60.84,0.0,1.0000000002165,0.10881134490408,1.3694318811385002,-0.0570376222203004,155.804735059754,492.54863468176995,-1.0
60.88,0.0,1.0000000002165,0.1090181608656,1.4328654748255,-0.1264742002891004,156.42542031670698,492.50129251638,-1.0
60.92,0.0,1.0000000002165,0.10202207609832,1.495628320543,-0.16382081050040043,157.000582375755,492.26822339446,-1.0
60.96,0.0,1.0000000002165,0.10199830414871999,1.558295345122,-0.18099658377270034,157.558477014908,491.88584436631,-1.0
61.0,0.0,1.0000000002165,0.1026710503224,1.6213456542550002,-0.1436499735614003,158.15906927416498,491.66370035948,-1.0
61.04,0.0,1.0000000002165,0.1021837253556,1.6836293942800002,-0.08160936903690041,158.78414987436398,491.45612317277,-1.0
61.08,0.0,1.0000000002165,0.10239054131711998,1.7454340286125,-0.04236792262830047,159.44470717361997,491.37964736713997,-1.0
61.12,0.0,1.0000000002165,0.10538580696672,1.80819687433,-0.03766139400920032,160.037136652563,491.1684284754,-1.0
61.16,0.0,1.0000000002165,0.1065221061576,1.8711513623245002,-0.0480524312202002,160.67477537632197,491.16114506533995,-1.0
61.2,0.0,1.0000000002165,0.10023204829343998,1.9338183869035002,-0.058565715927800355,161.194681691706,490.81154138245995,-1.0
61.24,0.0,1.0000000002165,0.10461559579968,1.996389590344,-0.06645067945850025,161.731855426985,490.56026373539,-1.0
61.28,0.0,1.0000000002165,0.10830262518263999,2.0618354279395,-0.08576578392130019,162.294773315562,490.52020498006,-1.0
61.32,0.0,1.0000000002165,0.11523214849103999,2.1245982736570004,-0.10673122958820036,162.838226112621,490.38910359898,-1.0
61.36,0.0,1.0000000002165,0.12076863555287999,2.1924396397150003,-0.11785575177880014,163.376027754078,490.30534438329,-1.0
61.4,0.0,1.0000000002165,0.12421794543984,2.2553941277095,-0.1355205150375003,163.872701540876,490.20701834747996,-1.0
61.44,0.0,1.0000000002165,0.12627421908024,2.3179653311500004,-0.12451824034350034,164.36529393751698,490.09412549154996,-1.0
61.48,0.0,1.0000000002165,0.13342482151992,2.3811114614215003,-0.0899833225540001,164.76872365688197,489.78458056399995,-1.0
61.52,0.0,1.0000000002165,0.13478457703704,2.4435868437235,-0.0781864391321001,165.16273478357698,489.53330291693,-1.0
61.56,0.0,1.0000000002165,0.13753261441079997,2.506349689441,-0.07659722167630045,165.49458319865,489.19826605416995,-1.0
61.6,0.0,1.0000000002165,0.13796288669856,2.5691125351585002,-0.07176844556060047,165.880117591942,489.17277411896,-1.0
61.64,0.0,1.0000000002165,0.14580049848167997,2.6316837385990004,-0.06596168947210046,166.251524096229,489.16913241392996,-1.0
61.68,0.0,1.0000000002165,0.14622839357447998,2.694925690009,-0.06412797702310025,166.55134929622398,489.09994001836,-1.0
61.72,0.0,1.0000000002165,0.1452703840056,2.757592714588,-0.07482463297560038,166.748825789205,488.75397804051,-1.0
61.76,0.0,1.0000000002165,0.14708656095504,2.8203555603055004,-0.07647497417970017,166.96388365516998,488.65201029967,-1.0
61.8,0.0,1.0000000002165,0.15028864256615998,2.883118406023,-0.0712183318259001,167.174546177889,488.60830983931,-1.0
61.84,0.0,1.0000000002165,0.14886707998007997,2.9456896094635003,-0.06993473311160026,167.314569255583,488.45171652301997,-1.0
61.88,0.0,1.0000000002165,0.14675375366063997,3.0089315608735,-0.07390777675110005,167.36951104615798,488.18951376086,-1.0
61.92,0.0,1.0000000002165,0.15087818691624,3.0716944065910003,-0.0786143053702002,167.390231950032,487.91274417857994,-1.0
61.96,0.0,1.0000000002165,0.14992017734736,3.1345530734470004,-0.07947003784640039,167.386778466053,487.71245040192997,-1.0
62.0,0.0,1.0000000002165,0.14665153427736,3.1973159191645,-0.07873655286680048,167.36762732762398,487.53400685546,-1.0
62.04,0.0,1.0000000002165,0.14707942937016,3.2598871226050004,-0.08026464657430044,167.375476154849,487.59955754599997,-1.0
62.08,0.0,1.0000000002165,0.14958499285799998,3.3216917569375,-0.07714733541100038,167.323045988986,487.59955754599997,-1.0
62.12,0.0,1.0000000002165,0.14770463164463998,3.3844546026550004,-0.07146282681910021,167.16167410123998,487.34827989892995,-1.0
62.16,0.0,1.0000000002165,0.14536309460903998,3.447313269511,-0.06082729461490022,167.02290683590198,487.33371307881,-1.0
62.2,0.0,1.0000000002165,0.14625216552408,3.510171936367,-0.056670879730500445,166.826058249099,487.19168658264,-1.0
62.24,0.0,1.0000000002165,0.14321886475512,3.572838960946,-0.05447042479170028,166.52058189350197,486.87121654,-1.0
62.28,0.0,1.0000000002165,0.14157146864783998,3.637805692849,-0.04230679888000033,166.28574498293,486.86029142491,-1.0
62.32,0.0,1.0000000002165,0.13900409809104,3.700664359705,-0.04096207641740035,165.920931493512,486.53253797221,-1.0
62.36,0.0,1.0000000002165,0.13274969815128,3.7637146688380003,-0.036072176553400226,165.563966831319,486.37594465591997,-1.0
62.4,0.0,1.0000000002165,0.13110705643391998,3.8263816934170003,-0.03008204922000024,165.255036991743,486.44877875651997,-1.0
62.44,0.0,1.0000000002165,0.12992321334384,3.8891445391345,-0.03228250415880041,164.88237467509998,486.46698728166996,-1.0
62.48,0.0,1.0000000002165,0.12344535707783999,3.9523864905445003,-0.06522820449250011,164.42777060222798,486.31039396537994,-1.0
62.52,0.0,1.0000000002165,0.12572033265455998,4.014861872846501,-0.0899833225540001,163.965317702131,486.22299304466,-1.0
62.56,0.0,1.0000000002165,0.12223774203815999,4.077433076287,-0.07690284041780027,163.502864802034,486.16836746920995,-1.0
62.6,0.0,1.0000000002165,0.11760696625607998,4.1396209951735,-0.06259988331560029,162.970714316179,485.94622346238,-1.0
62.64,0.0,1.0000000002165,0.11113624157495999,4.2022880197525,-0.04065645767590009,162.401203412733,485.69858752033997,-1.0
62.68,0.0,1.0000000002165,0.10697139600503999,4.265434150024,-0.014739988396700099,161.88820406530698,485.64032023986,-1.0
62.72,0.0,1.0000000002165,0.10303476115127999,4.327909532326,0.012826822086599687,161.370181468457,485.64396194488995,-1.0
62.76,0.0,1.0000000002165,0.12324567270119999,4.3914389471515,0.0287801203928999,160.78465895747198,485.45823498836,-1.0
62.8,0.0,1.0000000002165,0.13931075624088,4.454393435146001,0.03874329136579968,160.15267138931497,485.18874881614,-1.0
62.84,0.0,1.0000000002165,0.13743990380736,4.5181144922485,0.039965766331799824,159.47735829487598,484.82822001817,-1.0
62.88,0.0,1.0000000002165,0.13717841236175998,4.5815480859355,0.01851133067849986,158.82339401048898,484.59150919122,-1.0
62.92,0.0,1.0000000002165,0.13645812228888,4.643927647099001,-0.03466633034250011,158.20616223751497,484.59515089624995,-1.0
62.96,0.0,1.0000000002165,0.1343590591392,4.706594671678,-0.06626730821360027,157.626290882132,484.62428453649,-1.0
63.0,0.0,1.0000000002165,0.13272117181176,4.768686769426,-0.061683027091100406,157.00686143753498,484.47133292522994,-1.0
63.04,0.0,1.0000000002165,0.13177267102272,4.831928720836,-0.044446130070500356,156.36105993346197,484.25647232845995,-1.0
63.08,0.0,1.0000000002165,0.1326593647428,4.893829176307,0.001396681154499646,155.79029321765998,484.21641357312996,-1.0
63.12,0.0,1.0000000002165,0.13102385461031998,4.956687843163,0.05995323202589953,155.325014739762,484.52960020571,-1.0
63.16,0.0,1.0000000002165,0.13466334009408,5.020504721404,0.09797220346849977,154.762410804274,484.42034905481,-1.0
63.2,0.0,1.0000000002165,0.09908148593279999,5.082980103706,0.0734615804001999,154.151772046169,484.20913016307,-1.0
63.24,0.0,1.0000000002165,0.10272810300143999,5.146988624224,0.03556485645419993,153.44506364282998,483.68108293371995,-1.0
63.28,0.0,1.0000000002165,0.10706172941351999,5.2114762504345,-0.029654182981900146,152.83913418106,483.44437210676995,-1.0
63.32,0.0,1.0000000002165,0.11047538137607998,5.274047453875,-0.07060709434290047,152.30101858651398,483.3387626609,-1.0
63.36,0.0,1.0000000002165,0.11846988802655999,5.3404515028555,-0.06828439190750046,151.83448429625997,483.35697118605,-1.0
63.4,0.0,1.0000000002165,0.12439861225679999,5.402639421742,-0.0684066394041003,151.352880257734,483.26957026533,-1.0
63.44,0.0,1.0000000002165,0.12482888454456,5.466264657706001,-0.0621720170775002,150.866252969784,483.06563478364995,-1.0
63.48,0.0,1.0000000002165,0.1284636156384,5.528835861146501,-0.054164806050200465,150.442102346545,482.96366704280996,-1.0
63.52,0.0,1.0000000002165,0.12751749204432,5.591790349141,-0.05282008358760004,149.965207604354,482.63955529514,-1.0
63.56,0.0,1.0000000002165,0.12909119510783998,5.6549364794125,-0.05068075239710046,149.58438250739698,482.49752879897,-1.0
63.6,0.0,1.0000000002165,0.12814744870872,5.7172202194375,-0.03209913291390043,149.26823174677398,482.49388709394,-1.0
63.64,0.0,1.0000000002165,0.13978381803791998,5.78094127654,0.0016411761476997633,149.017697181752,482.5375875543,-1.0
63.68,0.0,1.0000000002165,0.13929649307112,5.8435124799805,0.022728869311199773,148.72634871516,482.37371082795,-1.0
63.72,0.0,1.0000000002165,0.13926321234168,5.906466967975001,0.02492932424999994,148.5254187382,482.39556105813,-1.0
63.76,0.0,1.0000000002165,0.14197559179104,5.9696130982465005,0.022789993059499913,148.329825963753,482.30451843237995,-1.0
63.8,0.0,1.0000000002165,0.14354216326968,6.0318010171330005,0.01906144441319979,148.16845407600698,482.24989285693,-1.0
63.84,0.0,1.0000000002165,0.14236782895944,6.0955220742355,0.009342768433499682,148.04507051202998,482.12971659094,-1.0
63.88,0.0,1.0000000002165,0.14073469602191999,6.1580932776760005,0.007631303481099749,147.946489242084,482.02774885009995,-1.0
63.92,0.0,1.0000000002165,0.1450445504844,6.2209519445320005,0.007081189746399819,147.854500987007,481.78375461308997,-1.0
63.96,0.0,1.0000000002165,0.14432426041152,0.0009143810815000001,0.01710548446759974,147.798931290254,481.51062673584,-1.0
64.0,0.0,1.0000000002165,0.14292171538512,0.063102299968,0.026640789202399873,147.70505931664297,481.04084678696995,-1.0
64.04,0.0,1.0000000002165,0.14517291901224,0.126727535932,0.07688451030499976,147.78166387035898,480.89882029079996,-1.0
64.08,0.0,1.0000000002165,0.1462806918636,0.187669780018,0.1024342370943998,147.86768701674498,480.74222697451,-1.0
64.12,0.0,1.0000000002165,0.14556277898567999,0.250528446874,0.10139513337329964,148.00268684501498,480.6074838884,-1.0
64.16,0.0,1.0000000002165,0.1434756018108,0.3134829348685,0.09674972850249963,148.12104715956798,480.28337214072997,-1.0
64.2,0.0,1.0000000002165,0.14754773677727998,0.3755750326165,0.0950382635500997,148.371895677679,480.31250578096996,-1.0
64.24,0.0,1.0000000002165,0.14569114751352,0.4390086263035,0.10891335441419958,148.623686055057,480.15591246468,-1.0
64.28,0.0,1.0000000002165,0.14406276896592,0.5029213256830001,0.1378248873600998,148.954592610863,480.21053804012996,-1.0
64.32,0.0,1.0000000002165,0.13878777334967998,0.5659716348160001,0.1605017979793999,149.41359202698098,480.56742513306995,-1.0
64.36,0.0,1.0000000002165,0.13670535056472,0.6286386593950001,0.10652952823049988,149.71530094551,480.34528112623997,-1.0
64.4,0.0,1.0000000002165,0.1341688835424,0.6906349360045001,0.04002689008009952,149.94919599681498,479.75168320635,-1.0
64.44,0.0,1.0000000002165,0.13095016156656,0.7541643508300001,0.018327959433599883,150.303335081207,479.45670509892,-1.0
64.48,0.0,1.0000000002165,0.1270491846372,0.8161606274395001,0.004636239814399534,150.684788084342,479.14716017137,-1.0
64.52,0.0,1.0000000002165,0.12474330552599999,0.8788276520185001,0.002802527365399765,151.13185728307798,478.91773275447997,-1.0
64.56,0.0,1.0000000002165,0.12084708298656,0.9412072131820001,0.006042086025299653,151.55946139029598,478.58269589172,-1.0
64.6,0.0,1.0000000002165,0.11945404673999999,1.0030118475145,0.023829096780599635,152.070890972277,478.40061064021995,-1.0
64.64,0.0,1.0000000002165,0.11192071591175999,1.0664454412015,0.08904813621669971,152.655471623995,478.30592630944,-1.0
64.68,0.0,1.0000000002165,0.10620831642287999,1.1281542543955,0.10023378215559964,153.221529043462,478.19667515853996,-1.0
64.72,0.0,1.0000000002165,0.10140875979863999,1.191300384667,0.17040384520399954,153.95743508407799,478.54992054645,-1.0
64.76,0.0,1.0000000002165,0.10956967009631999,1.2536799458305001,0.19668705697299993,154.58565521516698,478.58269589172,-1.0
64.8,0.0,1.0000000002165,0.10931768743055999,1.3159636858555002,0.20237156556489966,155.195980020183,478.45159451064,-1.0
64.84,0.0,1.0000000002165,0.10883987124359999,1.3793972795425,0.18061151117009988,155.75575837787,478.18575004344996,-1.0
64.88,0.0,1.0000000002165,0.11154036471815999,1.4408186293210001,0.10249536084269995,156.25871122644799,477.78880419518,-1.0
64.92,0.0,1.0000000002165,0.1028849978688,1.5042522230080002,0.058302890821799735,156.857105814082,477.59943553361995,-1.0
64.96,0.0,1.0000000002165,0.1028612259192,1.566152678479,0.045466903678799575,157.411233016167,477.27896549098,-1.0
65.0,0.0,1.0000000002165,0.10283745396959999,1.628819703058,0.07664001531179965,158.12233676275198,477.35908300164,-1.0
65.04,0.0,1.0000000002165,0.10281368201999999,1.6928282235760002,0.13721364987709972,158.861068381169,477.56301848332,-1.0
65.08,0.0,1.0000000002165,0.10551417549455999,1.753195540831,0.17987802619049953,159.56024191037199,477.60307723865,-1.0
65.12,0.0,1.0000000002165,0.10662432554087999,1.8172040613490001,0.18434005981639956,160.18846204146098,477.50475120284,-1.0
65.16,0.0,1.0000000002165,0.105012587358,1.879296159097,0.17938903620409974,160.75577527328397,477.28624890104,-1.0
65.2,0.0,1.0000000002165,0.1022669271792,1.9423464682300002,0.17064834019719965,161.32560012981898,477.05317977912,-1.0
65.24,0.0,1.0000000002165,0.10496504345879999,2.0060675253325,0.16105191171409983,161.83075065001998,476.75455996666,-1.0
65.28,0.0,1.0000000002165,0.10879470453936,2.0696927612965004,0.14198130224449956,162.412505723937,476.73270973648,-1.0
65.32,0.0,1.0000000002165,0.11556733298039999,2.1337971029530003,0.12199383655039986,162.946853881415,476.58704153528,-1.0
65.36,0.0,1.0000000002165,0.12324329550623998,2.192631281992,0.11343651178839975,163.484027616694,476.48871549947,-1.0
65.4,0.0,1.0000000002165,0.12480273539999999,2.255489948848,0.09803332721679991,163.94239912663397,476.20466250712997,-1.0
65.44,0.0,1.0000000002165,0.12681146514119998,2.3189235425350003,0.09980591591749954,164.34143350275298,475.8368502991,-1.0
65.48,0.0,1.0000000002165,0.13380041832359998,2.3813031036985,0.14424288093159987,164.84470030441997,475.81500006891997,-1.0
65.52,0.0,1.0000000002165,0.13512927030624,2.4451199819395,0.16117415921069966,165.272932317816,475.71667403311,-1.0
65.56,0.0,1.0000000002165,0.13306111069103999,2.507307900826,0.1675310290338996,165.661606241998,475.55643901178996,-1.0
65.6,0.0,1.0000000002165,0.13393591843632,2.570166567682,0.1647193366120998,165.95012913078898,475.19226850879,-1.0
65.64,0.0,1.0000000002165,0.14612141980128,2.6336001613690003,0.16716428654409965,166.271931047014,475.07573394783,-1.0
65.68,0.0,1.0000000002165,0.14676563963543998,2.695883901394,0.16887575149649958,166.59655854104,475.02839178244,-1.0
65.72,0.0,1.0000000002165,0.1458290248212,2.759509137358,0.16698091529919967,166.80816292302598,474.78803925046,-1.0
65.76,0.0,1.0000000002165,0.15009133538448,2.8216012351060002,0.16575844033319953,167.00909289998597,474.59502888387,-1.0
65.8,0.0,1.0000000002165,0.15073555521864,2.8844599019620003,0.16594181157809995,167.16638339757498,474.39109340219,-1.0
65.84,0.0,1.0000000002165,0.14934489616704,2.9477976745105003,0.1612352829589998,167.266848386055,474.13981575511997,-1.0
65.88,0.0,1.0000000002165,0.1470532802256,3.0100814145355,0.16306899540799957,167.35255757935198,473.92495515835,-1.0
65.92,0.0,1.0000000002165,0.15108500287776,3.0736108293610003,0.16044067423109976,167.37830173265,473.69188603643,-1.0
65.96,0.0,1.0000000002165,0.15037184438975998,3.1357987482475003,0.15353369067319989,167.425708649089,473.61905193583,-1.0
66.0,0.0,1.0000000002165,0.14717927155847998,3.198561593965,0.15597864060519973,167.44329002207297,473.58991829559,-1.0
66.04,0.0,1.0000000002165,0.14737182435024,3.2619951876520004,0.15487841313579986,167.41660400950798,473.54985954025994,-1.0
66.08,0.0,1.0000000002165,0.15004616868023998,3.3226499683225,0.15866808553039968,167.36229012511097,473.5061590799,-1.0
66.12,0.0,1.0000000002165,0.1482062197812,3.3860835620095004,0.16147977795219992,167.195894987941,473.25852313786,-1.0
66.16,0.0,1.0000000002165,0.14569352470848,3.4483673020345003,0.1726043001427997,167.00940685307498,473.04366254109,-1.0
66.2,0.0,1.0000000002165,0.14656120086888,3.511130147752,0.17749420000679983,166.78147691046098,472.84336876443996,-1.0
66.24,0.0,1.0000000002165,0.14382267227495998,3.5744679203005,0.18434005981639956,166.549151624601,472.73411761354,-1.0
66.28,0.0,1.0000000002165,0.14198747776583998,3.6382847985415,0.19014681590489957,166.300500778113,472.66856692299996,-1.0
66.32,0.0,1.0000000002165,0.1424058640788,3.7019100345055,0.19301963207499995,165.91245476010897,472.27526277976,-1.0
66.36,0.0,1.0000000002165,0.13696684201032,3.764097953392,0.1954645820069998,165.53853663111,472.03126854274996,-1.0
66.4,0.0,1.0000000002165,0.13153257433176,3.8270524413865004,0.19949874939479972,165.20857193457098,472.07861070814,-1.0
66.44,0.0,1.0000000002165,0.13037488038623998,3.8904860350735,0.19962099689139956,164.80420035593897,471.92201739185,-1.0
66.48,0.0,1.0000000002165,0.12697073720351998,3.9528655962370003,0.17174856766659952,164.34834047071098,471.77999089568,-1.0
66.52,0.0,1.0000000002165,0.12626708749536,4.0165866533395,0.14937727578879967,163.88023641501198,471.64160610453996,-1.0
66.56,0.0,1.0000000002165,0.12443664737615999,4.0788703933645,0.15866808553039968,163.41527189020297,471.54328006873,-1.0
66.6,0.0,1.0000000002165,0.11788509806639999,4.1417290602205,0.17773869499999995,162.93241203932098,471.53599665867,-1.0
66.64,0.0,1.0000000002165,0.11156175947279999,4.204875190492,0.18867984594569975,162.44264522048098,471.48501278824995,-1.0
66.68,0.0,1.0000000002165,0.10726379098512,4.266871467101501,0.2205253188099996,161.98144813273998,471.63068098944996,-1.0
66.72,0.0,1.0000000002165,0.10341748953984,4.3304967030655,0.24460807564019982,161.417274431807,471.45952085304,-1.0
66.76,0.0,1.0000000002165,0.10182001452671999,4.392109695121,0.2614782301709999,160.919030879564,471.56877200393996,-1.0
66.8,0.0,1.0000000002165,0.13865227323696,4.4546808985615005,0.26581801630029966,160.326287447532,471.45952085304,-1.0
66.84,0.0,1.0000000002165,0.13637492046528,4.5173479231405,0.2768202909942996,159.715962642516,471.28107730656995,-1.0
66.88,0.0,1.0000000002165,0.13566889356216,4.5792483786115,0.25897215649069993,159.02589375289398,470.96060726393,-1.0
66.92,0.0,1.0000000002165,0.13586382354888,4.6428736145755005,0.19638143823149967,158.372871327774,470.80765565266995,-1.0
66.96,0.0,1.0000000002165,0.13358884797216,4.704678248908,0.1735211563672996,157.72141866809898,470.61828699111,-1.0
67.0,0.0,1.0000000002165,0.13221007489536,4.767632736902501,0.17602723004759957,157.06274508737698,470.35972593398,-1.0
67.04,0.0,1.0000000002165,0.13105951253471998,4.830491403758501,0.19650368572809995,156.42918775377498,470.13394022212,-1.0
67.08,0.0,1.0000000002165,0.13192718869512,4.8914336478445,0.23360580094619987,155.803165294309,469.95549667564995,-1.0
67.12,0.0,1.0000000002165,0.13212211868183998,4.9554421683625005,0.2828104183276996,155.25971249724998,469.94457156055995,-1.0
67.16,0.0,1.0000000002165,0.13455874351584,5.017246802695,0.3249858046546996,154.725050386683,469.98827202091996,-1.0
67.2,0.0,1.0000000002165,0.09910288068744,5.0803929329665,0.31807882109679975,154.13889996952,469.84260381971995,-1.0
67.24,0.0,1.0000000002165,0.10311558577991999,5.143059957545501,0.28549986325289956,153.52449377434698,469.61681810785996,-1.0
67.28,0.0,1.0000000002165,0.10735174719863999,5.207164299202001,0.21111226157179974,152.86864577142597,469.21987225959,-1.0
67.32,0.0,1.0000000002165,0.11091278524871999,5.27117281972,0.16887575149649958,152.268367465258,468.85206005156,-1.0
67.36,0.0,1.0000000002165,0.12074486360327999,5.333839844299001,0.16135753045559964,151.76855414756997,468.82656811634996,-1.0
67.4,0.0,1.0000000002165,0.12138908343744,5.3973692591245,0.16857013275499977,151.253043175432,468.58985728939996,-1.0
67.44,0.0,1.0000000002165,0.12315296209775999,5.460132104842001,0.17077058769379994,150.765787981304,468.41505544795996,-1.0
67.48,0.0,1.0000000002165,0.12894618621527998,5.522799129421,0.18220072862589953,150.34320712350998,468.34586305239,-1.0
67.52,0.0,1.0000000002165,0.12533522707104,5.5867118288005,0.1844011835646997,149.892684440795,468.06909347011,-1.0
67.56,0.0,1.0000000002165,0.12530670073151998,5.648708105410001,0.18213960487759984,149.46413847430998,467.80689070794995,-1.0
67.6,0.0,1.0000000002165,0.12595092056568,5.7122375202355,0.2017603280818996,149.132290059237,467.71220637717,-1.0
67.64,0.0,1.0000000002165,0.13643435033927998,5.7749045448145,0.2364786171162998,148.88646479054998,467.82145752806997,-1.0
67.68,0.0,1.0000000002165,0.14177115302447998,5.837284105978,0.26526790256559973,148.775639350133,468.24389531155,-1.0
67.72,0.0,1.0000000002165,0.13995022168512,5.901100984219,0.2712580298989997,148.61458141547598,468.37863839766,-1.0
67.76,0.0,1.0000000002165,0.14014277447687998,5.962905618551501,0.2693631937016998,148.412709579249,468.28395406687997,-1.0
67.8,0.0,1.0000000002165,0.14413408481471998,6.0262433911,0.26416767509619987,148.20361682197498,468.01082618963,-1.0
67.84,0.0,1.0000000002165,0.14298589964904,6.0890062368175,0.25536585534099965,148.01775659328698,467.74862342746997,-1.0
67.88,0.0,1.0000000002165,0.14116496830967998,6.151577440258,0.24515818937489975,147.80207082114399,467.24242642829995,-1.0
67.92,0.0,1.0000000002165,0.14537735777879998,6.215394318499,0.24564717936129954,147.64478032355498,466.80906352973,-1.0
67.96,0.0,1.0000000002165,0.14489954159184,6.2771989528315,0.24931460425929952,147.58010598722097,466.53957735751,-1.0
68.0,0.0,1.0000000002165,0.14330444377367998,0.057353031658,0.26300632387849987,147.572571113085,466.28101630038,-1.0
68.04,0.0,1.0000000002165,0.14349461937048,0.1201158773755,0.3179565736001999,147.672094242298,466.24095754505,-1.0
68.08,0.0,1.0000000002165,0.14658735001343998,0.180962300323,0.35022991270259984,147.820908006484,466.23731584001996,-1.0
68.12,0.0,1.0000000002165,0.14588370030528,0.2448749997025,0.3509022739338996,147.97066362993698,466.20089878972,-1.0
68.16,0.0,1.0000000002165,0.14384406702959998,0.30667963403500004,0.3413669691990999,148.14804712522198,466.05158888348996,-1.0
68.2,0.0,1.0000000002165,0.1478258685876,0.370113227722,0.34485102285219993,148.435942107835,466.18269026457,-1.0
68.24,0.0,1.0000000002165,0.14623314796439998,0.4328760734395,0.3592151037026996,148.65696508249098,465.97147137282997,-1.0
68.28,0.0,1.0000000002165,0.1446404273412,0.4968845939575,0.3883711316417999,148.98692977903,465.95326284768,-1.0
68.32,0.0,1.0000000002165,0.143939154828,0.56060565106,0.40976444354679975,149.390359498395,466.21910731487,-1.0
68.36,0.0,1.0000000002165,0.13544306004096,0.622314464254,0.34937418022639966,149.639010344883,465.79302782636,-1.0
68.4,0.0,1.0000000002165,0.13006584504143998,0.6856522368025001,0.2798153546609998,149.86474261587398,465.18122138132,-1.0
68.44,0.0,1.0000000002165,0.1287013351344,0.7480317979660001,0.2661847587900996,150.19941660874798,464.83525940347,-1.0
68.48,0.0,1.0000000002165,0.12422032263479998,0.8107946436835001,0.24583055060619952,150.671916007693,464.76242530287,-1.0
68.52,0.0,1.0000000002165,0.12508324440528,0.8746115219245001,0.24882561427289973,151.162938638889,464.7296499576,-1.0
68.56,0.0,1.0000000002165,0.12394219082447999,0.936991083088,0.2536543903885997,151.728996058356,464.79884235316996,-1.0
68.6,0.0,1.0000000002165,0.11701979910095998,1.000999603606,0.27223600987179974,152.35344875237698,465.00641953987997,-1.0
68.64,0.0,1.0000000002165,0.11032086370368,1.0637624493235,0.3318316644642998,152.927354999069,464.87895986383,-1.0
68.68,0.0,1.0000000002165,0.10607043911519999,1.1270044007335,0.3428950629065999,153.471435702306,464.67138267712,-1.0
68.72,0.0,1.0000000002165,0.10160131259039999,1.190342173282,0.40658600863519956,154.04188846501899,464.53299788597997,-1.0
68.76,0.0,1.0000000002165,0.10957917887615999,1.2525300921685,0.4351307990912998,154.63996909956398,464.41646332502,-1.0
68.8,0.0,1.0000000002165,0.10933432779527999,1.31567622244,0.43592540781919986,155.171177726152,464.08142646225997,-1.0
68.84,0.0,1.0000000002165,0.10997617043447999,1.3776724990495002,0.41251501222029985,155.64964223378797,463.54609582284996,-1.0
68.88,0.0,1.0000000002165,0.11128362766248,1.4411060927365,0.34075573171609985,156.25871122644799,463.47690342728,-1.0
68.92,0.0,1.0000000002165,0.10282081360487999,1.5041564018695002,0.2928347130488995,156.875629046333,463.37493568644,-1.0
68.96,0.0,1.0000000002165,0.10213142706647999,1.5672067110025,0.28666121447059956,157.585476980562,463.46597831219,-1.0
69.0,0.0,1.0000000002165,0.10277564690063999,1.6301611989970002,0.3174675836137997,158.20427851898097,463.28025135565997,-1.0
69.04,0.0,1.0000000002165,0.10408310412864,1.6913909064985002,0.3654497260292997,158.69278952546497,462.61381933517,-1.0
69.08,0.0,1.0000000002165,0.10472494676783999,1.7530997196925002,0.41630468461489967,159.33199801466898,462.48271795409,-1.0
69.12,0.0,1.0000000002165,0.10536916660199999,1.8151918174405002,0.4216224507169999,159.91940424418797,462.29334929252997,-1.0
69.16,0.0,1.0000000002165,0.10645316750376,1.8776671997425,0.4184440158053997,160.55358948396798,462.24964883216995,-1.0
69.2,0.0,1.0000000002165,0.10088577690744,1.9403342243215,0.4093977010569998,161.081030673488,461.95467072473997,-1.0
69.24,0.0,1.0000000002165,0.10263776959295999,2.0018513952385,0.4001068913153998,161.62291370510198,461.69975137264,-1.0
69.28,0.0,1.0000000002165,0.10859977455263999,2.0666264848645,0.3846425829954998,162.16887812687298,461.57593340162,-1.0
69.32,0.0,1.0000000002165,0.11322817313976,2.1287185826125,0.3641050035666997,162.71955184497898,461.48489077587,-1.0
69.36,0.0,1.0000000002165,0.12140096941223999,2.190714859222,0.3587261137162998,163.27713253104298,461.4521154306,-1.0
69.4,0.0,1.0000000002165,0.12513791988936,2.2536693472165004,0.3425283204167999,163.813364407055,461.47760736580994,-1.0
69.44,0.0,1.0000000002165,0.12688278099,2.3156656238260003,0.34680698279779953,164.29936378882698,461.33922257467,-1.0
69.48,0.0,1.0000000002165,0.12530432353655999,2.3794825020670003,0.39595047643099957,164.90246767279598,461.66333432234,-1.0
69.52,0.0,1.0000000002165,0.131696600784,2.4424369900615,0.4134929921930999,165.470722763886,461.96559583983,-1.0
69.56,0.0,1.0000000002165,0.12768389569152,2.50577476261,0.41893300579179993,165.940710538119,462.0712052857,-1.0
69.6,0.0,1.0000000002165,0.1305317752536,2.569208356297,0.42064447074419986,166.283861264396,461.89276173922997,-1.0
69.64,0.0,1.0000000002165,0.14001440594904,2.6313962751835,0.42522875186669973,166.603151555909,461.72888501287997,-1.0
69.68,0.0,1.0000000002165,0.14175213546479998,2.6951173322860003,0.4280404442884995,166.87220935318197,461.53951635132,-1.0
69.72,0.0,1.0000000002165,0.14061345907896,2.7580718202805,0.4232727919210997,167.106732310665,461.32101404952,-1.0
69.76,0.0,1.0000000002165,0.14456197990751998,2.8211221294135003,0.4205222232475996,167.33058086312198,461.23725483383,-1.0
69.8,0.0,1.0000000002165,0.1509399939852,2.8842682596850002,0.41893300579179993,167.44988303694197,460.88765115095,-1.0
69.84,0.0,1.0000000002165,0.14958023846808,2.9464561785715,0.4204610994992999,167.616592127201,460.82938387047,-1.0
69.88,0.0,1.0000000002165,0.14689638535823998,3.0099855933970003,0.4233950394176995,167.723022224372,460.73834124472,-1.0
69.92,0.0,1.0000000002165,0.15106123092815998,3.0726526179760003,0.41416535342439964,167.759126829607,460.47613848256,-1.0
69.96,0.0,1.0000000002165,0.15058579193615998,3.1356071059705,0.4060358949004996,167.78173145201498,460.35960392159996,-1.0
70.0,0.0,1.0000000002165,0.14746215775871999,3.198561593965,0.4004125100568996,167.811243042381,460.31226175621,-1.0
70.04,0.0,1.0000000002165,0.14720779789799998,3.260462049436,0.3962560951724998,167.71894083421498,460.02456705884,-1.0
70.08,0.0,1.0000000002165,0.15004379148528,3.3222666837685004,0.3979064363765996,167.635429312541,459.91531590794,-1.0
70.12,0.0,1.0000000002165,0.14868641316311998,3.384837887209,0.4013293662813999,167.453022567832,459.58392075021,-1.0
70.16,0.0,1.0000000002165,0.14468559404543999,3.447504911788,0.4149599621522997,167.292906492442,459.52565346972995,-1.0
70.2,0.0,1.0000000002165,0.13847873800487998,3.510171936367,0.4323802304177997,167.14911597767997,459.56935393008996,-1.0
70.24,0.0,1.0000000002165,0.13866891360168,3.571880749561,0.4452773413090996,166.952581343966,459.59120416026997,-1.0
70.28,0.0,1.0000000002165,0.13312767214992,3.6363683757715,0.4476611674927997,166.746314164493,459.66403826087,-1.0
70.32,0.0,1.0000000002165,0.1330991458104,3.698364652381,0.45579062601669973,166.448058729943,459.54750369990995,-1.0
70.36,0.0,1.0000000002165,0.12734157961728,3.7608400346830004,0.45884681343169964,166.02641973141598,459.17604978684994,-1.0
70.4,0.0,1.0000000002165,0.12577025374872,3.8232195958465,0.4614751346085999,165.68107133351597,459.11778250636996,-1.0
70.44,0.0,1.0000000002165,0.12332174293991999,3.8845451244865004,0.4613528871119996,165.26853697457,458.99760624038,-1.0
70.48,0.0,1.0000000002165,0.12637643846351998,3.9477870758965,0.4293240430027998,164.717235350286,458.52782629151,-1.0
70.52,0.0,1.0000000002165,0.12414662959103999,4.0100708159215,0.4010848712881998,164.11381751322799,457.96700371688996,-1.0
70.56,0.0,1.0000000002165,0.12147941684592,4.0727378405005,0.41416535342439964,163.62844603763398,457.85411086095996,-1.0
70.6,0.0,1.0000000002165,0.11947306429967999,4.135500686218,0.4307910129619996,163.10853972225,457.63925026418997,-1.0
70.64,0.0,1.0000000002165,0.1128454447512,4.197401141689,0.4398373277103995,162.55347066089797,457.42438966742,-1.0
70.68,0.0,1.0000000002165,0.10842386212559998,4.2607389142375,0.4714383055814997,162.07061081001598,457.44988160262994,-1.0
70.72,0.0,1.0000000002165,0.1035624984324,4.3234059388165,0.4946042061871996,161.476925518717,457.19496225052995,-1.0
70.76,0.0,1.0000000002165,0.10200068134368,4.3864562479495,0.5115966082145995,160.912123911606,457.10027791975,-1.0
70.8,0.0,1.0000000002165,0.139779063648,4.449219093667001,0.5130024544254996,160.34198510198198,457.03472722921,-1.0
70.84,0.0,1.0000000002165,0.13557380576376,4.511407012553501,0.5177701067928999,159.723183563563,456.86720879782996,-1.0
70.88,0.0,1.0000000002165,0.13488679642031998,4.5744573216865,0.5049952433981999,159.110975040013,456.73974912178,-1.0
70.92,0.0,1.0000000002165,0.13485589288584,4.6375076308195,0.4444827325811995,158.374441093219,456.3173113383,-1.0
70.96,0.0,1.0000000002165,0.13284954033959998,4.7008454033680005,0.41000893853999987,157.639162958781,455.81839774918996,-1.0
71.0,0.0,1.0000000002165,0.13128534605592,4.763416606808501,0.4119037747372998,157.01345445240398,455.68365466308,-1.0
71.04,0.0,1.0000000002165,0.1303772575812,4.8258919891105005,0.43103550795519974,156.40501336592197,455.61082056247994,-1.0
71.08,0.0,1.0000000002165,0.13122591618191998,4.887121696612001,0.4700935831188997,155.86815358373198,455.69093807314,-1.0
71.12,0.0,1.0000000002165,0.13010150296584,4.949980363468001,0.5243103478609998,155.314340334736,455.69457977816995,-1.0
71.16,0.0,1.0000000002165,0.13358171638727998,5.013030672601,0.5598232456232997,154.784387520504,455.73099682847,-1.0
71.2,0.0,1.0000000002165,0.09956167931471999,5.0752185914875,0.5533441283034999,154.250039363026,455.76013046871,-1.0
71.24,0.0,1.0000000002165,0.1017320583132,5.137598152651,0.5235768628813999,153.64630757287898,455.57440351217997,-1.0
71.28,0.0,1.0000000002165,0.10587550912848,5.2015108520305,0.4526733148533997,153.05450600011397,455.36318462044,-1.0
71.32,0.0,1.0000000002165,0.11198727737063999,5.2645611611635,0.4075639886079996,152.42126261960098,454.93346342689995,-1.0
71.36,0.0,1.0000000002165,0.11656337766863999,5.321383096294,0.40114599503649995,151.847356372909,454.61663508928996,-1.0
71.4,0.0,1.0000000002165,0.12508324440528,5.3837626574575,0.40328532622699953,151.31960123029998,454.41269960760997,-1.0
71.44,0.0,1.0000000002165,0.12549212193839998,5.4461422186210005,0.4155100758869996,150.947252866746,454.60935167923,-1.0
71.48,0.0,1.0000000002165,0.12655948247544,5.508713422061501,0.42296717317959986,150.5347185078,454.54015928366,-1.0
71.52,0.0,1.0000000002165,0.13222433806512,5.571284625502001,0.4263289793360996,150.147614349063,454.49281711826995,-1.0
71.56,0.0,1.0000000002165,0.13175840785296,5.6338558289425,0.43274697290759967,149.78437062509,454.39449108246,-1.0
71.6,0.0,1.0000000002165,0.13172750431848,5.6961395689675,0.44546071255399955,149.43902222718998,454.29616504665,-1.0
71.64,0.0,1.0000000002165,0.13366967260079998,5.758902414685,0.4791398978672996,148.97782513944898,453.65522496137,-1.0
71.68,0.0,1.0000000002165,0.1404209062872,5.821665260402501,0.49766039360219994,148.69903479641698,453.55325722053,-1.0
71.72,0.0,1.0000000002165,0.14039000275271998,5.884811390674001,0.5016945609899999,148.42715142134298,453.35660514891,-1.0
71.76,0.0,1.0000000002165,0.14035909921824,5.9475742363915005,0.4946042061871996,148.23940747412098,453.31290468854996,-1.0
71.8,0.0,1.0000000002165,0.14295024172464,6.010145439832001,0.4874527276360996,148.047896089831,453.14902796219997,-1.0
71.84,0.0,1.0000000002165,0.1433567420628,6.0729082855495005,0.4804846203298996,147.847907972138,452.78849916422996,-1.0
71.88,0.0,1.0000000002165,0.14157860023271998,6.135479488990001,0.47486123548629955,147.73928020334398,452.64647266805997,-1.0
71.92,0.0,1.0000000002165,0.14307623305751999,6.1984339769845,0.47406662675839994,147.721070924182,452.66468119320996,-1.0
71.96,0.0,1.0000000002165,0.14522759449632,6.2611010015635005,0.4807291153230997,147.704745363554,452.51537128698,-1.0
72.0,0.0,1.0000000002165,0.14388685653887998,0.040392690143500005,0.4961934236429997,147.722954642716,452.39883672601997,-1.0
72.04,0.0,1.0000000002165,0.1438559530044,0.103155535861,0.548148609698,147.83158241151,452.35877797068997,-1.0
72.08,0.0,1.0000000002165,0.14622363918456,0.164289422224,0.5805441962969997,147.98259384731898,452.42797036625996,-1.0
72.12,0.0,1.0000000002165,0.1464114375864,0.22743555249550002,0.5784048651064997,148.19388427621598,452.55543004231,-1.0
72.16,0.0,1.0000000002165,0.14441459382,0.29019839821300003,0.5744318214669999,148.36907009987797,452.4206869562,-1.0
72.2,0.0,1.0000000002165,0.14656595525879998,0.3527696016535,0.5715590052968995,148.533895471603,452.1657676041,-1.0
72.24,0.0,1.0000000002165,0.14871256230767999,0.415724089648,0.5809720625350998,148.75617425861498,451.92905677715,-1.0
72.28,0.0,1.0000000002165,0.14497561183056,0.47982843130450004,0.6123285454129999,148.991639075365,451.67777913007995,-1.0
72.32,0.0,1.0000000002165,0.1408012574808,0.5426870981605001,0.6317658973723996,149.27545266782099,451.47748535343,-1.0
72.36,0.0,1.0000000002165,0.14164278449664,0.6056415861550001,0.5779158751200999,149.63021965839098,451.45199341821996,-1.0
72.4,0.0,1.0000000002165,0.13463956814448,0.668308610734,0.5122689694458997,149.94762623136998,451.14973190073,-1.0
72.44,0.0,1.0000000002165,0.1317798026076,0.7313589198670001,0.49246487499669955,150.34414898277697,450.97857176431995,-1.0
72.48,0.0,1.0000000002165,0.13349376017376,0.794025944446,0.4673430144453996,150.710218284551,450.59619273617,-1.0
72.52,0.0,1.0000000002165,0.13128772325087998,0.8571720747175001,0.46856548941139975,151.173299090826,450.42139089473,-1.0
72.56,0.0,1.0000000002165,0.12407531374223998,0.9201265627120001,0.4754724729692996,151.67562403322597,450.34127338406995,-1.0
72.6,0.0,1.0000000002165,0.12034787204495999,0.9818353759060001,0.4872693563911996,152.11704207635998,449.91155219052996,-1.0
72.64,0.0,1.0000000002165,0.11248886550719998,1.0445982216235001,0.5516937870993996,152.643227453524,449.64570772333997,-1.0
72.68,0.0,1.0000000002165,0.10680974674775999,1.107169425064,0.5633684230246998,153.253238305451,449.68576647866996,-1.0
72.72,0.0,1.0000000002165,0.10374078805439998,1.1701239130585002,0.6359834360050995,153.92007466648698,449.79865933459996,-1.0
72.76,0.0,1.0000000002165,0.10567582475184,1.2331742221915,0.6633057514951997,154.55331804699998,449.84600149999,-1.0
72.8,0.0,1.0000000002165,0.10847853760967999,1.2958412467705,0.6667286813999995,155.199433504162,449.83143467987,-1.0
72.84,0.0,1.0000000002165,0.10888979233775999,1.3594664827345002,0.6517533630664998,155.794688560906,449.68576647866996,-1.0
72.88,0.0,1.0000000002165,0.11125510132295999,1.4217502227595,0.5710700153104997,156.26028099189298,449.17956947949995,-1.0
72.92,0.0,1.0000000002165,0.10775587034183999,1.4849921741695,0.5252272040854997,156.82414073973698,448.8882330771,-1.0
72.96,0.0,1.0000000002165,0.10273761178127999,1.5476591987485002,0.5150195381193998,157.406209766743,448.66608907026995,-1.0
73.0,0.0,1.0000000002165,0.10293254176799999,1.610038759912,0.5471706297251999,158.084034485894,448.64059713506,-1.0
73.04,0.0,1.0000000002165,0.10421147265648,1.6741431015685002,0.6113505654401998,158.76782431373599,448.66608907026995,-1.0
73.08,0.0,1.0000000002165,0.10353872648279999,1.7354686302085,0.6576823666515996,159.5451721621,448.96835058775997,-1.0
73.12,0.0,1.0000000002165,0.10655300969208,1.7996687930035002,0.6657507014271999,160.280450296538,449.20141970967995,-1.0
73.16,0.0,1.0000000002165,0.10522891209935999,1.8632940289675002,0.6571322529168997,160.890147195376,449.1067353789,-1.0
73.2,0.0,1.0000000002165,0.10238578692719999,1.9265359803775002,0.6529758380324999,161.50769292143897,449.04118468836,-1.0
73.24,0.0,1.0000000002165,0.10540007013647999,1.9909277854495002,0.6417290683452999,162.05522710865498,448.86638284692,-1.0
73.28,0.0,1.0000000002165,0.111015004632,2.0554154116600003,0.6269982450049998,162.61437756016397,448.74984828595996,-1.0
73.32,0.0,1.0000000002165,0.11380820871,2.119615574455,0.6052993143584997,163.135853640993,448.56776303446,-1.0
73.36,0.0,1.0000000002165,0.12375439242263998,2.1891817210060003,0.5922188322222999,163.63566695868099,448.37111096283996,-1.0
73.4,0.0,1.0000000002165,0.12329321660039999,2.2519445667235,0.5785271126030995,164.10973612307097,448.13804184092,-1.0
73.44,0.0,1.0000000002165,0.12413236642127999,2.3156656238260003,0.5793217213309996,164.550212306938,447.904972719,-1.0
73.48,0.0,1.0000000002165,0.12562286766119998,2.3774702581585,0.6259591412838996,165.03275820473098,447.78115474798,-1.0
73.52,0.0,1.0000000002165,0.13209121514736,2.4412871363995,0.6357389410118999,165.464129749017,447.67918700713994,-1.0
73.56,0.0,1.0000000002165,0.13249533829055998,2.503666697563,0.6400787271411996,165.835850206393,447.47889323049,-1.0
73.6,0.0,1.0000000002165,0.13441611181823998,2.565950437588,0.6422791820799998,166.170524199267,447.23489899348,-1.0
73.64,0.0,1.0000000002165,0.14325927706944,2.6293840312750003,0.6426459245697997,166.46344243130397,447.02368010173996,-1.0
73.68,0.0,1.0000000002165,0.14755486836215997,2.6910928444690003,0.6389784996717998,166.73689557182297,446.81246121,-1.0
73.72,0.0,1.0000000002165,0.1468749906036,2.7549097227100003,0.6436239045425998,166.969534810772,446.64494277861996,-1.0
73.76,0.0,1.0000000002165,0.14597641090872,2.8173851050120002,0.6375726534608996,167.23419726479898,446.65222618867995,-1.0
73.8,0.0,1.0000000002165,0.15113492397192,2.879860487314,0.6421569345833995,167.40467379212598,446.4847077573,-1.0
73.84,0.0,1.0000000002165,0.15002239673064,2.9432940810010004,0.6387951284268998,167.57546427254198,446.44100729694,-1.0
73.88,0.0,1.0000000002165,0.14739559629983998,3.0050987153335003,0.6378782722023999,167.64987115463498,446.18244623980996,-1.0
73.92,0.0,1.0000000002165,0.15125378371992,3.0689155935745003,0.6375115297126,167.68880133767098,445.98943587322,-1.0
73.96,0.0,1.0000000002165,0.15100417824912,3.1314867970150004,0.6268148737600998,167.65771998186,445.65439901046,-1.0
74.0,0.0,1.0000000002165,0.14794710553055998,3.1939621793170003,0.6227195826239997,167.633545594007,445.46867205393,-1.0
74.04,0.0,1.0000000002165,0.14769987725471997,3.2574915941425004,0.6202746326919999,167.57891775652098,445.30843703260996,-1.0
74.08,0.0,1.0000000002165,0.15047406377303998,3.3178589113975003,0.6185020439912998,167.478138814952,445.11542666601997,-1.0
74.12,0.0,1.0000000002165,0.14914758898535999,3.3816757896385004,0.6257757700389996,167.363231984378,445.03895086038995,-1.0
74.16,0.0,1.0000000002165,0.14587894591536,3.4443428142175003,0.6405677171275999,167.23608098333298,445.01345892518,-1.0
74.2,0.0,1.0000000002165,0.14692491169775998,3.5070098387965003,0.6565821391821998,166.97330224784,444.72212252277996,-1.0
74.24,0.0,1.0000000002165,0.14473789233456,3.5706350747605002,0.6604940590733999,166.743488586692,444.60194625679,-1.0
74.28,0.0,1.0000000002165,0.14125530171815998,3.6342603107245,0.6615331627944996,166.52246561203597,444.62379648697,-1.0
74.32,0.0,1.0000000002165,0.13540264772663999,3.698364652381,0.6701516113047998,166.255291533297,444.62379648697,-1.0
74.36,0.0,1.0000000002165,0.13063161744191998,3.7607442135445,0.6706406012911996,165.94950122461097,444.57281261655,-1.0
74.4,0.0,1.0000000002165,0.13038676636104,3.823698701539,0.6690513838353995,165.549211036136,444.37980224996,-1.0
74.44,0.0,1.0000000002165,0.12928137070464,3.8870364740875,0.6699682400598999,165.17906034420497,444.33246008456996,-1.0
74.48,0.0,1.0000000002165,0.1266688334436,3.9485536450045005,0.6437461520391996,164.78599107677698,444.39801077511,-1.0
74.52,0.0,1.0000000002165,0.12190493474375999,4.0121788809685,0.6199078902021999,164.289945196157,444.19407529343,-1.0
74.56,0.0,1.0000000002165,0.12187878559919998,4.0740793364395005,0.6360445597533997,163.84099227888697,444.16858335821996,-1.0
74.6,0.0,1.0000000002165,0.11905230079175999,4.136458897603,0.6505920118487998,163.33615571177498,444.06661561737997,-1.0
74.64,0.0,1.0000000002165,0.11493737631599998,4.199317564459,0.6618387815359998,162.80714475680998,443.90273889102997,-1.0
74.68,0.0,1.0000000002165,0.10867109040143999,4.261026377653001,0.6881219933049998,162.226959448338,443.65874465402,-1.0
74.72,0.0,1.0000000002165,0.10348642819368,4.3247474347555,0.7155665562916997,161.60627419138498,443.32006608623,-1.0
74.76,0.0,1.0000000002165,0.10195789183439999,4.386935353642,0.7307252458700999,160.990298230767,443.03965479891997,-1.0
74.8,0.0,1.0000000002165,0.13892565065735998,4.4495065570825005,0.7353706507408999,160.43805474721597,443.07243014419,-1.0
74.84,0.0,1.0000000002165,0.13825052728871998,4.512365223938501,0.7407495405912998,159.859753157278,443.00323774862,-1.0
74.88,0.0,1.0000000002165,0.13564036722264,4.574169858271,0.7283414196863998,159.24534696210497,442.91947853293,-1.0
74.92,0.0,1.0000000002165,0.13410707647344,4.6370285251270005,0.6726576849850998,158.63219657928798,442.85756954742,-1.0
74.96,0.0,1.0000000002165,0.13235983817784,4.6988331594595,0.6427681720663996,157.965674171341,442.60629190034996,-1.0
75.0,0.0,1.0000000002165,0.13082654742864,4.7613085417615,0.6411178308622998,157.28879131145698,442.29674697279995,-1.0
75.04,0.0,1.0000000002165,0.13015380125495998,4.823496460648,0.6576823666515996,156.71300134623098,442.28218015268,-1.0
75.08,0.0,1.0000000002165,0.12883921244208,4.8843428835955,0.6955790905975996,156.04679289137297,441.97627693016,-1.0
75.12,0.0,1.0000000002165,0.12966885348312,4.9477764772825,0.7469230391695998,155.39157279462998,441.61210642716,-1.0
75.16,0.0,1.0000000002165,0.13328932140719998,5.010347680723,0.7822525656869996,154.762410804274,441.34626195997,-1.0
75.2,0.0,1.0000000002165,0.09957118809455999,5.073685453271501,0.7723505184623995,154.16684179444098,441.18602693865,-1.0
75.24,0.0,1.0000000002165,0.10362668269631999,5.136256656712001,0.7428888717817999,153.58822625141397,441.05492555756996,-1.0
75.28,0.0,1.0000000002165,0.10617741288839999,5.200360998368501,0.6778532035905998,153.054192047025,441.06949237769,-1.0
75.32,0.0,1.0000000002165,0.11237476014911998,5.263219665224501,0.6403232221343997,152.57352986776598,441.10226772296,-1.0
75.36,0.0,1.0000000002165,0.11942552040047999,5.3301028198975,0.6372059109710997,152.051739833848,440.96388293181997,-1.0
75.4,0.0,1.0000000002165,0.12540178852991998,5.3929614867535,0.6440517707806999,151.59807762024298,440.93839099661,-1.0
75.44,0.0,1.0000000002165,0.12601748202455998,5.455628511332501,0.6507142593453996,151.06247365040898,440.5851456087,-1.0
75.48,0.0,1.0000000002165,0.12706344780696,5.518487178188501,0.6475358244337999,150.533148742355,440.19548317049,-1.0
75.52,0.0,1.0000000002165,0.12896282658,5.581920771875501,0.6488194231480997,150.03396333084498,439.76576197695,-1.0
75.56,0.0,1.0000000002165,0.13043431026024,5.6443961541775005,0.6546261792365997,149.72471953817998,439.92599699826997,-1.0
75.6,0.0,1.0000000002165,0.13233368903328,5.707254821033501,0.6730855512231999,149.500557032634,440.17727464534,-1.0
75.64,0.0,1.0000000002165,0.14236782895944,5.7697302033355005,0.7034029303799998,149.19759230174898,440.09715713467995,-1.0
75.68,0.0,1.0000000002165,0.14276482051776,5.832493049053,0.7229014060876997,148.89902291411,439.90778847312,-1.0
75.72,0.0,1.0000000002165,0.14123628415848,5.895543358186,0.7259575935026996,148.67297669003,439.84223778257996,-1.0
75.76,0.0,1.0000000002165,0.14120775781896,5.958210382765,0.7233903960740999,148.407058423647,439.58003502042,-1.0
75.8,0.0,1.0000000002165,0.14481396257328,6.021164870759501,0.7156888037882996,148.211779602289,439.37609953874,-1.0
75.84,0.0,1.0000000002165,0.14414121639959998,6.0838318953385,0.7080483352507998,148.01650078093098,439.08476313634,-1.0
75.88,0.0,1.0000000002165,0.14218478494752,6.1467863833330005,0.7111656464140999,147.985105472031,439.16488064699996,-1.0
75.92,0.0,1.0000000002165,0.14600256005328,6.2099325136045005,0.7074370977677997,147.917605557896,438.99736221562,-1.0
75.96,0.0,1.0000000002165,0.14575770897239998,6.2727911804605005,0.7138550913392998,147.89468698239898,438.8735442446,-1.0
76.0,0.0,1.0000000002165,0.14444549735447998,0.052657795871500004,0.7346982895095997,147.91666369862898,438.71330922327996,-1.0
76.04,0.0,1.0000000002165,0.14441459382,0.115420641589,0.7721060234691999,147.871454453813,438.21439563417,-1.0
76.08,0.0,1.0000000002165,0.14716025399879998,0.1766503490905,0.7999784526939999,147.880559093394,437.78831614565996,-1.0
76.12,0.0,1.0000000002165,0.14691540291792,0.239796479362,0.7986337302313995,148.050721667632,437.80288296578,-1.0
76.16,0.0,1.0000000002165,0.1447474011144,0.3023676828025,0.7920323654149999,148.17379127851999,437.52975508852995,-1.0
76.2,0.0,1.0000000002165,0.1470651662004,0.3654179919355,0.7895262917346999,148.410511907626,437.47512951308,-1.0
76.24,0.0,1.0000000002165,0.14703426266591998,0.4278933742375,0.8031568876055997,148.60076747955998,437.16194288049996,-1.0
76.28,0.0,1.0000000002165,0.14358970716887998,0.4922851793095,0.8310904405786999,148.857267153273,436.93979887367,-1.0
76.32,0.0,1.0000000002165,0.14121251220887998,0.5554313095810001,0.8539507224428999,149.23463876625098,437.09639218996,-1.0
76.36,0.0,1.0000000002165,0.13584956037912,0.6179066918830001,0.8019955363878997,149.57370810237097,436.979857629,-1.0
76.4,0.0,1.0000000002165,0.13496762104895998,0.6811486432930001,0.7334146907952999,149.94731227828098,436.86332306803996,-1.0
76.44,0.0,1.0000000002165,0.13216728538608,0.7437198467335001,0.7132438538562997,150.35576524707,436.73586339199,-1.0
76.48,0.0,1.0000000002165,0.13384558502784,0.8068659770050001,0.6969849368084997,150.83265998926097,436.69580463666,-1.0
76.52,0.0,1.0000000002165,0.12721083389447999,0.8701079284150001,0.7041364153595997,151.308298919096,436.62661224108996,-1.0
76.56,0.0,1.0000000002165,0.12441525262151999,0.9330624164095,0.7125103688766998,151.85960054338,436.68123781654,-1.0
76.6,0.0,1.0000000002165,0.11757130833167999,0.9965918312350001,0.7256519747611998,152.353134799288,436.4700189248,-1.0
76.64,0.0,1.0000000002165,0.11073211843176,1.0591630346755,0.7889761779999995,152.86895972451498,436.1786825224,-1.0
76.68,0.0,1.0000000002165,0.10666473785519999,1.1227882706395,0.8007119376735998,153.52417982125797,436.32799242862995,-1.0
76.72,0.0,1.0000000002165,0.10195789183439999,1.1856469374955,0.8614078197354997,154.076423304809,436.12041524192,-1.0
76.76,0.0,1.0000000002165,0.10874716064015999,1.2484097832130001,0.8897692389466996,154.66477139359498,435.97474704072,-1.0
76.8,0.0,1.0000000002165,0.10936285413479999,1.311460092346,0.8922141888786999,155.25500320091498,435.83636224957996,-1.0
76.84,0.0,1.0000000002165,0.10891356428735999,1.374318759202,0.8850627103275999,155.94099070037998,435.97838874574995,-1.0
76.88,0.0,1.0000000002165,0.1091013626892,1.4382314585815001,0.8115308411226998,156.53153646078897,435.85821247975997,-1.0
76.92,0.0,1.0000000002165,0.10291352420831999,1.5010901254375002,0.7658714011425998,157.090686912298,435.58872630753996,-1.0
76.96,0.0,1.0000000002165,0.10225266400944,1.5644278979860002,0.7518740627818996,157.67558151710497,435.29010649507995,-1.0
77.0,0.0,1.0000000002165,0.10308230505048,1.6274782071190002,0.7837195356461999,158.306941179084,435.16993022908997,-1.0
77.04,0.0,1.0000000002165,0.10263539239799999,1.6900494105595,0.8444765414563995,158.94960315226697,435.00605350274,-1.0
77.08,0.0,1.0000000002165,0.10537392099191999,1.7520456871690002,0.8930087976065999,159.70717195602398,435.22455580454,-1.0
77.12,0.0,1.0000000002165,0.1064151323844,1.8145210694710001,0.8953926237902996,160.37243855161498,435.25368944478,-1.0
77.16,0.0,1.0000000002165,0.10087151373768,1.8777630208810001,0.8834734928717998,161.00630983830598,435.21727239447995,-1.0
77.2,0.0,1.0000000002165,0.10254743618447999,1.9408133300140002,0.8807229241982997,161.65493692017998,435.29738990514,-1.0
77.24,0.0,1.0000000002165,0.10825745847839999,2.0033845334545,0.8745494256199997,162.218482714935,435.10437953854995,-1.0
77.28,0.0,1.0000000002165,0.1112051802288,2.068447086496,0.8541952174360996,162.70950534613098,434.78755120093996,-1.0
77.32,0.0,1.0000000002165,0.11627335988351999,2.1306350053825,0.8301124606058998,163.125493189056,434.27771249674,-1.0
77.36,0.0,1.0000000002165,0.12409908569183999,2.186498729128,0.8118364598641996,163.56063217040997,433.88076664846994,-1.0
77.4,0.0,1.0000000002165,0.12598182410015998,2.249357395984,0.8046238575647999,164.043178068203,433.72781503720995,-1.0
77.44,0.0,1.0000000002165,0.12786218531351998,2.3116411360090003,0.8030957638572995,164.48993331384997,433.48746250523,-1.0
77.48,0.0,1.0000000002165,0.12592714861607998,2.374883087419,0.8458212639189999,164.91879323342397,433.23982656319,-1.0
77.52,0.0,1.0000000002165,0.13628696425175998,2.437358469721,0.8576181473408999,165.37214149393998,433.18520098773996,-1.0
77.56,0.0,1.0000000002165,0.13456349790576,2.500217136577,0.8597574785313995,165.813873490163,433.19612610282996,-1.0
77.6,0.0,1.0000000002165,0.13114509155328,2.5633632668485,0.8672756995722999,166.255291533297,433.32358577888,-1.0
77.64,0.0,1.0000000002165,0.14086068735479998,2.6260302914275,0.8759552718308998,166.65652358103898,433.40006158450996,-1.0
77.68,0.0,1.0000000002165,0.14252472382679998,2.689559706253,0.8799894392186998,166.994965010981,433.42919522474995,-1.0
77.72,0.0,1.0000000002165,0.14630446381319998,2.7521309096935003,0.8684981745382996,167.20029033118698,433.10144177204995,-1.0
77.76,0.0,1.0000000002165,0.14627356027872,2.8149895765495003,0.8680703083001999,167.388976137676,432.90478970043,-1.0
77.8,0.0,1.0000000002165,0.15132272237376,2.8780398856825,0.8660532246062997,167.56698753913898,432.74819638414,-1.0
77.84,0.0,1.0000000002165,0.15044316023856,2.940419446846,0.8711264957151998,167.684719947514,432.51148555719,-1.0
77.88,0.0,1.0000000002165,0.1478734124868,3.0038530405330004,0.8703318869872998,167.771998906256,432.35489224089997,-1.0
77.92,0.0,1.0000000002165,0.1493235014124,3.0662326016965,0.8684370507899999,167.85770809955298,432.26384961515,-1.0
77.96,0.0,1.0000000002165,0.15140592419736,3.1289954474140003,0.8592684885449997,167.826312790653,431.97979662281,-1.0
78.0,0.0,1.0000000002165,0.14841541293767999,3.1919499354085,0.8527282474768998,167.831336040077,431.85962035681996,-1.0
78.04,0.0,1.0000000002165,0.14796136870031998,3.2542336754335004,0.8506500400346999,167.779219827303,431.68846022041,-1.0
78.08,0.0,1.0000000002165,0.1504645549932,3.3159424886275004,0.8436208089801998,167.71391758479098,431.6265512349,-1.0
78.12,0.0,1.0000000002165,0.14958737005296,3.378322049791,0.8473493576264999,167.564161961338,431.40076552304,-1.0
78.16,0.0,1.0000000002165,0.14638766563679997,3.4409890743700005,0.8670923283273999,167.343138986682,431.12399594076,-1.0
78.2,0.0,1.0000000002165,0.14720066631311998,3.5037519200875002,0.8855517003139997,167.161988054329,431.05116184016,-1.0
78.24,0.0,1.0000000002165,0.14231315347536,3.5660356601125,0.8913584564024997,166.94379065747398,430.98925285465,-1.0
78.28,0.0,1.0000000002165,0.13700725432463998,3.6309065708770003,0.8938645300827996,166.667197986065,430.83630124339,-1.0
78.32,0.0,1.0000000002165,0.13592325342287997,3.693381953179,0.8931310451031997,166.297361247223,430.47941415045,-1.0
78.36,0.0,1.0000000002165,0.13104049497504,3.7563364411735,0.8941701488242999,165.922187305868,430.25362843859,-1.0
78.4,0.0,1.0000000002165,0.13080277547903998,3.8190992868910003,0.8993656674297998,165.572757517811,430.18079433799,-1.0
78.44,0.0,1.0000000002165,0.12971877457727998,3.8817663114700003,0.8993656674297998,165.15394409708497,430.03512613679,-1.0
78.48,0.0,1.0000000002165,0.13137805665935998,3.9453915474340002,0.8697817732525999,164.67547958944897,429.79841530984,-1.0
78.52,0.0,1.0000000002165,0.12481462137479998,4.0077711085975,0.8422149627692996,164.22935224998,429.72558120924,-1.0
78.56,0.0,1.0000000002165,0.1222591367928,4.0708214177305,0.8578626423340996,163.80112023658398,429.78020678469,-1.0
78.6,0.0,1.0000000002165,0.11991522256223999,4.133775905725,0.8747327968648997,163.308527839943,429.66731392876,-1.0
78.64,0.0,1.0000000002165,0.11314734851111999,4.1963471091655,0.8906860951711999,162.765702949062,429.48887038229,-1.0
78.68,0.0,1.0000000002165,0.10785808972512,4.260068166268001,0.9131796345455996,162.16730836142798,429.14290840444,-1.0
78.72,0.0,1.0000000002165,0.10383349865783999,4.321968621739,0.9448417361649999,161.659018310337,429.17204204468,-1.0
78.76,0.0,1.0000000002165,0.10233824302799999,4.385114752010501,0.9624453756753999,161.06313534741497,428.95718144791,-1.0
78.8,0.0,1.0000000002165,0.13810551839615998,4.4479734188665,0.9662350480699997,160.46913610302698,428.79694642658995,-1.0
78.84,0.0,1.0000000002165,0.13765622854871998,4.5102571588915,0.9695968542264999,159.88895079455497,428.75324596623,-1.0
78.88,0.0,1.0000000002165,0.13362688309152,4.5740740371325,0.9549882783827996,159.271719021581,428.62942799521,-1.0
78.92,0.0,1.0000000002165,0.13360073394695998,4.6361661348805,0.8970429649943998,158.648522139916,428.57116071472996,-1.0
78.96,0.0,1.0000000002165,0.13167758322432,4.6990248017365,0.8632415321844995,158.046674068303,428.52381854934,-1.0
79.0,0.0,1.0000000002165,0.13038914355599998,4.7616918263155,0.8640972646606997,157.41248882852298,428.33809159281,-1.0
79.04,0.0,1.0000000002165,0.1295214673956,4.824071387479,0.8869575465248998,156.79368729010397,428.22155703184995,-1.0
79.08,0.0,1.0000000002165,0.12928374789959998,4.885588558396,0.9252210129606997,156.22260662121298,428.19242339160996,-1.0
79.12,0.0,1.0000000002165,0.1290460284036,4.9472015504515,0.9828607076075997,155.664084075882,428.18513998155,-1.0
79.16,0.0,1.0000000002165,0.13175127626807998,5.0098685750305005,1.0155007891997996,155.03366627316998,427.86831164394,-1.0
79.2,0.0,1.0000000002165,0.09999908318735999,5.0723439573325,1.0120778592949997,154.41486473475098,427.63888422704997,-1.0
79.24,0.0,1.0000000002165,0.10249989228527999,5.1348193396345,0.9808436239136995,153.745202795914,427.25286349387,-1.0
79.28,0.0,1.0000000002165,0.10646743067351999,5.1997860715375,0.8886078877289996,153.15811051948398,427.06713653734,-1.0
79.32,0.0,1.0000000002165,0.11274322536791999,5.2620698115625,0.8512612775176995,152.57855311718998,426.82678400535997,-1.0
79.36,0.0,1.0000000002165,0.11985816988319999,5.328473860543,0.8474104813747996,152.07685608096799,426.72845796955,-1.0
79.4,0.0,1.0000000002165,0.12570844667976,5.391140885122001,0.8513224012659997,151.589286933751,426.61556511362,-1.0
79.44,0.0,1.0000000002165,0.1263122541996,5.453807909701,0.8607354585041995,151.095752677843,426.418913042,-1.0
79.48,0.0,1.0000000002165,0.1273344480324,5.5169540399725,0.8642195121572995,150.62262537272,426.16763539492996,-1.0
79.52,0.0,1.0000000002165,0.13297077728256,5.5789503165820005,0.8659921008579996,150.220137512622,426.0911595893,-1.0
79.56,0.0,1.0000000002165,0.13252148743512,5.642192267992001,0.8730213319124998,149.815138027812,425.85444876235,-1.0
79.6,0.0,1.0000000002165,0.12955950251495998,5.705242577125,0.8878744027493997,149.367126969809,425.42472756881,-1.0
79.64,0.0,1.0000000002165,0.1414787580444,5.767909601704001,0.9272992204028996,149.07075525379298,425.35189346821,-1.0
79.68,0.0,1.0000000002165,0.14124103854839998,5.8316306588065006,0.9445972411717998,148.75272077463597,425.08969070604996,-1.0
79.72,0.0,1.0000000002165,0.14163089852184,5.893914398831501,0.9441693749336997,148.47518624396,424.88575522437,-1.0
79.76,0.0,1.0000000002165,0.14139080183088,5.9569647079645005,0.9414799300084997,148.25227955077,424.72552020305,-1.0
79.8,0.0,1.0000000002165,0.14513012950295998,6.0201108382360005,0.9282160766273999,148.06045421339098,424.57621029681997,-1.0
79.84,0.0,1.0000000002165,0.14447164649903999,6.082586220538,0.9263212404300996,147.954338069309,424.52158472136995,-1.0
79.88,0.0,1.0000000002165,0.14276719771271998,6.146211456502001,0.9242430329878997,147.858582377164,424.43418380065,-1.0
79.92,0.0,1.0000000002165,0.14399383031208,6.208399375388501,0.9250987654640999,147.83566380166698,424.43782550568,-1.0
79.96,0.0,1.0000000002165,0.14626405149888,6.271353863383,0.9304165315661996,147.843198675803,424.37955822519996,-1.0
80.0,0.0,1.0000000002165,0.14497798902551998,0.051220478794000004,0.9458808398860996,147.855128893185,424.23024831897,-1.0
80.04,0.0,1.0000000002165,0.14474026952952,0.113695861096,0.9985695109206998,147.94209389883798,424.12099716806995,-1.0
80.08,0.0,1.0000000002165,0.14763807018576,0.175979601121,1.032859933717,148.09247742846898,424.19383126866995,-1.0
80.12,0.0,1.0000000002165,0.1473979734948,0.238071698869,1.0307206025264999,148.17504709087598,423.89156975118,-1.0
80.16,0.0,1.0000000002165,0.14527513839551998,0.30131365027900003,1.0261363214039996,148.3684421937,423.83330247069995,-1.0
80.2,0.0,1.0000000002165,0.14733616642584,0.3644597805505,1.0222244015128,148.58098843495299,423.73133472985995,-1.0
80.24,0.0,1.0000000002165,0.14855804463528,0.4271268051295,1.0351826361524,148.833406718509,423.60751675883995,-1.0
80.28,0.0,1.0000000002165,0.14581238445647998,0.4926684638635,1.0643386640914998,149.12098774803297,423.50919072303,-1.0
80.32,0.0,0.0,0.14160474937728,0.5546647404730001,1.0772968987310998,149.39318507619598,423.26155478098997,-1.0
80.36,0.0,0.0,0.13593751659264,0.6179066918830001,1.0307817262747996,149.66224287346898,422.95200985343996,-1.0
80.4,0.0,0.0,0.13528141078368,0.6809570010160001,0.9617118906957995,150.02674240979798,422.84640040756994,-1.0
80.44,0.0,0.0,0.1325405049948,0.7435282044565001,0.9407464450288998,150.436451190943,422.70073220637,-1.0
80.48,0.0,0.0,0.13397395355567998,0.8074409038360001,0.9244875279810998,150.935008696275,422.78084971703,-1.0
80.52,0.0,0.0,0.12726788657351998,0.8698204649995,0.9289495616069998,151.480973118046,422.86460893272,-1.0
80.56,0.0,0.0,0.12244455799967999,0.9328707741325001,0.9343284514573997,151.98863526295898,422.78449142206,-1.0
80.6,0.0,0.0,0.11783042258231999,0.9963043678195,0.9537658034167995,152.509797390699,422.64246492588995,-1.0
80.64,0.0,0.0,0.11092467122352,1.0591630346755,1.0117111168051998,153.08715712136998,422.52228865989997,-1.0
80.68,0.0,0.0,0.10527407880359999,1.122884091778,1.0186181003630996,153.69716797329698,422.55142230013996,-1.0
80.72,0.0,0.0,0.10400227949999999,1.1858385797725002,1.0780915074589998,154.332922978522,422.58419764541,-1.0
80.76,0.0,0.0,0.10981452117719999,1.2486972466285,1.1089590003504997,154.855340918618,422.38390386875994,-1.0
80.8,0.0,0.0,0.1093747401096,1.3121308403155,1.1141545189559996,155.42893321222098,422.31471147318996,-1.0
80.84,0.0,0.0,0.10830975676751999,1.374702043756,1.1006461705816997,156.04145568886,422.36205363858,-1.0
80.88,0.0,0.0,0.10870437113088,1.4384231008585002,1.0202684415671999,156.65680374329997,422.44945455929997,-1.0
80.92,0.0,0.0,0.10264490117783999,1.5011859465760002,0.9754036103149999,157.215326288631,422.26372760276996,-1.0
80.96,0.0,0.0,0.10199830414871999,1.5638529711550002,0.9564552483419999,157.77918603647498,422.08892576132996,-1.0
81.0,0.0,0.0,0.10301812078655999,1.6274782071190002,0.9872616174851996,158.450731693846,422.20181861725996,-1.0
81.04,0.0,0.0,0.10258071691392,1.6897619471440002,1.0440455796558998,159.050068140747,422.08892576132996,-1.0
81.08,0.0,0.0,0.10255932215927999,1.7508000123685001,1.0789472399351996,159.571230268487,421.70290502815,-1.0
81.12,0.0,0.0,0.10565680719215999,1.8130837523935002,1.0854263572549998,160.14262489046698,421.57180364707,-1.0
81.16,0.0,0.0,0.10646743067351999,1.8749842078645,1.0723458751187995,160.76299619433098,421.67741309293996,-1.0
81.2,0.0,0.0,0.10207912877735999,1.9379386958590001,1.0640941690982997,161.40628607369197,421.84128981928995,-1.0
81.24,0.0,0.0,0.10621544800775999,2.000222435884,1.0544977406151999,162.00844809839398,421.95782438025,-1.0
81.28,0.0,0.0,0.10972656496368,2.064422598679,1.0335934186965998,162.515482337129,421.81943958910995,-1.0
81.32,0.0,0.0,0.11635180731719999,2.1273770866735,1.0092050431248998,163.046377010628,421.81215617904996,-1.0
81.36,0.0,0.0,0.12193583827823999,2.1901399323910002,0.9971025409614995,163.56565541983397,421.81943958910995,-1.0
81.4,0.0,0.0,0.12627184188527998,2.253381883801,0.9829829551041995,164.048515270716,421.75024719353996,-1.0
81.44,0.0,0.0,0.12832336113575998,2.316240550657,0.9773595702605995,164.52384024746198,421.77573912875,-1.0
81.48,0.0,0.0,0.12621954359616,2.3794825020670003,1.0211852977916998,165.06603723216497,421.98695802048996,-1.0
81.52,0.0,0.0,0.13657222764695998,2.4424369900615,1.0287035188325997,165.51938549268098,422.0852840563,-1.0
81.56,0.0,0.0,0.1348820420304,2.5050081935020003,1.0323098199822995,165.92846636764799,422.12898451665995,-1.0
81.6,0.0,0.0,0.13526952480888,2.5681543237735003,1.0322486962339998,166.29139613853198,422.13262622169,-1.0
81.64,0.0,0.0,0.14395341799775999,2.630725527214,1.0335322949482997,166.61068643004498,422.13990963174996,-1.0
81.68,0.0,0.0,0.14288605746072,2.693775836347,1.0255250839209995,166.90643023988298,422.13990963174996,-1.0
81.72,0.0,0.0,0.14679654316992,2.7565386820645004,1.0276032913631998,167.11206951317797,422.00880825067,-1.0
81.76,0.0,0.0,0.14655882367391998,2.8192057066435003,1.0233857527305,167.39148776238798,422.1945352072,-1.0
81.8,0.0,0.0,0.15150338919071998,2.8822560157765,1.0194127090909997,167.52334805976798,422.02337507079,-1.0
81.84,0.0,0.0,0.15105647653823998,2.9449230403555,1.0154396654514999,167.60591772217498,421.84493152432,-1.0
81.88,0.0,0.0,0.14833221111408,3.0080691706270004,1.0117111168051998,167.74405708133497,421.9396158551,-1.0
81.92,0.0,0.0,0.15161511735383998,3.0708320163445,1.0089605481316997,167.787696560706,421.88863198468,-1.0
81.96,0.0,0.0,0.15179102978088,3.1334990409235,1.0067600931928995,167.85394066248497,422.00152484061,-1.0
82.0,0.0,0.0,0.14886232559016,3.196645171195,1.0022369358186998,167.856452287197,422.03794189090996,-1.0
82.04,0.0,0.0,0.14820859697615998,3.259312195774,0.9966746747233999,167.75755706416197,421.87406516455997,-1.0
82.08,0.0,0.0,0.15086867813639998,3.3209251878295003,0.9916625273627999,167.631975828562,421.7211135533,-1.0
82.12,0.0,0.0,0.15001051075584,3.383688033547,0.9941686010430999,167.48190625202,421.67741309293996,-1.0
82.16,0.0,0.0,0.14687736779855998,3.4462592369875003,0.9999753571315999,167.346592470661,421.76481401366,-1.0
82.2,0.0,0.0,0.14519193657191998,3.509405367259,1.0150729229617,167.17297641244397,421.88499027964997,-1.0
82.24,0.0,0.0,0.14288605746072,3.571880749561,1.0219187827712997,167.03169752239398,422.1945352072,-1.0
82.28,0.0,0.0,0.13748269331663998,3.6364641969100004,1.0283979000910999,166.810674547738,422.35477022851995,-1.0
82.32,0.0,0.0,0.13435192755432,3.6988437580735,1.0288257663291995,166.518698174968,422.413037509,-1.0
82.36,0.0,0.0,0.12812605395408,3.7611274980985003,1.0293147563155998,166.152000967016,422.32199488325,-1.0
82.4,0.0,0.0,0.12727264096344,3.8241778072315005,1.0312707162611998,165.76112937121098,422.30014465307,-1.0
82.44,0.0,0.0,0.13013953808519999,3.8864615472565003,1.0294981275604997,165.32630434294597,422.20181861725996,-1.0
82.48,0.0,0.0,0.12763397459735998,3.9493202141125003,1.0034594107847,164.85003750693298,422.13990963174996,-1.0
82.52,0.0,0.0,0.12533522707104,4.0119872386915,0.9691689879883998,164.34111954966397,422.04522530096995,-1.0
82.56,0.0,0.0,0.12262522481664,4.074558442132,0.9832274500973996,163.83471321710698,421.95054097019,-1.0
82.6,0.0,0.0,0.1199175997572,4.1378962146805005,0.9934351160634995,163.25641162716897,421.76845571868995,-1.0
82.64,0.0,0.0,0.11328998020871998,4.2003715969825,1.0029704207982997,162.73273787471697,421.77573912875,-1.0
82.68,0.0,0.0,0.10810769519591999,4.2634219061155,1.0270531776285,162.16981998614,421.72475525833,-1.0
82.72,0.0,0.0,0.10416630595224,4.326184751833,1.0534586368940997,161.66027412269298,421.86314004946996,-1.0
82.76,0.0,0.0,0.12208797875567999,4.388947597550501,1.0689840689622998,160.99751915181398,421.56087853198,-1.0
82.8,0.0,0.0,0.1360825254852,4.4523811912375,1.0681894602343998,160.38028737884,421.52081977665,-1.0
82.84,0.0,0.0,0.13378615515384,4.514569110124,1.0729571126017996,159.87231128083798,421.81579788408,-1.0
82.88,0.0,0.0,0.13314193531968,4.578002703811,1.0562703293159,159.2312190731,421.77938083377995,-1.0
82.92,0.0,0.0,0.13332022494168,4.6403822649745,1.0071879594309996,158.651975623895,421.95054097019,-1.0
82.96,0.0,0.0,0.13123304776679998,4.702857647276501,0.9784597977299998,158.097220515632,422.19089350216996,-1.0
83.0,0.0,0.0,0.12996838004807998,4.7659079564095,0.9782153027367997,157.51169800464697,422.32199488325,-1.0
83.04,0.0,0.0,0.12911972144736,4.8278084118805005,0.9934962398117997,156.921466197327,422.39118727882,-1.0
83.08,0.0,0.0,0.12888675634128,4.88980468849,1.0240581139617997,156.26844377220698,422.28921953798,-1.0
83.12,0.0,0.0,0.12886060719672,4.952471713069,1.0736294738330998,155.612281816197,422.06707553114995,-1.0
83.16,0.0,0.0,0.13212687307176,5.0150429165095005,1.1049248329626997,154.97118960845899,421.91776562492,-1.0
83.2,0.0,0.0,0.10020589914887999,5.078572331335001,1.0972232406768998,154.38786476909698,421.94689926515997,-1.0
83.24,0.0,0.0,0.10285884872423999,5.140281144529,1.0633606841186998,153.80673760135798,421.96146608528,-1.0
83.28,0.0,0.0,0.10674556248383998,5.205247876432001,0.9961245609886995,153.24884296220498,422.04886700599997,-1.0
83.32,0.0,0.0,0.1128929886504,5.2678190798725,0.9540714221582998,152.623448408917,421.73568037342,-1.0
83.36,0.0,0.0,0.12006498584471999,5.327132364604,0.9407464450288998,152.03384450777497,421.55359512191995,-1.0
83.4,0.0,0.0,0.12600321885479998,5.390470137152501,0.9406241975322995,151.5707637015,421.67741309293996,-1.0
83.44,0.0,0.0,0.12659276320488,5.452466413762,0.9443527461785997,151.112706144649,421.73568037342,-1.0
83.48,0.0,0.0,0.12759356228304,5.5159958285875,0.9466143248656995,150.636125355547,421.64827945269997,-1.0
83.52,0.0,0.0,0.12982812554544,5.578567032028,0.9505873685051998,150.21071891995197,421.59365387724995,-1.0
83.56,0.0,0.0,0.13123780215671998,5.6413298777455,0.9505262447568996,149.769300876818,421.43706056096,-1.0
83.6,0.0,0.0,0.12998026602288,5.7045718291555,0.9647680781107999,149.38565020206,421.320526,-1.0
83.64,0.0,0.0,0.13467522606888,5.766568105765001,1.0004643471179997,149.09901103180297,421.45162738107996,-1.0
83.68,0.0,0.0,0.14162614413191998,5.8299058783135,1.0177012441385997,148.844709029713,421.54631171185997,-1.0
83.72,0.0,0.0,0.14221331128703998,5.8921896183385005,1.0186181003630996,148.63498836626098,421.67012968288,-1.0
83.76,0.0,0.0,0.14177353021943997,5.955048285194501,1.0094495381181,148.35117477380498,421.48076102131995,-1.0
83.8,0.0,0.0,0.1454367876528,6.0180985943275,1.0008922133560998,148.19670985401697,421.54995341689,-1.0
83.84,0.0,0.0,0.14499700658519998,6.0801906920755,0.9969191697165996,148.055744917056,421.59365387724995,-1.0
83.88,0.0,0.0,0.14332583852831998,6.143624285762501,0.9895231961722999,147.93989622721497,421.54267000682995,-1.0
83.92,0.0,0.0,0.14432188321655998,6.206003846926,0.9851222862946996,147.889977686064,421.59365387724995,-1.0
83.96,0.0,0.0,0.14654693769912,6.268862513782,0.9907456711382996,147.90693115287,421.75388889857,-1.0
84.0,0.0,0.0,0.14549146313688,0.0488249503315,1.0032149157914998,147.92514043203198,421.71747184826995,-1.0
84.04,0.0,0.0,0.14505168206927999,0.111012869218,1.0560869580709995,148.021837983444,421.82672299917,-1.0
84.08,0.0,0.0,0.14789005285152,0.172913324689,1.0864654609760995,148.203302868886,422.08892576132996,-1.0
84.12,0.0,0.0,0.14785914931704,0.235388706991,1.0787638686902996,148.31726784019298,422.04886700599997,-1.0
84.16,0.0,0.0,0.145781480922,0.298247373847,1.0718568851323997,148.46702346364597,422.00516654563995,-1.0
84.2,0.0,0.0,0.14759528067647998,0.36168096753400003,1.0705732864181,148.72791848060498,422.18361009211,-1.0
84.24,0.0,0.0,0.14879338693632,0.42377306528200004,1.0796807249147995,148.924767067408,422.06343382612,-1.0
84.28,0.0,0.0,0.14610240224159998,0.48873979718500005,1.1040079767381998,149.156150494001,421.87770686959,-1.0
84.32,0.0,0.0,0.14198034618095998,0.5511193583485001,1.1145823851940997,149.34954559682498,421.56816194204,-1.0
84.36,0.0,0.0,0.13356507602256,0.6139780252045001,1.0676393464996998,149.632417330014,421.4661942012,-1.0
84.4,0.0,0.0,0.13149216201744,0.6772199766145001,0.9960023134920997,150.0009982565,421.49532784144,-1.0
84.44,0.0,0.0,0.13269264547224,0.7395037166395001,0.9780930552401998,150.500497621099,421.83036470419995,-1.0
84.48,0.0,0.0,0.13409756769359998,0.8030331314650001,0.9522988334575997,150.986183049782,421.94689926515997,-1.0
84.52,0.0,0.0,0.12732493925256,0.8651252292130001,0.9528489471922996,151.42791504600498,421.88863198468,-1.0
84.56,0.0,0.0,0.12504996367583998,0.9282713594845001,0.9531545659337999,151.95661204788098,422.00880825067,-1.0
84.6,0.0,0.0,0.11808002805311998,0.9912258474790001,0.9635456031447998,152.46647186441697,421.99788313557997,-1.0
84.64,0.0,0.0,0.11049915332567999,1.0534137663655,1.0268698063836,153.04665717288898,422.03794189090996,-1.0
84.68,0.0,0.0,0.10720911550104,1.117134823468,1.0379943285741997,153.695912160941,422.30014465307,-1.0
84.72,0.0,0.0,0.10412351644295999,1.1794185634930001,1.0944726720033997,154.360236897265,422.59876446553,-1.0
84.76,0.0,0.0,0.10981927556712,1.2427563360415002,1.1252790411465994,154.92660826982097,422.53321377499,-1.0
84.8,0.0,0.0,0.11040881991719999,1.3060941085900002,1.1272961248404996,155.529084247612,422.57327253031997,-1.0
84.84,0.0,0.0,0.10834541469192,1.3686653120305001,1.1158048601600998,156.18085086037598,422.73350755163995,-1.0
84.88,0.0,0.0,0.10873052027543999,1.432386369133,1.0379332048258996,156.76888499607298,422.73350755163995,-1.0
84.92,0.0,0.0,0.10279466446032,1.4948617514350002,0.9888508349409997,157.30919826224198,422.54049718504996,-1.0
84.96,0.0,0.0,0.10216233060095999,1.5583911662605001,0.9721640516550996,157.911674240033,422.44581285426995,-1.0
85.0,0.0,0.0,0.10316075248416,1.6213456542550002,0.9991807484036999,158.514778124002,422.39482898384995,-1.0
85.04,0.0,0.0,0.10273048019639999,1.683821036557,1.0519305431865997,159.090568089228,422.17632668205,-1.0
85.08,0.0,0.0,0.10271146263671999,1.7462964188590002,1.0950227857380996,159.68802081759497,422.04522530096995,-1.0
85.12,0.0,0.0,0.10574476340568,1.8084843377455002,1.1014407793095997,160.25941543957498,421.9396158551,-1.0
85.16,0.0,0.0,0.10653874652232,1.8721095737095002,1.0875045646971997,160.87444954092598,421.98695802048996,-1.0
85.2,0.0,0.0,0.10346265624407999,1.935255703981,1.0821867985951,161.53029754384698,422.22731055247,-1.0
85.24,0.0,0.0,0.10629151824647999,1.9975394440060001,1.0720402563772997,162.10263402509398,422.20181861725996,-1.0
85.28,0.0,0.0,0.10993575812015999,2.063272745017,1.0541921218736996,162.639179854195,422.17632668205,-1.0
85.32,0.0,0.0,0.11662993912752,2.1252690216265,1.0316985824993,163.157516404134,422.13626792672,-1.0
85.36,0.0,0.0,0.12433918238279999,2.1911939649145,1.0142783142337999,163.68056225040797,422.13262622169,-1.0
85.4,0.0,0.0,0.12655235089056,2.2541484529090003,0.9972247884580998,164.13359655783498,422.0124499557,-1.0
85.44,0.0,0.0,0.12550876230312,2.316432192934,0.9944130960362996,164.63058429772198,422.05615041605995,-1.0
85.48,0.0,0.0,0.13524575285927998,2.3804407134520003,1.0388500610504,165.153630143996,422.23823566756,-1.0
85.52,0.0,0.0,0.1368432278724,2.4422453477845,1.0470406433225996,165.59724585875298,422.28557783294997,-1.0
85.56,0.0,0.0,0.13519107737519998,2.5056789414715004,1.0455736733633998,165.92155939968998,422.05979212108997,-1.0
85.6,0.0,0.0,0.13556905137383998,2.568441787189,1.0450235596286999,166.23865201957997,421.95418267521995,-1.0
85.64,0.0,0.0,0.14753109641256,2.6305338849370004,1.0402559072612996,166.52403537748097,421.79758935893,-1.0
85.68,0.0,0.0,0.14871969389255998,2.6943507631780004,1.0364662348666998,166.81852337496298,421.85949834444,-1.0
85.72,0.0,0.0,0.14828466721487998,2.756251218649,1.0391556797918997,167.07910443883299,421.85221493437996,-1.0
85.76,0.0,0.0,0.14866026401856,2.8195889911975,1.0320653249890999,167.29510416406498,421.85221493437996,-1.0
85.8,0.0,0.0,0.1518789859944,2.8824476580535,1.0305983550298996,167.49603414102498,421.91048221486,-1.0
85.84,0.0,0.0,0.15144158212175998,2.94463557694,1.0304761075332998,167.65646416950398,421.94325756012995,-1.0
85.88,0.0,0.0,0.14856993061007998,3.008452455181,1.0255250839209995,167.78173145201498,422.03065848085,-1.0
85.92,0.0,0.0,0.15178627539095998,3.0704487317905,1.0285201475876997,167.907312687615,422.18725179714,-1.0
85.96,0.0,0.0,0.15215949499967998,3.133786504339,1.0243026089549998,167.90009176656798,422.11077599150997,-1.0
86.0,0.0,0.0,0.14929022068296,3.1967409923335004,1.0181291103766998,167.895696423322,422.11805940156995,-1.0
86.04,0.0,0.0,0.14844869366712,3.2588330900815,1.0087771768867997,167.79648724719797,421.93233244503995,-1.0
86.08,0.0,0.0,0.15105409934327999,3.3211168301065004,0.9996086146417995,167.61973165809098,421.64099604264,-1.0
86.12,0.0,0.0,0.15041463389904,3.3831131067160003,1.0064544744513997,167.50388296825,421.66284627282,-1.0
86.16,0.0,0.0,0.14734567520567998,3.446355058126,1.0131780867643996,167.38615055987498,421.84857322935,-1.0
86.2,0.0,0.0,0.14549146313688,3.5093095461205004,1.0280922813495996,167.22760424992998,421.98331631545994,-1.0
86.24,0.0,0.0,0.14343518949648,3.5714016438685,1.0349992649074995,167.04676727066598,422.18725179714,-1.0
86.28,0.0,0.0,0.1425960396756,3.6369433026025004,1.0368941011047998,166.74913974229398,422.09985087641996,-1.0
86.32,0.0,0.0,0.13689790335648,3.6988437580735,1.0382388235673998,166.48604705371199,422.22731055247,-1.0
86.36,0.0,0.0,0.12836615064503998,3.761989888345,1.0387889373020998,166.20191950816698,422.44217114924,-1.0
86.4,0.0,0.0,0.12773381678568,3.8249443763395004,1.0438010846626997,165.816071161786,422.38754557378996,-1.0
86.44,0.0,0.0,0.13054128403343998,3.8871322952260003,1.0375664623360996,165.319083421899,422.11805940156995,-1.0
86.48,0.0,0.0,0.12120603942552,3.9507575311900003,1.0144005617303997,164.90403743824098,422.23459396252997,-1.0
86.52,0.0,0.0,0.12563237644104,4.012657986661,0.9807825001653998,164.42086363426998,422.21274373234996,-1.0
86.56,0.0,0.0,0.12297704967071998,4.0759957592095,0.9930072498253999,163.86108527658297,421.99059972552,-1.0
86.6,0.0,0.0,0.12012203852376,4.1384711415115,1.0033982870363998,163.33081850926197,421.91048221486,-1.0
86.64,0.0,0.0,0.11342548032144,4.200850702675,1.0131780867643996,162.79019129000397,421.90319880479996,-1.0
86.68,0.0,0.0,0.10834779188687998,4.264284296362001,1.0397057935265996,162.24830825838998,421.88134857461995,-1.0
86.72,0.0,0.0,0.10428516570023999,4.3262805729715,1.0631161891254997,161.69386710321598,421.88863198468,-1.0
86.76,0.0,0.0,0.12184312767479999,4.3895225243815,1.0811476948739998,161.054658614012,421.67741309293996,-1.0
86.8,0.0,0.0,0.13555478820407998,4.4519979066835,1.0826757885814997,160.46536866595898,421.67377138791,-1.0
86.84,0.0,0.0,0.13330596177192,4.514664931262501,1.0835315210577,159.895543809424,421.80851447402,-1.0
86.88,0.0,0.0,0.13267362791256,4.5774277769800005,1.0735072263364995,159.35899798032298,422.05615041605995,-1.0
86.92,0.0,0.0,0.13284954033959998,4.639711517005001,1.0186792241113998,158.749615034574,422.16175986192997,-1.0
86.96,0.0,0.0,0.13080277547903998,4.7030492895535,0.9940463535464996,158.13552279248998,422.20910202732,-1.0
87.0,0.0,0.0,0.12956663409983998,4.7651413873015,0.9935573635600998,157.587360699096,422.44581285426995,-1.0
87.04,0.0,0.0,0.12873223866887998,4.828191696434501,1.0032760395397995,156.96604753596498,422.46402137942,-1.0
87.08,0.0,0.0,0.12850402795271998,4.8895172250745,1.0395224222816997,156.309885579955,422.28557783294997,-1.0
87.12,0.0,0.0,0.12827819443152,4.951321859407001,1.0876268121937995,155.730014224572,422.36569534360996,-1.0
87.16,0.0,0.0,0.13087409132783998,5.014563810817,1.1225284724730993,155.135701027095,422.32563658827996,-1.0
87.2,0.0,0.0,0.11975832769487998,5.076464266288,1.1136655289695998,154.56493431129297,422.39847068887997,-1.0
87.24,0.0,0.0,0.1032059191884,5.1394187542825005,1.0818200561052995,153.93702813329298,422.28921953798,-1.0
87.28,0.0,0.0,0.10681212394272,5.203714738216,1.0142783142337999,153.40738927215,422.42396262409,-1.0
87.32,0.0,0.0,0.113035620348,5.265806835964001,0.9642790881243997,152.74212267655898,422.04886700599997,-1.0
87.36,0.0,0.0,0.12026704741632,5.330390283313,0.9593280645120998,152.183914084317,421.91776562492,-1.0
87.4,0.0,0.0,0.12628372786008,5.392482381061001,0.9592669407637997,151.654589176263,421.85221493437996,-1.0
87.44,0.0,0.0,0.12686376343032,5.4555326901940004,0.9646458306141996,151.198415337946,421.91776562492,-1.0
87.48,0.0,0.0,0.12784316775384,5.5183913570500005,0.9630566131583995,150.717125252509,421.78666424384,-1.0
87.52,0.0,0.0,0.130032564312,5.581058381629,0.9612840244576999,150.198160796392,421.47347761125997,-1.0
87.56,0.0,0.0,0.13161577615536,5.6442045119005,0.9646458306141996,149.77809156331,421.35694305029995,-1.0
87.6,0.0,0.0,0.13038201197111998,5.706392430787,0.9791932827095997,149.47638264478098,421.55723682695,-1.0
87.64,0.0,0.0,0.14222519726184,5.7695385610585,1.0103052705942996,149.194766723948,421.66648797784995,-1.0
87.68,0.0,0.0,0.14440983943007998,5.832301406776001,1.0302316125400997,148.912522896937,421.66284627282,-1.0
87.72,0.0,0.0,0.14277195210264,5.894968431355,1.0305372312816,148.666069722072,421.71018843820997,-1.0
87.76,0.0,0.0,0.14213961824327997,5.958210382765,1.0196572040841998,148.42715142134298,421.61550410742996,-1.0
87.8,0.0,0.0,0.14572918263287998,6.0205899439285,1.0091439193765996,148.228419116006,421.60822069737,-1.0
87.84,0.0,0.0,0.1456982790984,6.0837360742,1.0072490831792997,148.14114015726398,421.76845571868995,-1.0
87.88,0.0,0.0,0.14386070739432,6.146594741056,0.9973470359546996,147.97600083244998,421.58637046718997,-1.0
87.92,0.0,0.0,0.14684646426408,6.209261765635,0.9908067948865997,147.89939627873397,421.55723682695,-1.0
