time_s,RequestScannerOn_raw,RecordScannerOn_raw,Periodicity_raw,Phase_raw,Left-Right_raw,Ant.-Post._raw,Head-Feet_raw,MarkerBlockFound_raw
0.0,0.0,0.0,55988.0,782.0,1327.0,397.0,65140.0,0.0
0.04,0.0,0.0,56875.0,1433.0,2198.0,493.0,65087.0,0.0
0.08,0.0,0.0,56401.0,2076.0,2390.0,955.0,65132.0,0.0
0.12,0.0,0.0,56078.0,2727.0,2322.0,1302.0,65089.0,0.0
0.16,0.0,0.0,57720.0,3385.0,2163.0,1961.0,65122.0,0.0
0.2,0.0,0.0,57851.0,4043.0,2017.0,2581.0,65093.0,0.0
0.24,0.0,0.0,56320.0,4694.0,2364.0,3521.0,65131.0,0.0
0.28,0.0,0.0,56451.0,5368.0,2899.0,4519.0,65162.0,0.0
0.32,0.0,0.0,53111.0,6022.0,2804.0,5569.0,65168.0,0.0
0.36,0.0,0.0,53092.0,6677.0,1538.0,6525.0,65145.0,0.0
0.4,0.0,0.0,52168.0,7336.0,837.0,7771.0,65155.0,0.0
0.44,0.0,0.0,48985.0,7985.0,489.0,8820.0,65065.0,0.0
0.48,0.0,0.0,51227.0,8642.0,153.0,10095.0,65016.0,0.0
0.52,0.0,0.0,48799.0,9294.0,120.0,11621.0,65018.0,0.0
0.56,0.0,0.0,48480.0,9948.0,180.0,13272.0,65048.0,0.0
0.6,0.0,0.0,45754.0,10606.0,653.0,15223.0,65120.0,0.0
0.64,0.0,0.0,43481.0,11255.0,1769.0,17379.0,65234.0,0.0
0.68,0.0,0.0,41811.0,11915.0,2132.0,19538.0,65335.0,0.0
0.72,0.0,0.0,41645.0,12570.0,3344.0,21572.0,65376.0,0.0
0.76,0.0,0.0,47191.0,13227.0,3455.0,23466.0,65379.0,0.0
0.8,0.0,0.0,47475.0,13885.0,3174.0,25323.0,65365.0,0.0
0.84,0.0,0.0,46407.0,14537.0,2396.0,27118.0,65351.0,0.0
0.88,0.0,0.0,46841.0,15195.0,1407.0,28991.0,65335.0,0.0
0.92,0.0,0.0,42622.0,15848.0,645.0,30878.0,65330.0,0.0
0.96,0.0,0.0,42907.0,16506.0,738.0,33085.0,65395.0,0.0
1.0,0.0,0.0,43341.0,17164.0,1390.0,35239.0,65424.0,0.0
1.04,0.0,0.0,44225.0,17814.0,2201.0,37326.0,65440.0,0.0
1.08,0.0,0.0,43760.0,18458.0,2478.0,39197.0,65381.0,0.0
1.12,0.0,0.0,44943.0,19112.0,2511.0,41324.0,65460.0,0.0
1.16,0.0,0.0,39086.0,19772.0,2348.0,43483.0,65529.0,0.0
1.2,0.0,0.0,40569.0,20434.0,2354.0,45341.0,65527.0,0.0
1.24,0.0,0.0,41752.0,21087.0,1968.0,47142.0,65535.0,0.0
1.28,0.0,0.0,43084.0,21761.0,1598.0,48528.0,65424.0,0.0
1.32,0.0,0.0,46059.0,22419.0,1220.0,50053.0,65390.0,0.0
1.36,0.0,0.0,46641.0,23060.0,1053.0,51497.0,65332.0,0.0
1.4,0.0,0.0,47521.0,23721.0,758.0,52758.0,65253.0,0.0
1.44,0.0,0.0,51537.0,24373.0,1053.0,53816.0,65123.0,0.0
1.48,0.0,0.0,52714.0,25029.0,1525.0,55008.0,65055.0,0.0
1.52,0.0,0.0,52695.0,25684.0,1697.0,56279.0,65051.0,0.0
1.56,0.0,0.0,52527.0,26338.0,1705.0,57633.0,65086.0,0.0
1.6,0.0,0.0,57580.0,26996.0,1564.0,58573.0,65043.0,0.0
1.64,0.0,0.0,57411.0,27646.0,1603.0,59459.0,65011.0,0.0
1.68,0.0,0.0,57390.0,28303.0,1621.0,60688.0,65124.0,0.0
1.72,0.0,0.0,59009.0,28958.0,1502.0,61355.0,65089.0,0.0
1.76,0.0,0.0,60180.0,29613.0,1506.0,62094.0,65111.0,0.0
1.8,0.0,0.0,58818.0,30272.0,1433.0,62601.0,65109.0,0.0
1.84,0.0,0.0,58649.0,30922.0,1367.0,62955.0,65090.0,0.0
1.88,0.0,0.0,59818.0,31579.0,1222.0,63063.0,65042.0,0.0
1.92,0.0,0.0,60095.0,32233.0,1148.0,63028.0,64991.0,0.0
1.96,0.0,0.0,58587.0,32889.0,1114.0,63084.0,64993.0,0.0
2.0,0.0,0.0,58417.0,33548.0,975.0,62983.0,64993.0,0.0
2.04,0.0,0.0,59437.0,34199.0,1044.0,62774.0,64990.0,0.0
2.08,0.0,0.0,58525.0,34840.0,1021.0,62698.0,65070.0,0.0
2.12,0.0,0.0,57910.0,35494.0,1198.0,62608.0,65180.0,0.0
2.16,0.0,0.0,58186.0,36150.0,1285.0,62034.0,65167.0,0.0
2.2,0.0,0.0,57424.0,36810.0,1342.0,61286.0,65159.0,0.0
2.24,0.0,0.0,57107.0,37462.0,1391.0,60281.0,65090.0,0.0
2.28,0.0,0.0,56494.0,38135.0,1408.0,59298.0,65085.0,0.0
2.32,0.0,0.0,53806.0,38792.0,1461.0,58238.0,65076.0,0.0
2.36,0.0,0.0,53046.0,39448.0,1393.0,57049.0,65059.0,0.0
2.4,0.0,0.0,52879.0,40109.0,1519.0,55922.0,65100.0,0.0
2.44,0.0,0.0,49455.0,40761.0,1371.0,54695.0,65126.0,0.0
2.48,0.0,0.0,50030.0,41420.0,711.0,53210.0,65131.0,0.0
2.52,0.0,0.0,48532.0,42070.0,626.0,52044.0,65230.0,0.0
2.56,0.0,0.0,48663.0,42729.0,889.0,50633.0,65280.0,0.0
2.6,0.0,0.0,45393.0,43384.0,1092.0,49384.0,65399.0,0.0
2.64,0.0,0.0,44343.0,44033.0,1284.0,47888.0,65452.0,0.0
2.68,0.0,0.0,42258.0,44692.0,1813.0,46196.0,65473.0,0.0
2.72,0.0,0.0,40767.0,45335.0,2115.0,44614.0,65526.0,0.0
2.76,0.0,0.0,40309.0,45994.0,2217.0,42669.0,65508.0,0.0
2.8,0.0,0.0,65535.0,46648.0,2258.0,40663.0,65478.0,0.0
2.84,0.0,0.0,64627.0,47298.0,2404.0,38766.0,65499.0,0.0
2.88,0.0,0.0,64162.0,47963.0,1834.0,36411.0,65402.0,0.0
2.92,0.0,0.0,63992.0,48608.0,1025.0,34243.0,65365.0,0.0
2.96,0.0,0.0,63527.0,49273.0,652.0,32175.0,65363.0,0.0
3.0,0.0,0.0,62473.0,49924.0,775.0,30372.0,65404.0,0.0
3.04,0.0,0.0,60684.0,50574.0,1068.0,28474.0,65427.0,0.0
3.08,0.0,0.0,61399.0,51221.0,1723.0,26518.0,65412.0,0.0
3.12,0.0,0.0,60936.0,51862.0,2665.0,24753.0,65438.0,0.0
3.16,0.0,0.0,61209.0,52527.0,2817.0,22806.0,65424.0,0.0
3.2,0.0,0.0,38536.0,53179.0,2460.0,20749.0,65356.0,0.0
3.24,0.0,0.0,41464.0,53830.0,1638.0,18588.0,65277.0,0.0
3.28,0.0,0.0,41890.0,54509.0,587.0,16906.0,65316.0,0.0
3.32,0.0,0.0,43051.0,55152.0,140.0,15426.0,65390.0,0.0
3.36,0.0,0.0,46708.0,55837.0,43.0,13593.0,65318.0,0.0
3.4,0.0,0.0,48600.0,56486.0,94.0,11998.0,65305.0,0.0
3.44,0.0,0.0,50932.0,57139.0,122.0,10476.0,65307.0,0.0
3.48,0.0,0.0,49740.0,57804.0,262.0,9044.0,65287.0,0.0
3.52,0.0,0.0,48549.0,58447.0,382.0,7672.0,65265.0,0.0
3.56,0.0,0.0,47946.0,59115.0,353.0,6214.0,65185.0,0.0
3.6,0.0,0.0,51887.0,59762.0,743.0,5381.0,65266.0,0.0
3.64,0.0,0.0,53627.0,60417.0,1273.0,4484.0,65297.0,0.0
3.68,0.0,0.0,53022.0,61079.0,1467.0,3529.0,65258.0,0.0
3.72,0.0,0.0,53443.0,61721.0,1364.0,2863.0,65298.0,0.0
3.76,0.0,0.0,55181.0,62392.0,1293.0,1936.0,65207.0,0.0
3.8,0.0,0.0,54723.0,63039.0,1240.0,1384.0,65203.0,0.0
3.84,0.0,0.0,54411.0,63694.0,1160.0,1180.0,65277.0,0.0
3.88,0.0,0.0,55855.0,64357.0,1138.0,1104.0,65330.0,0.0
3.92,0.0,0.0,56420.0,64999.0,952.0,662.0,65241.0,0.0
3.96,0.0,0.0,55231.0,98.0,976.0,690.0,65260.0,0.0
4.0,0.0,0.0,55650.0,745.0,1282.0,553.0,65184.0,0.0
4.04,0.0,0.0,57237.0,1402.0,2213.0,894.0,65215.0,0.0
4.08,0.0,0.0,56925.0,2048.0,2372.0,1187.0,65193.0,0.0
4.12,0.0,0.0,56614.0,2692.0,2232.0,1708.0,65223.0,0.0
4.16,0.0,0.0,58053.0,3363.0,2182.0,2328.0,65226.0,0.0
4.2,0.0,0.0,58324.0,4011.0,2083.0,2937.0,65200.0,0.0
4.24,0.0,0.0,57138.0,4668.0,2404.0,3835.0,65226.0,0.0
4.28,0.0,0.0,56827.0,5348.0,2955.0,4838.0,65250.0,0.0
4.32,0.0,0.0,55351.0,5990.0,2752.0,5684.0,65215.0,0.0
4.36,0.0,0.0,53438.0,6662.0,1594.0,6609.0,65165.0,0.0
4.4,0.0,0.0,52547.0,7308.0,927.0,7800.0,65173.0,0.0
4.44,0.0,0.0,49182.0,7967.0,532.0,9040.0,65141.0,0.0
4.48,0.0,0.0,51492.0,8631.0,212.0,10411.0,65115.0,0.0
4.52,0.0,0.0,50166.0,9274.0,223.0,11973.0,65136.0,0.0
4.56,0.0,0.0,48840.0,9948.0,138.0,13596.0,65137.0,0.0
4.6,0.0,0.0,45626.0,10595.0,626.0,15520.0,65224.0,0.0
4.64,0.0,0.0,43722.0,11254.0,1772.0,17667.0,65317.0,0.0
4.68,0.0,0.0,41965.0,11918.0,1939.0,19789.0,65420.0,0.0
4.72,0.0,0.0,42966.0,12563.0,3361.0,21915.0,65488.0,0.0
4.76,0.0,0.0,45854.0,13236.0,3400.0,23824.0,65490.0,0.0
4.8,0.0,0.0,47288.0,13885.0,3220.0,25741.0,65505.0,0.0
4.84,0.0,0.0,47417.0,14543.0,2548.0,27404.0,65426.0,0.0
4.88,0.0,0.0,46241.0,15204.0,1461.0,29074.0,65379.0,0.0
4.92,0.0,0.0,43472.0,15848.0,726.0,30972.0,65362.0,0.0
4.96,0.0,0.0,42878.0,16518.0,742.0,33120.0,65411.0,0.0
5.0,0.0,0.0,43297.0,17164.0,1436.0,35168.0,65417.0,0.0
5.04,0.0,0.0,44296.0,17821.0,2172.0,37238.0,65414.0,0.0
5.08,0.0,0.0,43846.0,18467.0,2580.0,39278.0,65431.0,0.0
5.12,0.0,0.0,44988.0,19110.0,2531.0,41338.0,65458.0,0.0
5.16,0.0,0.0,39478.0,19776.0,2479.0,43229.0,65459.0,0.0
5.2,0.0,0.0,40332.0,20422.0,2327.0,45052.0,65450.0,0.0
5.24,0.0,0.0,42919.0,21074.0,1961.0,46633.0,65385.0,0.0
5.28,0.0,0.0,43482.0,21755.0,1663.0,48327.0,65388.0,0.0
5.32,0.0,0.0,46500.0,22393.0,1190.0,49699.0,65289.0,0.0
5.36,0.0,0.0,47927.0,23057.0,1076.0,51136.0,65240.0,0.0
5.4,0.0,0.0,47911.0,23707.0,807.0,52586.0,65211.0,0.0
5.44,0.0,0.0,51934.0,24361.0,1110.0,53951.0,65170.0,0.0
5.48,0.0,0.0,53070.0,25028.0,1607.0,55176.0,65110.0,0.0
5.52,0.0,0.0,53196.0,25668.0,1713.0,56320.0,65060.0,0.0
5.56,0.0,0.0,52889.0,26339.0,1716.0,57721.0,65121.0,0.0
5.6,0.0,0.0,56329.0,26988.0,1633.0,58766.0,65101.0,0.0
5.64,0.0,0.0,57893.0,27642.0,1550.0,59669.0,65076.0,0.0
5.68,0.0,0.0,57874.0,28307.0,1605.0,60562.0,65082.0,0.0
5.72,0.0,0.0,59293.0,28949.0,1550.0,61420.0,65110.0,0.0
5.76,0.0,0.0,60280.0,29618.0,1563.0,62357.0,65205.0,0.0
5.8,0.0,0.0,59252.0,30268.0,1547.0,63013.0,65227.0,0.0
5.84,0.0,0.0,58945.0,30922.0,1469.0,63218.0,65166.0,0.0
5.88,0.0,0.0,60074.0,31587.0,1343.0,63505.0,65170.0,0.0
5.92,0.0,0.0,60341.0,32229.0,1280.0,63676.0,65174.0,0.0
5.96,0.0,0.0,59028.0,32897.0,1200.0,63551.0,65131.0,0.0
6.0,0.0,0.0,58721.0,33546.0,1140.0,63498.0,65133.0,0.0
6.04,0.0,0.0,59849.0,34199.0,1087.0,63234.0,65127.0,0.0
6.08,0.0,0.0,58968.0,34848.0,1196.0,62938.0,65132.0,0.0
6.12,0.0,0.0,58230.0,35490.0,1323.0,62672.0,65189.0,0.0
6.16,0.0,0.0,58497.0,36157.0,1318.0,62087.0,65189.0,0.0
6.2,0.0,0.0,57904.0,36806.0,1447.0,61631.0,65251.0,0.0
6.24,0.0,0.0,56022.0,37458.0,1466.0,60688.0,65210.0,0.0
6.28,0.0,0.0,55859.0,38139.0,1560.0,59586.0,65149.0,0.0
6.32,0.0,0.0,54122.0,38781.0,1516.0,58309.0,65079.0,0.0
6.36,0.0,0.0,53531.0,39449.0,1533.0,57182.0,65091.0,0.0
6.4,0.0,0.0,51510.0,40094.0,1603.0,56331.0,65207.0,0.0
6.44,0.0,0.0,48489.0,40746.0,1527.0,55194.0,65269.0,0.0
6.48,0.0,0.0,50474.0,41409.0,826.0,53678.0,65236.0,0.0
6.52,0.0,0.0,49027.0,42051.0,647.0,52335.0,65307.0,0.0
6.56,0.0,0.0,47725.0,42718.0,919.0,50892.0,65339.0,0.0
6.6,0.0,0.0,45709.0,43368.0,1077.0,49370.0,65375.0,0.0
6.64,0.0,0.0,44694.0,44024.0,1401.0,47714.0,65393.0,0.0
6.68,0.0,0.0,42537.0,44689.0,1908.0,46006.0,65393.0,0.0
6.72,0.0,0.0,40953.0,45338.0,2263.0,44140.0,65386.0,0.0
6.76,0.0,0.0,53920.0,46006.0,2322.0,42270.0,65375.0,0.0
6.8,0.0,0.0,64882.0,46658.0,2449.0,40338.0,65379.0,0.0
6.84,0.0,0.0,63862.0,47313.0,2417.0,38529.0,65418.0,0.0
6.88,0.0,0.0,63556.0,47977.0,1823.0,36237.0,65330.0,0.0
6.92,0.0,0.0,63392.0,48625.0,956.0,34039.0,65297.0,0.0
6.96,0.0,0.0,62801.0,49290.0,695.0,32073.0,65309.0,0.0
7.0,0.0,0.0,60786.0,49945.0,940.0,30082.0,65308.0,0.0
7.04,0.0,0.0,60054.0,50602.0,1090.0,28030.0,65271.0,0.0
7.08,0.0,0.0,60887.0,51250.0,1713.0,26076.0,65263.0,0.0
7.12,0.0,0.0,60725.0,51903.0,2528.0,24179.0,65259.0,0.0
7.16,0.0,0.0,52601.0,52567.0,2760.0,22321.0,65262.0,0.0
7.2,0.0,0.0,40361.0,53220.0,2578.0,20433.0,65268.0,0.0
7.24,0.0,0.0,41768.0,53874.0,1813.0,18499.0,65237.0,0.0
7.28,0.0,0.0,42606.0,54555.0,727.0,16630.0,65221.0,0.0
7.32,0.0,0.0,43444.0,55211.0,187.0,15036.0,65257.0,0.0
7.36,0.0,0.0,47119.0,55872.0,0.0,13395.0,65249.0,0.0
7.4,0.0,0.0,47529.0,56526.0,14.0,11807.0,65252.0,0.0
7.44,0.0,0.0,51342.0,57181.0,208.0,10202.0,65206.0,0.0
7.48,0.0,0.0,49198.0,57843.0,330.0,8778.0,65199.0,0.0
7.52,0.0,0.0,47764.0,58495.0,382.0,7419.0,65179.0,0.0
7.56,0.0,0.0,48315.0,59157.0,346.0,5887.0,65076.0,0.0
7.6,0.0,0.0,51556.0,59813.0,614.0,4830.0,65093.0,0.0
7.64,0.0,0.0,52530.0,60465.0,1207.0,4129.0,65181.0,0.0
7.68,0.0,0.0,52229.0,61128.0,1532.0,3232.0,65171.0,0.0
7.72,0.0,0.0,54475.0,61779.0,1472.0,2586.0,65202.0,0.0
7.76,0.0,0.0,55730.0,62438.0,1449.0,1907.0,65191.0,0.0
7.8,0.0,0.0,55146.0,63093.0,1366.0,1286.0,65167.0,0.0
7.84,0.0,0.0,54845.0,63745.0,1277.0,1200.0,65271.0,0.0
7.88,0.0,0.0,56239.0,64407.0,1158.0,955.0,65288.0,0.0
7.92,0.0,0.0,56927.0,65057.0,1113.0,829.0,65288.0,0.0
7.96,0.0,0.0,55778.0,145.0,1049.0,653.0,65246.0,0.0
8.0,0.0,0.0,56747.0,800.0,1383.0,521.0,65171.0,0.0
8.04,0.0,0.0,57716.0,1451.0,2230.0,828.0,65186.0,0.0
8.08,0.0,0.0,57415.0,2097.0,2509.0,1160.0,65197.0,0.0
8.12,0.0,0.0,56972.0,2747.0,2538.0,1701.0,65214.0,0.0
8.16,0.0,0.0,58363.0,3405.0,2350.0,2091.0,65159.0,0.0
8.2,0.0,0.0,58766.0,4060.0,2202.0,2666.0,65118.0,0.0
8.24,0.0,0.0,57338.0,4710.0,2441.0,3454.0,65109.0,0.0
8.28,0.0,0.0,54643.0,5388.0,3024.0,4562.0,65180.0,0.0
8.32,0.0,0.0,53780.0,6038.0,2849.0,5464.0,65148.0,0.0
8.36,0.0,0.0,53762.0,6697.0,1732.0,6478.0,65143.0,0.0
8.4,0.0,0.0,52900.0,7353.0,978.0,7782.0,65169.0,0.0
8.44,0.0,0.0,49366.0,8003.0,624.0,9005.0,65133.0,0.0
8.48,0.0,0.0,51739.0,8665.0,348.0,10311.0,65094.0,0.0
8.52,0.0,0.0,50457.0,9316.0,296.0,11929.0,65123.0,0.0
8.56,0.0,0.0,49035.0,9974.0,340.0,13571.0,65156.0,0.0
8.6,0.0,0.0,46210.0,10631.0,826.0,15511.0,65219.0,0.0
8.64,0.0,0.0,43948.0,11278.0,1794.0,17503.0,65279.0,0.0
8.68,0.0,0.0,42108.0,11939.0,2060.0,19477.0,65328.0,0.0
8.72,0.0,0.0,41954.0,12587.0,3328.0,21549.0,65389.0,0.0
8.76,0.0,0.0,47130.0,13241.0,3394.0,23258.0,65339.0,0.0
8.8,0.0,0.0,47395.0,13894.0,3168.0,25134.0,65328.0,0.0
8.84,0.0,0.0,46117.0,14542.0,2470.0,26902.0,65304.0,0.0
8.88,0.0,0.0,46522.0,15202.0,1395.0,28726.0,65280.0,0.0
8.92,0.0,0.0,42585.0,15853.0,769.0,30717.0,65302.0,0.0
8.96,0.0,0.0,42991.0,16507.0,686.0,32832.0,65339.0,0.0
9.0,0.0,0.0,43396.0,17164.0,1313.0,34921.0,65345.0,0.0
9.04,0.0,0.0,44221.0,17812.0,2175.0,37029.0,65373.0,0.0
9.08,0.0,0.0,43787.0,18457.0,2553.0,39097.0,65377.0,0.0
9.12,0.0,0.0,45031.0,19110.0,2573.0,41239.0,65447.0,0.0
9.16,0.0,0.0,39564.0,19769.0,2496.0,43425.0,65527.0,0.0
9.2,0.0,0.0,40669.0,20424.0,2336.0,45082.0,65461.0,0.0
9.24,0.0,0.0,43310.0,21077.0,1970.0,46719.0,65427.0,0.0
9.28,0.0,0.0,43854.0,21753.0,1617.0,48238.0,65359.0,0.0
9.32,0.0,0.0,46911.0,22405.0,1251.0,49676.0,65299.0,0.0
9.36,0.0,0.0,48431.0,23063.0,1156.0,51100.0,65231.0,0.0
9.4,0.0,0.0,48833.0,23716.0,822.0,52445.0,65179.0,0.0
9.44,0.0,0.0,53838.0,24367.0,1069.0,53648.0,65090.0,0.0
9.48,0.0,0.0,53402.0,25028.0,1582.0,55054.0,65081.0,0.0
9.52,0.0,0.0,53663.0,25681.0,1725.0,56357.0,65088.0,0.0
9.56,0.0,0.0,53227.0,26340.0,1871.0,57822.0,65154.0,0.0
9.6,0.0,0.0,56692.0,26994.0,1757.0,58788.0,65113.0,0.0
9.64,0.0,0.0,58344.0,27647.0,1666.0,59755.0,65102.0,0.0
9.68,0.0,0.0,58325.0,28307.0,1737.0,60635.0,65104.0,0.0
9.72,0.0,0.0,59558.0,28960.0,1604.0,61436.0,65122.0,0.0
9.76,0.0,0.0,60929.0,29618.0,1645.0,62223.0,65156.0,0.0
9.8,0.0,0.0,59658.0,30272.0,1558.0,62769.0,65164.0,0.0
9.84,0.0,0.0,59221.0,30924.0,1416.0,62934.0,65081.0,0.0
9.88,0.0,0.0,60313.0,31584.0,1294.0,63145.0,65060.0,0.0
9.92,0.0,0.0,60849.0,32237.0,1112.0,63279.0,65060.0,0.0
9.96,0.0,0.0,59440.0,32896.0,1256.0,63370.0,65070.0,0.0
10.0,0.0,0.0,59421.0,33550.0,1213.0,63446.0,65126.0,0.0
10.04,0.0,0.0,60234.0,34203.0,1097.0,63144.0,65087.0,0.0
10.08,0.0,0.0,59381.0,34847.0,1179.0,62809.0,65085.0,0.0
10.12,0.0,0.0,58530.0,35500.0,1245.0,62512.0,65137.0,0.0
10.16,0.0,0.0,58788.0,36160.0,1264.0,61783.0,65081.0,0.0
10.2,0.0,0.0,58907.0,36816.0,1350.0,61153.0,65110.0,0.0
10.24,0.0,0.0,58056.0,37468.0,1427.0,60434.0,65129.0,0.0
10.28,0.0,0.0,56236.0,38143.0,1500.0,59695.0,65184.0,0.0
10.32,0.0,0.0,54556.0,38795.0,1559.0,58518.0,65134.0,0.0
10.36,0.0,0.0,53985.0,39453.0,1528.0,57417.0,65141.0,0.0
10.4,0.0,0.0,51891.0,40109.0,1593.0,56373.0,65204.0,0.0
10.44,0.0,0.0,48831.0,40762.0,1536.0,55096.0,65220.0,0.0
10.48,0.0,0.0,50889.0,41423.0,773.0,53456.0,65173.0,0.0
10.52,0.0,0.0,49490.0,42077.0,563.0,52142.0,65235.0,0.0
10.56,0.0,0.0,48092.0,42735.0,829.0,50843.0,65318.0,0.0
10.6,0.0,0.0,46004.0,43392.0,963.0,49248.0,65328.0,0.0
10.64,0.0,0.0,45022.0,44042.0,1329.0,47698.0,65369.0,0.0
10.68,0.0,0.0,42798.0,44703.0,1815.0,45995.0,65389.0,0.0
10.72,0.0,0.0,41266.0,45353.0,2222.0,44352.0,65426.0,0.0
10.76,0.0,0.0,53669.0,46012.0,2188.0,42353.0,65388.0,0.0
10.8,0.0,0.0,64134.0,46667.0,2328.0,40468.0,65398.0,0.0
10.84,0.0,0.0,63148.0,47317.0,2381.0,38638.0,65435.0,0.0
10.88,0.0,0.0,62989.0,47978.0,1921.0,36391.0,65371.0,0.0
10.92,0.0,0.0,62693.0,48625.0,1085.0,34363.0,65380.0,0.0
10.96,0.0,0.0,62122.0,49287.0,602.0,32160.0,65324.0,0.0
11.0,0.0,0.0,61000.0,49939.0,840.0,30225.0,65336.0,0.0
11.04,0.0,0.0,59466.0,50589.0,1085.0,28228.0,65320.0,0.0
11.08,0.0,0.0,60409.0,51236.0,1741.0,26189.0,65286.0,0.0
11.12,0.0,0.0,59977.0,51879.0,2747.0,24515.0,65344.0,0.0
11.16,0.0,0.0,60232.0,52543.0,2885.0,22539.0,65314.0,0.0
11.2,0.0,0.0,40692.0,53198.0,2636.0,20469.0,65247.0,0.0
11.24,0.0,0.0,42053.0,53848.0,1859.0,18389.0,65186.0,0.0
11.28,0.0,0.0,42588.0,54527.0,653.0,16785.0,65263.0,0.0
11.32,0.0,0.0,43673.0,55173.0,118.0,15170.0,65287.0,0.0
11.36,0.0,0.0,47366.0,55838.0,106.0,13501.0,65270.0,0.0
11.4,0.0,0.0,49272.0,56489.0,256.0,11963.0,65273.0,0.0
11.44,0.0,0.0,51725.0,57139.0,371.0,10471.0,65276.0,0.0
11.48,0.0,0.0,49651.0,57805.0,440.0,8814.0,65191.0,0.0
11.52,0.0,0.0,48264.0,58451.0,428.0,7259.0,65117.0,0.0
11.56,0.0,0.0,48659.0,59114.0,475.0,5931.0,65095.0,0.0
11.6,0.0,0.0,51932.0,59768.0,782.0,4918.0,65110.0,0.0
11.64,0.0,0.0,53011.0,60420.0,1224.0,4016.0,65139.0,0.0
11.68,0.0,0.0,52583.0,61083.0,1551.0,3166.0,65137.0,0.0
11.72,0.0,0.0,54893.0,61730.0,1472.0,2535.0,65188.0,0.0
11.76,0.0,0.0,56244.0,62394.0,1393.0,1801.0,65162.0,0.0
11.8,0.0,0.0,55678.0,63047.0,1304.0,1302.0,65167.0,0.0
11.84,0.0,0.0,55250.0,63699.0,1270.0,1171.0,65266.0,0.0
11.88,0.0,0.0,56599.0,64362.0,1195.0,916.0,65266.0,0.0
11.92,0.0,0.0,57401.0,65009.0,1060.0,645.0,65234.0,0.0
11.96,0.0,0.0,56152.0,101.0,1034.0,331.0,65146.0,0.0
12.0,0.0,0.0,56407.0,753.0,1258.0,276.0,65101.0,0.0
12.04,0.0,0.0,58164.0,1404.0,2132.0,444.0,65076.0,0.0
12.08,0.0,0.0,57872.0,2052.0,2436.0,996.0,65147.0,0.0
12.12,0.0,0.0,57307.0,2698.0,2330.0,1463.0,65147.0,0.0
12.16,0.0,0.0,58516.0,3362.0,2209.0,1994.0,65126.0,0.0
12.2,0.0,0.0,59179.0,4016.0,2152.0,2780.0,65161.0,0.0
12.24,0.0,0.0,57797.0,4667.0,2336.0,3617.0,65169.0,0.0
12.28,0.0,0.0,57506.0,5347.0,2979.0,4657.0,65199.0,0.0
12.32,0.0,0.0,54081.0,5994.0,2961.0,5492.0,65159.0,0.0
12.36,0.0,0.0,54064.0,6658.0,1739.0,6480.0,65136.0,0.0
12.4,0.0,0.0,53230.0,7310.0,877.0,7708.0,65160.0,0.0
12.44,0.0,0.0,49538.0,7962.0,591.0,8967.0,65132.0,0.0
12.48,0.0,0.0,51971.0,8627.0,296.0,10398.0,65126.0,0.0
12.52,0.0,0.0,50730.0,9274.0,229.0,12062.0,65182.0,0.0
12.56,0.0,0.0,49354.0,9938.0,290.0,13678.0,65182.0,0.0
12.6,0.0,0.0,46484.0,10589.0,720.0,15460.0,65215.0,0.0
12.64,0.0,0.0,44159.0,11245.0,1818.0,17710.0,65347.0,0.0
12.68,0.0,0.0,42243.0,11905.0,2077.0,19455.0,65323.0,0.0
12.72,0.0,0.0,42094.0,12552.0,3277.0,21445.0,65366.0,0.0
12.76,0.0,0.0,47102.0,13221.0,3377.0,23422.0,65388.0,0.0
12.8,0.0,0.0,47359.0,13870.0,3221.0,25323.0,65403.0,0.0
12.84,0.0,0.0,46122.0,14528.0,2538.0,27168.0,65383.0,0.0
12.88,0.0,0.0,46379.0,15190.0,1461.0,28925.0,65354.0,0.0
12.92,0.0,0.0,43653.0,15839.0,727.0,31020.0,65405.0,0.0
12.96,0.0,0.0,42961.0,16505.0,645.0,32939.0,65374.0,0.0
13.0,0.0,0.0,43624.0,17152.0,1320.0,34889.0,65357.0,0.0
13.04,0.0,0.0,44288.0,17811.0,2148.0,37103.0,65405.0,0.0
13.08,0.0,0.0,43732.0,18456.0,2631.0,39255.0,65451.0,0.0
13.12,0.0,0.0,45206.0,19100.0,2650.0,41168.0,65431.0,0.0
13.16,0.0,0.0,40186.0,19765.0,2467.0,43167.0,65461.0,0.0
13.2,0.0,0.0,40984.0,20414.0,2348.0,44966.0,65444.0,0.0
13.24,0.0,0.0,43675.0,21068.0,2017.0,46507.0,65369.0,0.0
13.28,0.0,0.0,44472.0,21747.0,1728.0,48219.0,65378.0,0.0
13.32,0.0,0.0,47296.0,22396.0,1387.0,49901.0,65377.0,0.0
13.36,0.0,0.0,48902.0,23059.0,1153.0,51196.0,65276.0,0.0
13.4,0.0,0.0,48616.0,23713.0,864.0,52712.0,65269.0,0.0
13.44,0.0,0.0,52650.0,24368.0,1111.0,53919.0,65176.0,0.0
13.48,0.0,0.0,53713.0,25028.0,1596.0,55086.0,65104.0,0.0
13.52,0.0,0.0,54101.0,25679.0,1753.0,56510.0,65137.0,0.0
13.56,0.0,0.0,53544.0,26340.0,1774.0,57812.0,65169.0,0.0
13.6,0.0,0.0,58515.0,26991.0,1688.0,58658.0,65081.0,0.0
13.64,0.0,0.0,58766.0,27645.0,1632.0,59443.0,65017.0,0.0
13.68,0.0,0.0,59152.0,28304.0,1648.0,60313.0,65019.0,0.0
13.72,0.0,0.0,60076.0,28954.0,1593.0,61062.0,65008.0,0.0
13.76,0.0,0.0,61268.0,29613.0,1474.0,61741.0,65027.0,0.0
13.8,0.0,0.0,60037.0,30267.0,1539.0,62571.0,65112.0,0.0
13.84,0.0,0.0,59480.0,30922.0,1490.0,63101.0,65144.0,0.0
13.88,0.0,0.0,60537.0,31581.0,1280.0,63369.0,65134.0,0.0
13.92,0.0,0.0,61190.0,32232.0,1216.0,63358.0,65078.0,0.0
13.96,0.0,0.0,59826.0,32893.0,1156.0,63289.0,65048.0,0.0
14.0,0.0,0.0,59269.0,33546.0,1071.0,63154.0,65033.0,0.0
14.04,0.0,0.0,60594.0,34201.0,1084.0,62987.0,65051.0,0.0
14.08,0.0,0.0,59769.0,34843.0,1152.0,62979.0,65142.0,0.0
14.12,0.0,0.0,58810.0,35494.0,1239.0,62611.0,65159.0,0.0
14.16,0.0,0.0,59059.0,36153.0,1356.0,62046.0,65160.0,0.0
14.2,0.0,0.0,58772.0,36806.0,1424.0,61372.0,65163.0,0.0
14.24,0.0,0.0,58485.0,37462.0,1455.0,60427.0,65117.0,0.0
14.28,0.0,0.0,56589.0,38138.0,1591.0,59570.0,65124.0,0.0
14.32,0.0,0.0,0.0,38790.0,1570.0,58405.0,65077.0,0.0
14.36,0.0,0.0,0.0,39448.0,1650.0,57508.0,65108.0,0.0
14.4,0.0,0.0,0.0,40104.0,1626.0,56230.0,65023.0,0.0
14.44,0.0,0.0,50490.0,40759.0,1608.0,54923.0,65020.0,0.0
14.48,0.0,0.0,51278.0,41419.0,1015.0,53225.0,64897.0,0.0
14.52,0.0,0.0,50726.0,42076.0,940.0,51695.0,64869.0,0.0
14.56,0.0,0.0,49907.0,42735.0,1161.0,50365.0,64897.0,0.0
14.6,0.0,0.0,46280.0,43387.0,1505.0,49225.0,65001.0,0.0
14.64,0.0,0.0,45329.0,44044.0,1625.0,47677.0,65004.0,0.0
14.68,0.0,0.0,43176.0,44701.0,2374.0,46029.0,64976.0,0.0
14.72,0.0,0.0,41559.0,45356.0,2548.0,44302.0,64959.0,0.0
14.76,0.0,0.0,53435.0,46010.0,2882.0,42624.0,64969.0,0.0
14.8,0.0,0.0,63567.0,46666.0,2775.0,40465.0,64847.0,0.0
14.84,0.0,0.0,62479.0,47325.0,2967.0,38387.0,64778.0,0.0
14.88,0.0,65535.0,62459.0,47981.0,2576.0,36181.0,64685.0,0.0
14.92,0.0,65535.0,62172.0,48642.0,1900.0,34037.0,64628.0,0.0
14.96,0.0,65535.0,61486.0,49295.0,1394.0,31992.0,64573.0,0.0
15.0,0.0,65535.0,59600.0,49949.0,1689.0,30218.0,64605.0,0.0
15.04,0.0,65535.0,58914.0,50603.0,1875.0,28519.0,64635.0,0.0
15.08,0.0,65535.0,59962.0,51238.0,2660.0,26612.0,64593.0,0.0
15.12,0.0,65535.0,59143.0,51896.0,3487.0,24833.0,64584.0,0.0
15.16,0.0,65535.0,59790.0,52542.0,3837.0,23116.0,64589.0,0.0
15.2,0.0,65535.0,39803.0,53195.0,3647.0,21172.0,64536.0,0.0
15.24,0.0,65535.0,41255.0,53851.0,2913.0,18913.0,64369.0,0.0
15.28,0.0,65535.0,42838.0,54525.0,1677.0,16665.0,64205.0,0.0
15.32,0.0,65535.0,45617.0,55185.0,1325.0,14961.0,64179.0,0.0
15.36,0.0,65535.0,47597.0,55837.0,1181.0,13287.0,64132.0,0.0
15.4,0.0,65535.0,47981.0,56495.0,1330.0,11774.0,64115.0,0.0
15.44,0.0,65535.0,50357.0,57154.0,1358.0,10015.0,63977.0,0.0
15.48,0.0,65535.0,49943.0,57808.0,1378.0,8677.0,63965.0,0.0
15.52,0.0,65535.0,48732.0,58467.0,1437.0,7361.0,63918.0,0.0
15.56,0.0,65535.0,48982.0,59119.0,1550.0,5977.0,63818.0,0.0
15.6,0.0,65535.0,52417.0,59773.0,1860.0,5013.0,63827.0,0.0
15.64,0.0,65535.0,53462.0,60432.0,2435.0,4044.0,63786.0,0.0
15.68,0.0,65535.0,54639.0,61084.0,2595.0,3393.0,63830.0,0.0
15.72,0.0,65535.0,55284.0,61744.0,2665.0,2644.0,63789.0,0.0
15.76,0.0,65535.0,56725.0,62397.0,2568.0,1715.0,63666.0,0.0
15.8,0.0,65535.0,56177.0,63051.0,2548.0,1173.0,63644.0,0.0
15.84,0.0,65535.0,55629.0,63711.0,2499.0,954.0,63669.0,0.0
15.88,0.0,65535.0,56936.0,64364.0,2395.0,390.0,63546.0,0.0
15.92,0.0,65535.0,57845.0,65024.0,2379.0,183.0,63491.0,0.0
15.96,0.0,65535.0,56635.0,104.0,2337.0,0.0,63408.0,0.0
16.0,0.0,65535.0,56750.0,758.0,2691.0,171.0,63397.0,0.0
16.04,0.0,65535.0,58583.0,1418.0,3806.0,599.0,63403.0,0.0
16.08,0.0,65535.0,58301.0,2054.0,3981.0,871.0,63352.0,0.0
16.12,0.0,65535.0,57622.0,2715.0,3906.0,1628.0,63403.0,0.0
16.16,0.0,65535.0,58925.0,3368.0,3917.0,2218.0,63372.0,0.0
16.2,0.0,65535.0,59567.0,4021.0,3832.0,2875.0,63321.0,0.0
16.24,0.0,65535.0,58227.0,4682.0,4236.0,3686.0,63278.0,0.0
16.28,0.0,65535.0,57813.0,5349.0,4743.0,4619.0,63253.0,0.0
16.32,0.0,65535.0,54364.0,6011.0,4722.0,5503.0,63180.0,0.0
16.36,0.0,65535.0,54347.0,6664.0,3532.0,6571.0,63161.0,0.0
16.4,0.0,65535.0,53539.0,7315.0,2656.0,7633.0,63072.0,0.0
16.44,0.0,65535.0,49699.0,7979.0,2439.0,9102.0,63081.0,0.0
16.48,0.0,65535.0,52188.0,8630.0,2255.0,10532.0,63038.0,0.0
16.52,0.0,65535.0,50986.0,9295.0,2371.0,12502.0,63138.0,0.0
16.56,0.0,65535.0,48994.0,9952.0,2464.0,14254.0,63156.0,0.0
16.6,0.0,65535.0,46082.0,10602.0,2797.0,15853.0,63075.0,0.0
16.64,0.0,65535.0,44357.0,11264.0,3844.0,17708.0,63055.0,0.0
16.68,0.0,65535.0,42369.0,11916.0,4017.0,19529.0,63024.0,0.0
16.72,0.0,65535.0,41040.0,12570.0,5281.0,21050.0,62882.0,0.0
16.76,0.0,65535.0,45893.0,13221.0,5390.0,22763.0,62805.0,0.0
16.8,0.0,65535.0,45879.0,13869.0,5290.0,24755.0,62800.0,0.0
16.84,0.0,65535.0,46127.0,14527.0,4722.0,26727.0,62798.0,0.0
16.88,0.0,65535.0,46507.0,15178.0,3565.0,28510.0,62715.0,0.0
16.92,0.0,65535.0,42552.0,15833.0,3003.0,30538.0,62696.0,0.0
16.96,0.0,65535.0,42276.0,16488.0,2956.0,32687.0,62708.0,0.0
17.0,0.0,65535.0,42788.0,17135.0,3555.0,34559.0,62612.0,0.0
17.04,0.0,65535.0,42906.0,17789.0,4607.0,36465.0,62545.0,0.0
17.08,0.0,65535.0,42499.0,18420.0,5137.0,38258.0,62435.0,0.0
17.12,0.0,65535.0,44060.0,19068.0,5078.0,39952.0,62338.0,0.0
17.16,0.0,65535.0,44177.0,19715.0,4954.0,41784.0,62283.0,0.0
17.2,0.0,65535.0,40363.0,20358.0,4837.0,43543.0,62214.0,0.0
17.24,0.0,65535.0,42053.0,21015.0,4609.0,45446.0,62215.0,0.0
17.28,0.0,65535.0,43350.0,21675.0,4262.0,47049.0,62129.0,0.0
17.32,0.0,65535.0,45431.0,22327.0,3859.0,48666.0,62082.0,0.0
17.36,0.0,65535.0,48427.0,22979.0,3760.0,50101.0,61976.0,0.0
17.4,0.0,65535.0,49982.0,23623.0,3490.0,51747.0,61974.0,0.0
17.44,0.0,65535.0,51406.0,24284.0,3681.0,53141.0,61898.0,0.0
17.48,0.0,65535.0,55443.0,24933.0,4194.0,54382.0,61791.0,0.0
17.52,0.0,65535.0,55034.0,25589.0,4371.0,55962.0,61838.0,0.0
17.56,0.0,65535.0,55278.0,26244.0,4425.0,57273.0,61815.0,0.0
17.6,0.0,65535.0,58788.0,26893.0,4441.0,58386.0,61776.0,0.0
17.64,0.0,65535.0,59031.0,27558.0,4400.0,59475.0,61763.0,0.0
17.68,0.0,65535.0,58882.0,28209.0,4460.0,60526.0,61768.0,0.0
17.72,0.0,65535.0,59517.0,28866.0,4436.0,61093.0,61668.0,0.0
17.76,0.0,65535.0,61456.0,29524.0,4411.0,61870.0,61664.0,0.0
17.8,0.0,65535.0,60654.0,30171.0,4424.0,62349.0,61612.0,0.0
17.84,0.0,65535.0,59722.0,30836.0,4347.0,62691.0,61547.0,0.0
17.88,0.0,65535.0,59834.0,31487.0,4370.0,63125.0,61555.0,0.0
17.92,0.0,65535.0,61510.0,32144.0,4297.0,63389.0,61549.0,0.0
17.96,0.0,65535.0,60188.0,32802.0,4205.0,63559.0,61535.0,0.0
18.0,0.0,65535.0,59518.0,33449.0,4206.0,63434.0,61484.0,0.0
18.04,0.0,65535.0,60802.0,34113.0,4292.0,63445.0,61503.0,0.0
18.08,0.0,65535.0,60132.0,34749.0,4293.0,63051.0,61442.0,0.0
18.12,0.0,65535.0,59072.0,35405.0,4383.0,62565.0,61393.0,0.0
18.16,0.0,65535.0,59054.0,36064.0,4481.0,61875.0,61313.0,0.0
18.2,0.0,65535.0,59556.0,36713.0,4627.0,61132.0,61269.0,0.0
18.24,0.0,65535.0,58888.0,37377.0,4782.0,60311.0,61224.0,0.0
18.28,0.0,65535.0,57830.0,38047.0,4730.0,59249.0,61140.0,0.0
18.32,0.0,65535.0,55084.0,38704.0,4797.0,58205.0,61100.0,0.0
18.36,0.0,65535.0,54807.0,39364.0,4865.0,57150.0,61080.0,0.0
18.4,0.0,65535.0,54660.0,40015.0,4944.0,55824.0,61017.0,0.0
18.44,0.0,65535.0,53346.0,40681.0,4916.0,54375.0,60939.0,0.0
18.48,0.0,65535.0,51902.0,41335.0,4402.0,52797.0,60878.0,0.0
18.52,0.0,65535.0,51107.0,41992.0,4152.0,51342.0,60860.0,0.0
18.56,0.0,65535.0,49406.0,42653.0,4505.0,50015.0,60897.0,0.0
18.6,0.0,65535.0,47317.0,43305.0,4753.0,48701.0,60958.0,0.0
18.64,0.0,65535.0,45099.0,43974.0,5041.0,47013.0,60909.0,0.0
18.68,0.0,65535.0,42623.0,44633.0,5504.0,45165.0,60847.0,0.0
18.72,0.0,65535.0,41315.0,45292.0,6055.0,43478.0,60831.0,0.0
18.76,0.0,65535.0,63184.0,45964.0,6144.0,41327.0,60709.0,0.0
18.8,0.0,65535.0,63164.0,46613.0,6159.0,39442.0,60678.0,0.0
18.84,0.0,65535.0,62498.0,47281.0,6186.0,37623.0,60683.0,0.0
18.88,0.0,65535.0,61573.0,47936.0,5813.0,35820.0,60711.0,0.0
18.92,0.0,65535.0,61684.0,48588.0,5016.0,33834.0,60668.0,0.0
18.96,0.0,65535.0,61018.0,49251.0,4667.0,32019.0,60698.0,0.0
19.0,0.0,65535.0,59966.0,49898.0,4765.0,30159.0,60687.0,0.0
19.04,0.0,65535.0,58526.0,50565.0,5030.0,28324.0,60689.0,0.0
19.08,0.0,65535.0,59541.0,51204.0,5696.0,26301.0,60626.0,0.0
19.12,0.0,65535.0,59136.0,51855.0,6640.0,24710.0,60665.0,0.0
19.16,0.0,65535.0,59376.0,52521.0,7014.0,22877.0,60646.0,0.0
19.2,0.0,65535.0,40002.0,53165.0,6927.0,21066.0,60626.0,0.0
19.24,0.0,65535.0,40506.0,53822.0,6324.0,19391.0,60652.0,0.0
19.28,0.0,65535.0,42299.0,54489.0,5206.0,17515.0,60589.0,0.0
19.32,0.0,65535.0,44606.0,55138.0,4545.0,15574.0,60469.0,0.0
19.36,0.0,65535.0,47428.0,55800.0,4519.0,13803.0,60403.0,0.0
19.4,0.0,65535.0,49604.0,56447.0,4689.0,11974.0,60278.0,0.0
19.44,0.0,65535.0,49460.0,57105.0,4785.0,10371.0,60218.0,0.0
19.48,0.0,65535.0,51247.0,57757.0,4936.0,9147.0,60232.0,0.0
19.52,0.0,65535.0,50330.0,58406.0,4990.0,8043.0,60252.0,0.0
19.56,0.0,65535.0,51087.0,59065.0,5053.0,6825.0,60202.0,0.0
19.6,0.0,65535.0,54673.0,59713.0,5372.0,5709.0,60145.0,0.0
19.64,0.0,65535.0,55428.0,60372.0,5802.0,4535.0,60055.0,0.0
19.68,0.0,65535.0,55026.0,61028.0,5984.0,3539.0,59980.0,0.0
19.72,0.0,65535.0,55137.0,61679.0,6075.0,2732.0,59945.0,0.0
19.76,0.0,65535.0,57048.0,62338.0,5936.0,2303.0,59978.0,0.0
19.8,0.0,65535.0,56774.0,62989.0,5881.0,1550.0,59865.0,0.0
19.84,0.0,65535.0,55986.0,63649.0,5864.0,1109.0,59831.0,0.0
19.88,0.0,65535.0,57252.0,64303.0,5764.0,724.0,59758.0,0.0
19.92,0.0,65535.0,58262.0,64956.0,5818.0,708.0,59779.0,0.0
19.96,0.0,65535.0,57089.0,44.0,5819.0,849.0,59787.0,0.0
20.0,0.0,65535.0,57072.0,696.0,6245.0,1277.0,59851.0,0.0
20.04,0.0,65535.0,58978.0,1358.0,7224.0,1988.0,59950.0,0.0
20.08,0.0,65535.0,58831.0,1998.0,7438.0,2133.0,59836.0,0.0
20.12,0.0,65535.0,57917.0,2652.0,7419.0,2404.0,59760.0,0.0
20.16,0.0,65535.0,58027.0,3314.0,7319.0,2880.0,59690.0,0.0
20.2,0.0,65535.0,60186.0,3966.0,7311.0,3423.0,59619.0,0.0
20.24,0.0,65535.0,58888.0,4625.0,7621.0,3856.0,59460.0,0.0
20.28,0.0,65535.0,58102.0,5298.0,8040.0,4758.0,59426.0,0.0
20.32,0.0,65535.0,56421.0,5951.0,8104.0,5716.0,59389.0,0.0
20.36,0.0,65535.0,54997.0,6614.0,6937.0,7029.0,59424.0,0.0
20.4,0.0,65535.0,54980.0,7272.0,6166.0,8504.0,59470.0,0.0
20.44,0.0,65535.0,56881.0,7933.0,5929.0,10008.0,59476.0,0.0
20.48,0.0,65535.0,53286.0,8593.0,5638.0,11314.0,59390.0,0.0
20.52,0.0,65535.0,50715.0,9243.0,5581.0,12780.0,59344.0,0.0
20.56,0.0,65535.0,48656.0,9908.0,5634.0,14655.0,59386.0,0.0
20.6,0.0,65535.0,44684.0,10564.0,6110.0,16322.0,59348.0,0.0
20.64,0.0,65535.0,44542.0,11215.0,7151.0,17616.0,59148.0,0.0
20.68,0.0,65535.0,42998.0,11871.0,7363.0,19073.0,59013.0,0.0
20.72,0.0,65535.0,41071.0,12520.0,8588.0,20774.0,58943.0,0.0
20.76,0.0,65535.0,46032.0,13177.0,8665.0,22389.0,58818.0,0.0
20.8,0.0,65535.0,46273.0,13826.0,8699.0,24129.0,58744.0,0.0
20.84,0.0,65535.0,47278.0,14476.0,8046.0,25931.0,58675.0,0.0
20.88,0.0,65535.0,46500.0,15133.0,6924.0,28033.0,58707.0,0.0
20.92,0.0,65535.0,43174.0,15778.0,6354.0,30003.0,58678.0,0.0
20.96,0.0,65535.0,42397.0,16437.0,6217.0,32218.0,58694.0,0.0
21.0,0.0,65535.0,42766.0,17090.0,6976.0,34170.0,58643.0,0.0
21.04,0.0,65535.0,43899.0,17732.0,7852.0,35650.0,58420.0,0.0
21.08,0.0,65535.0,43504.0,18375.0,8202.0,37438.0,58326.0,0.0
21.12,0.0,65535.0,43872.0,19017.0,8213.0,39116.0,58214.0,0.0
21.16,0.0,65535.0,45384.0,19674.0,7971.0,41054.0,58190.0,0.0
21.2,0.0,65535.0,40795.0,20334.0,7979.0,43207.0,58244.0,0.0
21.24,0.0,65535.0,41673.0,20974.0,7768.0,44953.0,58181.0,0.0
21.28,0.0,65535.0,44327.0,21654.0,7445.0,46542.0,58108.0,0.0
21.32,0.0,65535.0,45457.0,22299.0,7056.0,48220.0,58053.0,0.0
21.36,0.0,65535.0,48489.0,22980.0,6958.0,49768.0,57994.0,0.0
21.4,0.0,65535.0,51266.0,23638.0,6641.0,51315.0,57954.0,0.0
21.44,0.0,65535.0,51505.0,24289.0,6988.0,53275.0,58043.0,0.0
21.48,0.0,65535.0,54152.0,24958.0,7596.0,55077.0,58108.0,0.0
21.52,0.0,65535.0,54643.0,25607.0,7773.0,56725.0,58149.0,0.0
21.56,0.0,65535.0,53233.0,26273.0,7928.0,58198.0,58192.0,0.0
21.6,0.0,65535.0,57398.0,26931.0,7884.0,59094.0,58081.0,0.0
21.64,0.0,65535.0,59281.0,27581.0,7866.0,59954.0,58003.0,0.0
21.68,0.0,65535.0,59136.0,28248.0,7820.0,60893.0,57988.0,0.0
21.72,0.0,65535.0,59118.0,28896.0,7836.0,61701.0,57955.0,0.0
21.76,0.0,65535.0,61378.0,29560.0,7827.0,62479.0,57964.0,0.0
21.8,0.0,65535.0,60727.0,30218.0,7873.0,62917.0,57879.0,0.0
21.84,0.0,65535.0,60077.0,30867.0,7849.0,63363.0,57853.0,0.0
21.88,0.0,65535.0,60944.0,31532.0,7742.0,63520.0,57782.0,0.0
21.92,0.0,65535.0,61810.0,32179.0,7673.0,63576.0,57705.0,0.0
21.96,0.0,65535.0,60402.0,32843.0,7647.0,63668.0,57687.0,0.0
22.0,0.0,65535.0,59626.0,33499.0,7620.0,63713.0,57670.0,0.0
22.04,0.0,65535.0,60997.0,34149.0,7569.0,63217.0,57549.0,0.0
22.08,0.0,65535.0,60474.0,34798.0,7611.0,62902.0,57511.0,0.0
22.12,0.0,65535.0,59446.0,35444.0,7735.0,62532.0,57496.0,0.0
22.16,0.0,65535.0,59302.0,36105.0,7942.0,62240.0,57540.0,0.0
22.2,0.0,65535.0,59410.0,36761.0,8126.0,61634.0,57517.0,0.0
22.24,0.0,65535.0,57627.0,37409.0,8052.0,60645.0,57425.0,0.0
22.28,0.0,65535.0,56727.0,38086.0,8163.0,59995.0,57459.0,0.0
22.32,0.0,65535.0,54064.0,38732.0,8250.0,58829.0,57378.0,0.0
22.36,0.0,65535.0,53670.0,39393.0,8176.0,57579.0,57302.0,0.0
22.4,0.0,65535.0,52898.0,40042.0,8404.0,56619.0,57344.0,0.0
22.44,0.0,65535.0,52378.0,40689.0,8379.0,55307.0,57312.0,0.0
22.48,0.0,65535.0,51733.0,41349.0,7621.0,53520.0,57170.0,0.0
22.52,0.0,65535.0,51340.0,41996.0,7384.0,51691.0,57044.0,0.0
22.56,0.0,65535.0,49438.0,42662.0,7727.0,49971.0,56969.0,0.0
22.6,0.0,65535.0,46028.0,43321.0,7852.0,48135.0,56877.0,0.0
22.64,0.0,65535.0,43625.0,43974.0,8136.0,46377.0,56828.0,0.0
22.68,0.0,65535.0,41978.0,44640.0,8630.0,44573.0,56762.0,0.0
22.72,0.0,65535.0,41338.0,45293.0,9095.0,42780.0,56733.0,0.0
22.76,0.0,65535.0,62679.0,45953.0,9284.0,41034.0,56722.0,0.0
22.8,0.0,65535.0,62660.0,46612.0,9357.0,39133.0,56684.0,0.0
22.84,0.0,65535.0,61386.0,47266.0,9510.0,37124.0,56627.0,0.0
22.88,0.0,65535.0,61117.0,47934.0,8934.0,35025.0,56562.0,0.0
22.92,0.0,65535.0,60597.0,48589.0,8177.0,33040.0,56553.0,0.0
22.96,0.0,65535.0,60453.0,49255.0,7881.0,31112.0,56535.0,0.0
23.0,0.0,65535.0,59683.0,49918.0,8105.0,29177.0,56507.0,0.0
23.04,0.0,65535.0,58412.0,50576.0,8442.0,27179.0,56452.0,0.0
23.08,0.0,65535.0,59271.0,51226.0,9099.0,25307.0,56426.0,0.0
23.12,0.0,65535.0,59254.0,51884.0,10020.0,23587.0,56440.0,0.0
23.16,0.0,65535.0,40200.0,52551.0,10374.0,21661.0,56380.0,0.0
23.2,0.0,65535.0,40814.0,53216.0,10067.0,19758.0,56338.0,0.0
23.24,0.0,65535.0,42805.0,53874.0,9556.0,18112.0,56358.0,0.0
23.28,0.0,65535.0,43668.0,54555.0,8464.0,16403.0,56350.0,0.0
23.32,0.0,65535.0,46282.0,55209.0,8056.0,14746.0,56326.0,0.0
23.36,0.0,65535.0,48519.0,55849.0,7980.0,13115.0,56277.0,0.0
23.4,0.0,65535.0,48629.0,56506.0,8100.0,11641.0,56276.0,0.0
23.44,0.0,65535.0,52489.0,57160.0,8064.0,10083.0,56206.0,0.0
23.48,0.0,65535.0,50600.0,57824.0,8199.0,8649.0,56160.0,0.0
23.52,0.0,65535.0,49460.0,58476.0,8229.0,7448.0,56155.0,0.0
23.56,0.0,65535.0,51444.0,59136.0,8312.0,6459.0,56180.0,0.0
23.6,0.0,65535.0,54050.0,59794.0,8744.0,5345.0,56141.0,0.0
23.64,0.0,65535.0,55905.0,60442.0,9254.0,4647.0,56175.0,0.0
23.68,0.0,65535.0,55515.0,61105.0,9449.0,3571.0,56081.0,0.0
23.72,0.0,65535.0,56122.0,61754.0,9474.0,2971.0,56098.0,0.0
23.76,0.0,65535.0,57477.0,62414.0,9366.0,2246.0,56039.0,0.0
23.8,0.0,65535.0,57210.0,63071.0,9359.0,1623.0,55983.0,0.0
23.84,0.0,65535.0,56446.0,63719.0,9388.0,1382.0,55993.0,0.0
23.88,0.0,65535.0,57550.0,64383.0,9201.0,990.0,55929.0,0.0
23.92,0.0,65535.0,58654.0,65032.0,9270.0,972.0,55930.0,0.0
23.96,0.0,65535.0,57516.0,120.0,9269.0,932.0,55886.0,0.0
24.0,0.0,65535.0,57997.0,777.0,9648.0,1099.0,55874.0,0.0
24.04,0.0,65535.0,59224.0,1424.0,10624.0,1247.0,55798.0,0.0
24.08,0.0,65535.0,59206.0,2072.0,10845.0,1594.0,55775.0,0.0
24.12,0.0,65535.0,58318.0,2720.0,10783.0,2194.0,55775.0,0.0
24.16,0.0,65535.0,59420.0,3378.0,10707.0,2411.0,55638.0,0.0
24.2,0.0,65535.0,60272.0,4037.0,10707.0,3224.0,55636.0,0.0
24.24,0.0,65535.0,59136.0,4686.0,11060.0,4035.0,55599.0,0.0
24.28,0.0,65535.0,58374.0,5366.0,11495.0,4882.0,55544.0,0.0
24.32,0.0,65535.0,56618.0,6018.0,11387.0,6094.0,55570.0,0.0
24.36,0.0,65535.0,55236.0,6678.0,10362.0,7403.0,55614.0,0.0
24.4,0.0,65535.0,55220.0,7335.0,9606.0,8550.0,55549.0,0.0
24.44,0.0,65535.0,50117.0,7978.0,9314.0,9439.0,55377.0,0.0
24.48,0.0,65535.0,52459.0,8638.0,9049.0,10640.0,55282.0,0.0
24.52,0.0,65535.0,51452.0,9285.0,9118.0,12094.0,55230.0,0.0
24.56,0.0,65535.0,50197.0,9936.0,9208.0,13661.0,55205.0,0.0
24.6,0.0,65535.0,47209.0,10592.0,9496.0,15418.0,55177.0,0.0
24.64,0.0,65535.0,44841.0,11236.0,10511.0,16941.0,55052.0,0.0
24.68,0.0,65535.0,43342.0,11896.0,10661.0,18580.0,54964.0,0.0
24.72,0.0,65535.0,42215.0,12543.0,12009.0,20143.0,54834.0,0.0
24.76,0.0,65535.0,43688.0,13197.0,12217.0,21834.0,54757.0,0.0
24.8,0.0,65535.0,47634.0,13853.0,12053.0,23558.0,54664.0,0.0
24.84,0.0,65535.0,47620.0,14495.0,11487.0,25346.0,54604.0,0.0
24.88,0.0,65535.0,47730.0,15155.0,10383.0,27356.0,54601.0,0.0
24.92,0.0,65535.0,46109.0,15800.0,9574.0,29297.0,54551.0,0.0
24.96,0.0,65535.0,43500.0,16451.0,9433.0,31374.0,54533.0,0.0
25.0,0.0,65535.0,43487.0,17107.0,10083.0,33415.0,54488.0,0.0
25.04,0.0,65535.0,43845.0,17759.0,11070.0,35508.0,54469.0,0.0
25.08,0.0,65535.0,43585.0,18410.0,11638.0,37812.0,54508.0,0.0
25.12,0.0,65535.0,44189.0,19071.0,11748.0,40087.0,54569.0,0.0
25.16,0.0,65535.0,43436.0,19732.0,11595.0,42147.0,54569.0,0.0
25.2,0.0,65535.0,41696.0,20393.0,11590.0,44023.0,54531.0,0.0
25.24,0.0,65535.0,42177.0,21052.0,11427.0,45906.0,54531.0,0.0
25.28,0.0,65535.0,43891.0,21736.0,11070.0,47648.0,54485.0,0.0
25.32,0.0,65535.0,47576.0,22376.0,10630.0,49219.0,54419.0,0.0
25.36,0.0,65535.0,49780.0,23041.0,10582.0,50906.0,54394.0,0.0
25.4,0.0,65535.0,50012.0,23703.0,10245.0,52633.0,54405.0,0.0
25.44,0.0,65535.0,53322.0,24355.0,10560.0,54103.0,54358.0,0.0
25.48,0.0,65535.0,54414.0,25017.0,11178.0,55379.0,54256.0,0.0
25.52,0.0,65535.0,54891.0,25668.0,11345.0,56720.0,54232.0,0.0
25.56,0.0,65535.0,54136.0,26326.0,11428.0,58184.0,54257.0,0.0
25.6,0.0,65535.0,57688.0,26985.0,11504.0,59390.0,54242.0,0.0
25.64,0.0,65535.0,57794.0,27636.0,11603.0,60349.0,54185.0,0.0
25.68,0.0,65535.0,59498.0,28297.0,11610.0,61115.0,54104.0,0.0
25.72,0.0,65535.0,60341.0,28949.0,11559.0,61919.0,54085.0,0.0
25.76,0.0,65535.0,61920.0,29605.0,11484.0,62454.0,54004.0,0.0
25.8,0.0,65535.0,61042.0,30264.0,11582.0,63003.0,53970.0,0.0
25.84,0.0,65535.0,60411.0,30912.0,11560.0,63141.0,53842.0,0.0
25.88,0.0,65535.0,61129.0,31574.0,11521.0,63464.0,53824.0,0.0
25.92,0.0,65535.0,61971.0,32226.0,11405.0,63756.0,53827.0,0.0
25.96,0.0,65535.0,60726.0,32881.0,11446.0,64007.0,53830.0,0.0
26.0,0.0,65535.0,59850.0,33541.0,11451.0,63853.0,53770.0,0.0
26.04,0.0,65535.0,61181.0,34188.0,11464.0,63749.0,53751.0,0.0
26.08,0.0,65535.0,60795.0,34833.0,11508.0,63291.0,53672.0,0.0
26.12,0.0,65535.0,59797.0,35485.0,11613.0,62730.0,53605.0,0.0
26.16,0.0,65535.0,59780.0,36139.0,11786.0,62384.0,53625.0,0.0
26.2,0.0,65535.0,59762.0,36799.0,11924.0,61769.0,53613.0,0.0
26.24,0.0,65535.0,57909.0,37446.0,12017.0,60968.0,53562.0,0.0
26.28,0.0,65535.0,56913.0,38124.0,12075.0,60179.0,53560.0,0.0
26.32,0.0,65535.0,54204.0,38776.0,12120.0,58956.0,53459.0,0.0
26.36,0.0,65535.0,53944.0,39429.0,12119.0,57853.0,53428.0,0.0
26.4,0.0,65535.0,53072.0,40093.0,12128.0,56559.0,53377.0,0.0
26.44,0.0,65535.0,49878.0,40738.0,12036.0,55346.0,53369.0,0.0
26.48,0.0,65535.0,51941.0,41398.0,11485.0,53803.0,53311.0,0.0
26.52,0.0,65535.0,50827.0,42045.0,11384.0,52515.0,53341.0,0.0
26.56,0.0,65535.0,49346.0,42691.0,11786.0,51123.0,53351.0,0.0
26.6,0.0,65535.0,47012.0,43347.0,11951.0,49474.0,53303.0,0.0
26.64,0.0,65535.0,45289.0,43985.0,12185.0,47709.0,53239.0,0.0
26.68,0.0,65535.0,43689.0,44640.0,12734.0,45965.0,53208.0,0.0
26.72,0.0,65535.0,41725.0,45288.0,13227.0,43954.0,53101.0,0.0
26.76,0.0,65535.0,61837.0,45936.0,13317.0,41946.0,53027.0,0.0
26.8,0.0,65535.0,61697.0,46594.0,13292.0,39938.0,52961.0,0.0
26.84,0.0,65535.0,61436.0,47239.0,13393.0,37739.0,52834.0,0.0
26.88,0.0,65535.0,60565.0,47892.0,12942.0,35926.0,52869.0,0.0
26.92,0.0,65535.0,60669.0,48546.0,12101.0,33713.0,52770.0,0.0
26.96,0.0,65535.0,59921.0,49200.0,11712.0,31402.0,52651.0,0.0
27.0,0.0,65535.0,59173.0,49859.0,11869.0,29335.0,52589.0,0.0
27.04,0.0,65535.0,58426.0,50508.0,12319.0,27428.0,52572.0,0.0
27.08,0.0,65535.0,58895.0,51147.0,13022.0,25631.0,52579.0,0.0
27.12,0.0,65535.0,58757.0,51806.0,13928.0,23599.0,52482.0,0.0
27.16,0.0,65535.0,40498.0,52463.0,14288.0,21389.0,52355.0,0.0
27.2,0.0,65535.0,41094.0,53122.0,14130.0,19621.0,52349.0,0.0
27.24,0.0,65535.0,42783.0,53777.0,13629.0,17854.0,52339.0,0.0
27.28,0.0,65535.0,43743.0,54446.0,12392.0,16445.0,52421.0,0.0
27.32,0.0,65535.0,46646.0,55103.0,12006.0,14936.0,52424.0,0.0
27.36,0.0,65535.0,48818.0,55776.0,12114.0,13264.0,52374.0,0.0
27.4,0.0,65535.0,48926.0,56431.0,12253.0,11799.0,52366.0,0.0
27.44,0.0,65535.0,50004.0,57085.0,12418.0,10230.0,52310.0,0.0
27.48,0.0,65535.0,51931.0,57736.0,12557.0,8998.0,52325.0,0.0
27.52,0.0,65535.0,49854.0,58393.0,12607.0,7667.0,52270.0,0.0
27.56,0.0,65535.0,49839.0,59054.0,12693.0,6231.0,52164.0,0.0
27.6,0.0,65535.0,54432.0,59707.0,13012.0,5280.0,52164.0,0.0
27.64,0.0,65535.0,54658.0,60364.0,13600.0,4547.0,52207.0,0.0
27.68,0.0,65535.0,55854.0,61015.0,13912.0,3685.0,52163.0,0.0
27.72,0.0,65535.0,55596.0,61675.0,13939.0,2640.0,52041.0,0.0
27.76,0.0,65535.0,57760.0,62333.0,13958.0,1961.0,52013.0,0.0
27.8,0.0,65535.0,57501.0,62988.0,13954.0,1408.0,51969.0,0.0
27.84,0.0,65535.0,56758.0,63646.0,13831.0,913.0,51913.0,0.0
27.88,0.0,65535.0,57831.0,64295.0,13780.0,562.0,51850.0,0.0
27.92,0.0,65535.0,59024.0,64955.0,13835.0,438.0,51834.0,0.0
27.96,0.0,65535.0,57918.0,41.0,13914.0,501.0,51822.0,0.0
28.0,0.0,65535.0,57660.0,694.0,14369.0,606.0,51786.0,0.0
28.04,0.0,65535.0,59456.0,1351.0,15333.0,519.0,51646.0,0.0
28.08,0.0,65535.0,59439.0,1983.0,15565.0,618.0,51532.0,0.0
28.12,0.0,65535.0,58456.0,2638.0,15435.0,802.0,51435.0,0.0
28.16,0.0,65535.0,58197.0,3295.0,15393.0,1121.0,51323.0,0.0
28.2,0.0,65535.0,57939.0,3944.0,15405.0,1877.0,51307.0,0.0
28.24,0.0,65535.0,56957.0,4598.0,15739.0,2708.0,51276.0,0.0
28.28,0.0,65535.0,56941.0,5261.0,16270.0,3719.0,51260.0,0.0
28.32,0.0,65535.0,54030.0,5913.0,16293.0,4777.0,51252.0,0.0
28.36,0.0,65535.0,52327.0,6564.0,15143.0,5764.0,51181.0,0.0
28.4,0.0,65535.0,51950.0,7212.0,14313.0,6969.0,51155.0,0.0
28.44,0.0,65535.0,50971.0,7866.0,14048.0,8250.0,51103.0,0.0
28.48,0.0,65535.0,51318.0,8511.0,13764.0,9591.0,51037.0,0.0
28.52,0.0,65535.0,49377.0,9165.0,13747.0,11187.0,51030.0,0.0
28.56,0.0,65535.0,49122.0,9817.0,13718.0,12700.0,50959.0,0.0
28.6,0.0,65535.0,48746.0,10465.0,14074.0,14422.0,50942.0,0.0
28.64,0.0,65535.0,46807.0,11121.0,15142.0,16107.0,50861.0,0.0
28.68,0.0,65535.0,44869.0,11763.0,15377.0,17715.0,50765.0,0.0
28.72,0.0,65535.0,43053.0,12422.0,16610.0,19541.0,50726.0,0.0
28.76,0.0,65535.0,42920.0,13077.0,16873.0,21418.0,50687.0,0.0
28.8,0.0,65535.0,47595.0,13730.0,16803.0,23390.0,50677.0,0.0
28.84,0.0,65535.0,47461.0,14392.0,16353.0,25405.0,50660.0,0.0
28.88,0.0,65535.0,46607.0,15038.0,15217.0,27382.0,50654.0,0.0
28.92,0.0,65535.0,45993.0,15705.0,14673.0,29634.0,50704.0,0.0
28.96,0.0,65535.0,42859.0,16364.0,14602.0,31841.0,50716.0,0.0
29.0,0.0,65535.0,43207.0,17023.0,15183.0,34131.0,50762.0,0.0
29.04,0.0,65535.0,42834.0,17694.0,16110.0,36553.0,50827.0,0.0
29.08,0.0,65535.0,44261.0,18324.0,16770.0,38703.0,50830.0,0.0
29.12,0.0,65535.0,44609.0,18989.0,16773.0,40579.0,50764.0,0.0
29.16,0.0,65535.0,43637.0,19649.0,16613.0,42596.0,50763.0,0.0
29.2,0.0,65535.0,41827.0,20304.0,16631.0,44561.0,50765.0,0.0
29.24,0.0,65535.0,42414.0,20968.0,16389.0,46191.0,50670.0,0.0
29.28,0.0,65535.0,44079.0,21629.0,16057.0,47818.0,50606.0,0.0
29.32,0.0,65535.0,47778.0,22295.0,15760.0,49539.0,50576.0,0.0
29.36,0.0,65535.0,50039.0,22945.0,15650.0,51016.0,50488.0,0.0
29.4,0.0,65535.0,50264.0,23595.0,15366.0,52347.0,50376.0,0.0
29.44,0.0,65535.0,51925.0,24256.0,15471.0,53589.0,50257.0,0.0
29.48,0.0,65535.0,56096.0,24897.0,15961.0,54877.0,50173.0,0.0
29.52,0.0,65535.0,55961.0,25556.0,16106.0,55981.0,50063.0,0.0
29.56,0.0,65535.0,55945.0,26210.0,16153.0,57404.0,50095.0,0.0
29.6,0.0,65535.0,56766.0,26859.0,16199.0,58574.0,50066.0,0.0
29.64,0.0,65535.0,60812.0,27519.0,16241.0,59402.0,49966.0,0.0
29.68,0.0,65535.0,60436.0,28162.0,16175.0,60329.0,49944.0,0.0
29.72,0.0,65535.0,60180.0,28823.0,16243.0,61145.0,49908.0,0.0
29.76,0.0,65535.0,62073.0,29478.0,16274.0,61722.0,49850.0,0.0
29.8,0.0,65535.0,61578.0,30130.0,16334.0,62400.0,49851.0,0.0
29.84,0.0,65535.0,60606.0,30792.0,16237.0,62678.0,49767.0,0.0
29.88,0.0,65535.0,60470.0,31436.0,16151.0,62795.0,49679.0,0.0
29.92,0.0,65535.0,62241.0,32098.0,16114.0,63079.0,49673.0,0.0
29.96,0.0,65535.0,61151.0,32754.0,16067.0,62937.0,49581.0,0.0
30.0,0.0,65535.0,60180.0,33408.0,16053.0,62975.0,49573.0,0.0
30.04,0.0,65535.0,61473.0,34071.0,16076.0,62870.0,49563.0,0.0
30.08,0.0,65535.0,61337.0,34700.0,16063.0,62611.0,49533.0,0.0
30.12,0.0,65535.0,60248.0,35363.0,16125.0,62212.0,49502.0,0.0
30.16,0.0,65535.0,59755.0,36022.0,16298.0,61752.0,49498.0,0.0
30.2,0.0,65535.0,60452.0,36676.0,16448.0,61022.0,49441.0,0.0
30.24,0.0,65535.0,59721.0,37341.0,16489.0,60198.0,49396.0,0.0
30.28,0.0,65535.0,58634.0,38005.0,16547.0,59356.0,49376.0,0.0
30.32,0.0,65535.0,58023.0,38668.0,16602.0,58401.0,49349.0,0.0
30.36,0.0,65535.0,55748.0,39326.0,16741.0,57414.0,49359.0,0.0
30.4,0.0,65535.0,55494.0,39981.0,16726.0,56213.0,49316.0,0.0
30.44,0.0,65535.0,54172.0,40644.0,16583.0,55038.0,49337.0,0.0
30.48,0.0,65535.0,52138.0,41290.0,16136.0,53563.0,49283.0,0.0
30.52,0.0,65535.0,51054.0,41954.0,15905.0,52160.0,49285.0,0.0
30.56,0.0,65535.0,50803.0,42613.0,16161.0,50765.0,49297.0,0.0
30.6,0.0,65535.0,47940.0,43268.0,16428.0,49107.0,49244.0,0.0
30.64,0.0,65535.0,45554.0,43927.0,16648.0,47681.0,49301.0,0.0
30.68,0.0,65535.0,43881.0,44572.0,17202.0,46129.0,49304.0,0.0
30.72,0.0,65535.0,42209.0,45233.0,17600.0,44135.0,49205.0,0.0
30.76,0.0,65535.0,61280.0,45887.0,17637.0,42193.0,49136.0,0.0
30.8,0.0,65535.0,61144.0,46540.0,17802.0,40249.0,49098.0,0.0
30.84,0.0,65535.0,60772.0,47195.0,17794.0,38274.0,49052.0,0.0
30.88,0.0,65535.0,60636.0,47840.0,17278.0,36306.0,49032.0,0.0
30.92,0.0,65535.0,60146.0,48496.0,16452.0,34287.0,49002.0,0.0
30.96,0.0,65535.0,59537.0,49141.0,15904.0,32454.0,49013.0,0.0
31.0,0.0,65535.0,58810.0,49789.0,16130.0,30700.0,49040.0,0.0
31.04,0.0,65535.0,58439.0,50437.0,16550.0,28838.0,49027.0,0.0
31.08,0.0,65535.0,58422.0,51066.0,17202.0,26722.0,48934.0,0.0
31.12,0.0,65535.0,58051.0,51721.0,18108.0,24583.0,48828.0,0.0
31.16,0.0,65535.0,52007.0,52371.0,18376.0,22223.0,48641.0,0.0
31.2,0.0,65535.0,41830.0,53027.0,18119.0,20092.0,48545.0,0.0
31.24,0.0,65535.0,43118.0,53680.0,17517.0,18270.0,48524.0,0.0
31.28,0.0,65535.0,43932.0,54347.0,16351.0,16686.0,48555.0,0.0
31.32,0.0,65535.0,44983.0,55005.0,15795.0,15274.0,48595.0,0.0
31.36,0.0,65535.0,49101.0,55659.0,15682.0,13757.0,48579.0,0.0
31.4,0.0,65535.0,50621.0,56318.0,15768.0,12130.0,48531.0,0.0
31.44,0.0,65535.0,50253.0,56972.0,15837.0,10354.0,48401.0,0.0
31.48,0.0,65535.0,51300.0,57629.0,15788.0,8568.0,48258.0,0.0
31.52,0.0,65535.0,49871.0,58292.0,15904.0,7009.0,48150.0,0.0
31.56,0.0,65535.0,49032.0,58944.0,16039.0,5691.0,48076.0,0.0
31.6,0.0,65535.0,49254.0,59609.0,16415.0,4549.0,48042.0,0.0
31.64,0.0,65535.0,54306.0,60263.0,16961.0,3664.0,48029.0,0.0
31.68,0.0,65535.0,54762.0,60920.0,17177.0,2834.0,48008.0,0.0
31.72,0.0,65535.0,55924.0,61580.0,17263.0,2172.0,48005.0,0.0
31.76,0.0,65535.0,56026.0,62233.0,17163.0,1361.0,47913.0,0.0
31.8,0.0,65535.0,57893.0,62894.0,17083.0,974.0,47929.0,0.0
31.84,0.0,65535.0,57171.0,63546.0,17093.0,682.0,47924.0,0.0
31.88,0.0,65535.0,57272.0,64201.0,17049.0,317.0,47876.0,0.0
31.92,0.0,65535.0,59255.0,64860.0,17006.0,276.0,47873.0,0.0
31.96,0.0,65535.0,58298.0,65512.0,17002.0,440.0,47890.0,0.0
32.0,0.0,65535.0,57929.0,601.0,17365.0,568.0,47864.0,0.0
32.04,0.0,65535.0,58618.0,1253.0,18194.0,582.0,47744.0,0.0
32.08,0.0,65535.0,59659.0,1892.0,18499.0,668.0,47649.0,0.0
32.12,0.0,65535.0,58820.0,2550.0,18406.0,783.0,47510.0,0.0
32.16,0.0,65535.0,58334.0,3201.0,18180.0,834.0,47331.0,0.0
32.2,0.0,65535.0,58201.0,3863.0,18280.0,1822.0,47392.0,0.0
32.24,0.0,65535.0,58302.0,4516.0,18574.0,2932.0,47440.0,0.0
32.28,0.0,65535.0,57230.0,5186.0,19108.0,3747.0,47374.0,0.0
32.32,0.0,65535.0,56276.0,5844.0,19150.0,4622.0,47295.0,0.0
32.36,0.0,65535.0,52510.0,6497.0,18008.0,5801.0,47303.0,0.0
32.4,0.0,65535.0,52261.0,7158.0,17205.0,7050.0,47276.0,0.0
32.44,0.0,65535.0,52480.0,7813.0,16976.0,8486.0,47268.0,0.0
32.48,0.0,65535.0,51529.0,8472.0,16707.0,10130.0,47297.0,0.0
32.52,0.0,65535.0,51866.0,9135.0,16657.0,12053.0,47372.0,0.0
32.56,0.0,65535.0,49979.0,9795.0,16731.0,13850.0,47406.0,0.0
32.6,0.0,65535.0,47742.0,10461.0,17186.0,15564.0,47362.0,0.0
32.64,0.0,65535.0,45038.0,11120.0,18131.0,17196.0,47273.0,0.0
32.68,0.0,65535.0,43388.0,11785.0,18451.0,19025.0,47244.0,0.0
32.72,0.0,65535.0,41505.0,12449.0,19639.0,20785.0,47175.0,0.0
32.76,0.0,65535.0,46052.0,13113.0,19847.0,22766.0,47182.0,0.0
32.8,0.0,65535.0,45922.0,13782.0,19834.0,24827.0,47189.0,0.0
32.84,0.0,65535.0,46027.0,14440.0,19289.0,26729.0,47157.0,0.0
32.88,0.0,65535.0,46131.0,15107.0,18238.0,28653.0,47118.0,0.0
32.92,0.0,65535.0,42732.0,15769.0,17629.0,30834.0,47156.0,0.0
32.96,0.0,65535.0,42953.0,16430.0,17585.0,32928.0,47139.0,0.0
33.0,0.0,65535.0,42825.0,17090.0,18131.0,34667.0,47005.0,0.0
33.04,0.0,65535.0,42930.0,17736.0,19015.0,36448.0,46898.0,0.0
33.08,0.0,65535.0,42801.0,18376.0,19515.0,38308.0,46813.0,0.0
33.12,0.0,65535.0,44188.0,19025.0,19484.0,39909.0,46672.0,0.0
33.16,0.0,65535.0,45575.0,19669.0,19270.0,41404.0,46520.0,0.0
33.2,0.0,65535.0,41367.0,20324.0,19196.0,43310.0,46495.0,0.0
33.24,0.0,65535.0,42171.0,20967.0,19058.0,45084.0,46459.0,0.0
33.28,0.0,65535.0,44372.0,21643.0,18912.0,47219.0,46521.0,0.0
33.32,0.0,65535.0,46339.0,22293.0,18667.0,48907.0,46480.0,0.0
33.36,0.0,65535.0,49353.0,22942.0,18279.0,50357.0,46379.0,0.0
33.4,0.0,65535.0,51085.0,23599.0,17910.0,51545.0,46230.0,0.0
33.44,0.0,65535.0,52932.0,24245.0,18186.0,53041.0,46201.0,0.0
33.48,0.0,65535.0,56290.0,24909.0,18845.0,54658.0,46204.0,0.0
33.52,0.0,65535.0,56158.0,25564.0,19050.0,56193.0,46232.0,0.0
33.56,0.0,65535.0,56259.0,26218.0,19166.0,57524.0,46220.0,0.0
33.6,0.0,65535.0,56941.0,26877.0,19173.0,58493.0,46134.0,0.0
33.64,0.0,65535.0,60991.0,27525.0,19196.0,59346.0,46052.0,0.0
33.68,0.0,65535.0,60742.0,28188.0,19246.0,60460.0,46081.0,0.0
33.72,0.0,65535.0,60377.0,28842.0,19248.0,61136.0,46015.0,0.0
33.76,0.0,65535.0,62217.0,29497.0,19187.0,61796.0,45968.0,0.0
33.8,0.0,65535.0,61852.0,30155.0,19218.0,62256.0,45907.0,0.0
33.84,0.0,65535.0,60907.0,30804.0,19309.0,62802.0,45905.0,0.0
33.88,0.0,65535.0,60658.0,31467.0,19169.0,62924.0,45807.0,0.0
33.92,0.0,65535.0,62381.0,32120.0,19145.0,63059.0,45765.0,0.0
33.96,0.0,65535.0,61436.0,32776.0,19064.0,63141.0,45722.0,0.0
34.0,0.0,65535.0,60492.0,33434.0,19081.0,63146.0,45716.0,0.0
34.04,0.0,65535.0,61634.0,34083.0,19104.0,62924.0,45653.0,0.0
34.08,0.0,65535.0,61385.0,34729.0,19159.0,62583.0,45607.0,0.0
34.12,0.0,65535.0,60558.0,35383.0,19135.0,62116.0,45558.0,0.0
34.16,0.0,65535.0,59963.0,36038.0,19387.0,61539.0,45512.0,0.0
34.2,0.0,65535.0,60640.0,36697.0,19569.0,60966.0,45516.0,0.0
34.24,0.0,65535.0,60045.0,37346.0,19650.0,60118.0,45446.0,0.0
34.28,0.0,65535.0,58988.0,38028.0,19675.0,58997.0,45354.0,0.0
34.32,0.0,65535.0,57006.0,38681.0,19824.0,58104.0,45346.0,0.0
34.36,0.0,65535.0,56065.0,39338.0,19863.0,57182.0,45358.0,0.0
34.4,0.0,65535.0,55819.0,39996.0,19834.0,56027.0,45347.0,0.0
34.44,0.0,65535.0,54417.0,40647.0,19829.0,54715.0,45300.0,0.0
34.48,0.0,65535.0,52785.0,41314.0,19119.0,53108.0,45219.0,0.0
34.52,0.0,65535.0,52193.0,41970.0,18882.0,51535.0,45157.0,0.0
34.56,0.0,65535.0,49986.0,42632.0,19221.0,49944.0,45102.0,0.0
34.6,0.0,65535.0,47895.0,43290.0,19358.0,48475.0,45124.0,0.0
34.64,0.0,65535.0,44535.0,43947.0,19721.0,46863.0,45099.0,0.0
34.68,0.0,65535.0,43370.0,44612.0,20329.0,45450.0,45163.0,0.0
34.72,0.0,65535.0,42205.0,45265.0,20705.0,43730.0,45134.0,0.0
34.76,0.0,65535.0,60984.0,45929.0,20747.0,41702.0,45048.0,0.0
34.8,0.0,65535.0,61313.0,46588.0,20796.0,39572.0,44947.0,0.0
34.84,0.0,65535.0,60605.0,47244.0,20866.0,37593.0,44901.0,0.0
34.88,0.0,65535.0,59552.0,47914.0,20485.0,35457.0,44833.0,0.0
34.92,0.0,65535.0,59075.0,48568.0,19683.0,33522.0,44821.0,0.0
34.96,0.0,65535.0,59174.0,49232.0,19279.0,31726.0,44852.0,0.0
35.0,0.0,65535.0,58237.0,49890.0,19512.0,30076.0,44910.0,0.0
35.04,0.0,65535.0,57070.0,50539.0,19822.0,28562.0,44998.0,0.0
35.08,0.0,65535.0,56940.0,51186.0,20470.0,26840.0,45016.0,0.0
35.12,0.0,65535.0,57729.0,51832.0,21430.0,24897.0,44947.0,0.0
35.16,0.0,65535.0,58748.0,52485.0,21799.0,22881.0,44878.0,0.0
35.2,0.0,65535.0,40227.0,53137.0,21588.0,20876.0,44803.0,0.0
35.24,0.0,65535.0,42170.0,53784.0,20878.0,18913.0,44742.0,0.0
35.28,0.0,65535.0,43767.0,54463.0,19871.0,17141.0,44720.0,0.0
35.32,0.0,65535.0,45247.0,55111.0,19266.0,15647.0,44737.0,0.0
35.36,0.0,65535.0,48335.0,55768.0,19153.0,14156.0,44749.0,0.0
35.4,0.0,65535.0,50617.0,56422.0,19265.0,12584.0,44698.0,0.0
35.44,0.0,65535.0,51292.0,57066.0,19336.0,11073.0,44662.0,0.0
35.48,0.0,65535.0,54949.0,57727.0,19362.0,9498.0,44565.0,0.0
35.52,0.0,65535.0,51838.0,58372.0,19518.0,8104.0,44500.0,0.0
35.56,0.0,65535.0,52397.0,59026.0,19621.0,6888.0,44470.0,0.0
35.6,0.0,65535.0,55133.0,59678.0,20014.0,5781.0,44425.0,0.0
35.64,0.0,65535.0,56952.0,60325.0,20497.0,4681.0,44358.0,0.0
35.68,0.0,65535.0,56593.0,60989.0,20748.0,3516.0,44232.0,0.0
35.72,0.0,65535.0,56577.0,61638.0,20739.0,2749.0,44206.0,0.0
35.76,0.0,65535.0,58279.0,62295.0,20715.0,1907.0,44116.0,0.0
35.8,0.0,65535.0,58263.0,62951.0,20612.0,1324.0,44067.0,0.0
35.84,0.0,65535.0,57561.0,63599.0,20663.0,1205.0,44129.0,0.0
35.88,0.0,65535.0,57545.0,64264.0,20627.0,1075.0,44131.0,0.0
35.92,0.0,65535.0,59588.0,64914.0,20636.0,1046.0,44137.0,0.0
35.96,0.0,65535.0,58657.0,0.0,20672.0,944.0,44072.0,0.0
36.0,0.0,65535.0,58299.0,657.0,20995.0,878.0,43987.0,0.0
36.04,0.0,65535.0,59883.0,1306.0,21923.0,905.0,43898.0,0.0
36.08,0.0,65535.0,59981.0,1956.0,22188.0,1171.0,43835.0,0.0
36.12,0.0,65535.0,59279.0,2609.0,22142.0,1707.0,43838.0,0.0
36.16,0.0,65535.0,58920.0,3270.0,22170.0,2244.0,43792.0,0.0
36.2,0.0,65535.0,60959.0,3929.0,22048.0,3002.0,43769.0,0.0
36.24,0.0,65535.0,59687.0,4580.0,22359.0,3851.0,43748.0,0.0
36.28,0.0,65535.0,59215.0,5266.0,22891.0,4623.0,43661.0,0.0
36.32,0.0,65535.0,55435.0,5918.0,23011.0,5467.0,43591.0,0.0
36.36,0.0,65535.0,55534.0,6579.0,21860.0,6490.0,43540.0,0.0
36.4,0.0,65535.0,54949.0,7241.0,20979.0,7925.0,43579.0,0.0
36.44,0.0,65535.0,53566.0,7892.0,20755.0,9309.0,43558.0,0.0
36.48,0.0,65535.0,52868.0,8561.0,20535.0,10878.0,43550.0,0.0
36.52,0.0,65535.0,52056.0,9207.0,20469.0,12136.0,43438.0,0.0
36.56,0.0,65535.0,50903.0,9862.0,20515.0,13500.0,43331.0,0.0
36.6,0.0,65535.0,47816.0,10519.0,20873.0,15203.0,43307.0,0.0
36.64,0.0,65535.0,45868.0,11164.0,21813.0,16862.0,43215.0,0.0
36.68,0.0,65535.0,43694.0,11830.0,22054.0,18666.0,43180.0,0.0
36.72,0.0,65535.0,42544.0,12474.0,23217.0,20376.0,43103.0,0.0
36.76,0.0,65535.0,44011.0,13129.0,23506.0,22325.0,43084.0,0.0
36.8,0.0,65535.0,45932.0,13783.0,23502.0,24282.0,43073.0,0.0
36.84,0.0,65535.0,46033.0,14428.0,23000.0,26240.0,43043.0,0.0
36.88,0.0,65535.0,46362.0,15091.0,21918.0,28108.0,43001.0,0.0
36.92,0.0,65535.0,43282.0,15734.0,21304.0,30179.0,43002.0,0.0
36.96,0.0,65535.0,42930.0,16383.0,21100.0,31959.0,42892.0,0.0
37.0,0.0,65535.0,43259.0,17041.0,21737.0,34004.0,42872.0,0.0
37.04,0.0,65535.0,43020.0,17685.0,22586.0,35976.0,42806.0,0.0
37.08,0.0,65535.0,43689.0,18326.0,23118.0,37501.0,42626.0,0.0
37.12,0.0,65535.0,44131.0,18980.0,23135.0,39504.0,42609.0,0.0
37.16,0.0,65535.0,44686.0,19636.0,23013.0,41558.0,42619.0,0.0
37.2,0.0,65535.0,41499.0,20296.0,22962.0,43487.0,42604.0,0.0
37.24,0.0,65535.0,43189.0,20953.0,22823.0,45593.0,42645.0,0.0
37.28,0.0,65535.0,44650.0,21625.0,22469.0,47294.0,42599.0,0.0
37.32,0.0,65535.0,48377.0,22283.0,22171.0,49071.0,42586.0,0.0
37.36,0.0,65535.0,49610.0,22940.0,22080.0,50675.0,42536.0,0.0
37.4,0.0,65535.0,50729.0,23600.0,21751.0,52093.0,42460.0,0.0
37.44,0.0,65535.0,52187.0,24255.0,21976.0,53357.0,42345.0,0.0
37.48,0.0,65535.0,56473.0,24908.0,22595.0,54543.0,42232.0,0.0
37.52,0.0,65535.0,56345.0,25561.0,22770.0,55704.0,42134.0,0.0
37.56,0.0,65535.0,56556.0,26216.0,22814.0,57101.0,42151.0,0.0
37.6,0.0,65535.0,57106.0,26874.0,22943.0,58415.0,42166.0,0.0
37.64,0.0,65535.0,60143.0,27530.0,23011.0,59533.0,42150.0,0.0
37.68,0.0,65535.0,61031.0,28184.0,22955.0,60388.0,42096.0,0.0
37.72,0.0,65535.0,59998.0,28841.0,22992.0,61309.0,42092.0,0.0
37.76,0.0,65535.0,62354.0,29495.0,22924.0,61815.0,42015.0,0.0
37.8,0.0,65535.0,62111.0,30153.0,22967.0,62292.0,41951.0,0.0
37.84,0.0,65535.0,61192.0,30809.0,22981.0,62639.0,41895.0,0.0
37.88,0.0,65535.0,60837.0,31462.0,22928.0,62647.0,41774.0,0.0
37.92,0.0,65535.0,62513.0,32119.0,22879.0,62800.0,41724.0,0.0
37.96,0.0,65535.0,61706.0,32773.0,22760.0,62883.0,41697.0,0.0
38.0,0.0,65535.0,60675.0,33432.0,22771.0,62962.0,41694.0,0.0
38.04,0.0,65535.0,61786.0,34087.0,22860.0,63122.0,41753.0,0.0
38.08,0.0,65535.0,61657.0,34724.0,22859.0,62683.0,41672.0,0.0
38.12,0.0,65535.0,60851.0,35382.0,22867.0,62042.0,41564.0,0.0
38.16,0.0,65535.0,60159.0,36034.0,23047.0,61585.0,41570.0,0.0
38.2,0.0,65535.0,60819.0,36694.0,23168.0,60950.0,41536.0,0.0
38.24,0.0,65535.0,60690.0,37352.0,23194.0,59795.0,41391.0,0.0
38.28,0.0,65535.0,59210.0,38019.0,23263.0,58937.0,41363.0,0.0
38.32,0.0,65535.0,57169.0,38680.0,23361.0,57893.0,41320.0,0.0
38.36,0.0,65535.0,57154.0,39335.0,23412.0,56742.0,41269.0,0.0
38.4,0.0,65535.0,56913.0,39995.0,23461.0,55609.0,41251.0,0.0
38.44,0.0,65535.0,56111.0,40654.0,23423.0,54299.0,41229.0,0.0
38.48,0.0,65535.0,52948.0,41305.0,22962.0,52933.0,41208.0,0.0
38.52,0.0,65535.0,52485.0,41963.0,22688.0,51568.0,41218.0,0.0
38.56,0.0,65535.0,50223.0,42615.0,23104.0,50119.0,41209.0,0.0
38.6,0.0,65535.0,48076.0,43274.0,23221.0,48501.0,41167.0,0.0
38.64,0.0,65535.0,44806.0,43932.0,23473.0,46809.0,41132.0,0.0
38.68,0.0,65535.0,42774.0,44587.0,23966.0,45107.0,41094.0,0.0
38.72,0.0,65535.0,42089.0,45248.0,24326.0,43294.0,41052.0,0.0
38.76,0.0,65535.0,60928.0,45900.0,24476.0,41438.0,41008.0,0.0
38.8,0.0,65535.0,60576.0,46555.0,24492.0,39773.0,41036.0,0.0
38.84,0.0,65535.0,60223.0,47214.0,24570.0,37748.0,40975.0,0.0
38.88,0.0,65535.0,59871.0,47857.0,24311.0,36027.0,41013.0,0.0
38.92,0.0,65535.0,59294.0,48518.0,23380.0,33882.0,40949.0,0.0
38.96,0.0,65535.0,58830.0,49172.0,22969.0,31799.0,40881.0,0.0
39.0,0.0,65535.0,57918.0,49828.0,23189.0,29954.0,40888.0,0.0
39.04,0.0,65535.0,57343.0,50501.0,23508.0,27820.0,40798.0,0.0
39.08,0.0,65535.0,57664.0,51137.0,24148.0,25760.0,40719.0,0.0
39.12,0.0,65535.0,57648.0,51806.0,24990.0,23751.0,40653.0,0.0
39.16,0.0,65535.0,51926.0,52465.0,25388.0,21872.0,40606.0,0.0
39.2,0.0,65535.0,41619.0,53122.0,25176.0,19968.0,40568.0,0.0
39.24,0.0,65535.0,43509.0,53788.0,24619.0,18394.0,40610.0,0.0
39.28,0.0,65535.0,44280.0,54451.0,23672.0,16893.0,40658.0,0.0
39.32,0.0,65535.0,47287.0,55120.0,23000.0,15095.0,40598.0,0.0
39.36,0.0,65535.0,49510.0,55772.0,23021.0,13736.0,40637.0,0.0
39.4,0.0,65535.0,51172.0,56430.0,23133.0,12092.0,40579.0,0.0
39.44,0.0,65535.0,50712.0,57098.0,23204.0,10409.0,40480.0,0.0
39.48,0.0,65535.0,52820.0,57741.0,23332.0,9046.0,40466.0,0.0
39.52,0.0,65535.0,52136.0,58408.0,23509.0,7929.0,40485.0,0.0
39.56,0.0,65535.0,52792.0,59056.0,23574.0,6986.0,40516.0,0.0
39.6,0.0,65535.0,56349.0,59711.0,23977.0,5868.0,40478.0,0.0
39.64,0.0,65535.0,57338.0,60376.0,24456.0,4808.0,40411.0,0.0
39.68,0.0,65535.0,57546.0,61014.0,24758.0,4095.0,40436.0,0.0
39.72,0.0,65535.0,56862.0,61683.0,24706.0,3123.0,40336.0,0.0
39.76,0.0,65535.0,58518.0,62329.0,24661.0,2410.0,40285.0,0.0
39.8,0.0,65535.0,58726.0,62984.0,24600.0,1894.0,40267.0,0.0
39.84,0.0,65535.0,57930.0,63652.0,24507.0,1469.0,40220.0,0.0
39.88,0.0,65535.0,58583.0,64290.0,24506.0,1149.0,40181.0,0.0
39.92,0.0,65535.0,59904.0,64960.0,24507.0,842.0,40105.0,0.0
39.96,0.0,65535.0,58998.0,36.0,24460.0,809.0,40067.0,0.0
40.0,0.0,65535.0,58537.0,691.0,24839.0,841.0,40018.0,0.0
40.04,0.0,65535.0,60079.0,1358.0,25682.0,767.0,39876.0,0.0
40.08,0.0,65535.0,60286.0,1980.0,25942.0,1055.0,39838.0,0.0
40.12,0.0,65535.0,59491.0,2649.0,25931.0,1519.0,39806.0,0.0
40.16,0.0,65535.0,59142.0,3296.0,25823.0,1946.0,39730.0,0.0
40.2,0.0,65535.0,60460.0,3951.0,25866.0,2767.0,39739.0,0.0
40.24,0.0,65535.0,60000.0,4617.0,26186.0,3588.0,39703.0,0.0
40.28,0.0,65535.0,58762.0,5273.0,26748.0,4574.0,39696.0,0.0
40.32,0.0,65535.0,57414.0,5947.0,26977.0,5894.0,39752.0,0.0
40.36,0.0,65535.0,55844.0,6595.0,25857.0,7064.0,39749.0,0.0
40.4,0.0,65535.0,55164.0,7248.0,24870.0,7981.0,39624.0,0.0
40.44,0.0,65535.0,53817.0,7914.0,24625.0,9010.0,39500.0,0.0
40.48,0.0,65535.0,51696.0,8545.0,24274.0,10024.0,39352.0,0.0
40.52,0.0,65535.0,50129.0,9214.0,24249.0,11354.0,39264.0,0.0
40.56,0.0,65535.0,49894.0,9859.0,24303.0,12881.0,39226.0,0.0
40.6,0.0,65535.0,48218.0,10507.0,24544.0,14525.0,39171.0,0.0
40.64,0.0,65535.0,47208.0,11174.0,25481.0,16292.0,39121.0,0.0
40.68,0.0,65535.0,45312.0,11806.0,25621.0,18104.0,39086.0,0.0
40.72,0.0,65535.0,42642.0,12480.0,26876.0,20165.0,39104.0,0.0
40.76,0.0,65535.0,44071.0,13129.0,27279.0,22315.0,39152.0,0.0
40.8,0.0,65535.0,46162.0,13779.0,27200.0,24242.0,39113.0,0.0
40.84,0.0,65535.0,46814.0,14446.0,26688.0,25899.0,39004.0,0.0
40.88,0.0,65535.0,47466.0,15077.0,25466.0,27680.0,38937.0,0.0
40.92,0.0,65535.0,45794.0,15745.0,24798.0,29568.0,38884.0,0.0
40.96,0.0,65535.0,43460.0,16395.0,24728.0,31575.0,38859.0,0.0
41.0,0.0,65535.0,43448.0,17040.0,25346.0,33455.0,38772.0,0.0
41.04,0.0,65535.0,43768.0,17709.0,26242.0,35563.0,38765.0,0.0
41.08,0.0,65535.0,43757.0,18336.0,26855.0,37767.0,38766.0,0.0
41.12,0.0,65535.0,44187.0,19002.0,26942.0,39696.0,38730.0,0.0
41.16,0.0,65535.0,44618.0,19655.0,26748.0,41522.0,38665.0,0.0
41.2,0.0,65535.0,41625.0,20307.0,26736.0,43582.0,38683.0,0.0
41.24,0.0,65535.0,43380.0,20970.0,26520.0,45393.0,38662.0,0.0
41.28,0.0,65535.0,44913.0,21631.0,26192.0,47293.0,38661.0,0.0
41.32,0.0,65535.0,48542.0,22295.0,25896.0,48963.0,38618.0,0.0
41.36,0.0,65535.0,50736.0,22955.0,25767.0,51108.0,38721.0,0.0
41.4,0.0,65535.0,50281.0,23610.0,25569.0,52771.0,38704.0,0.0
41.44,0.0,65535.0,50819.0,24279.0,25810.0,54330.0,38679.0,0.0
41.48,0.0,65535.0,53781.0,24932.0,26505.0,55815.0,38640.0,0.0
41.52,0.0,65535.0,54098.0,25599.0,26628.0,57106.0,38594.0,0.0
41.56,0.0,65535.0,54304.0,26258.0,26635.0,58308.0,38546.0,0.0
41.6,0.0,65535.0,57263.0,26911.0,26640.0,59249.0,38457.0,0.0
41.64,0.0,65535.0,58789.0,27575.0,26538.0,60067.0,38365.0,0.0
41.68,0.0,65535.0,60535.0,28223.0,26506.0,60924.0,38314.0,0.0
41.72,0.0,65535.0,60189.0,28885.0,26471.0,61513.0,38223.0,0.0
41.76,0.0,65535.0,62484.0,29542.0,26403.0,62036.0,38137.0,0.0
41.8,0.0,65535.0,62137.0,30193.0,26430.0,62658.0,38129.0,0.0
41.84,0.0,65535.0,61461.0,30856.0,26383.0,63134.0,38095.0,0.0
41.88,0.0,65535.0,61775.0,31505.0,26454.0,63528.0,38080.0,0.0
41.92,0.0,65535.0,62638.0,32166.0,26402.0,63771.0,38068.0,0.0
41.96,0.0,65535.0,61853.0,32822.0,26356.0,63897.0,38028.0,0.0
42.0,0.0,65535.0,60738.0,33472.0,26161.0,63657.0,37947.0,0.0
42.04,0.0,65535.0,61930.0,34135.0,26185.0,63247.0,37836.0,0.0
42.08,0.0,65535.0,61914.0,34767.0,26170.0,62747.0,37744.0,0.0
42.12,0.0,65535.0,60910.0,35426.0,26255.0,62347.0,37720.0,0.0
42.16,0.0,65535.0,60346.0,36081.0,26505.0,62137.0,37780.0,0.0
42.2,0.0,65535.0,59343.0,36729.0,26589.0,61826.0,37849.0,0.0
42.24,0.0,65535.0,58998.0,37386.0,26810.0,61042.0,37797.0,0.0
42.28,0.0,65535.0,57777.0,38046.0,26892.0,60351.0,37815.0,0.0
42.32,0.0,65535.0,54912.0,38702.0,26908.0,59226.0,37738.0,0.0
42.36,0.0,65535.0,53802.0,39353.0,27003.0,58109.0,37696.0,0.0
42.4,0.0,65535.0,53131.0,39999.0,27006.0,56807.0,37643.0,0.0
42.44,0.0,65535.0,53555.0,40654.0,26884.0,55530.0,37613.0,0.0
42.48,0.0,65535.0,51132.0,41301.0,26352.0,53833.0,37507.0,0.0
42.52,0.0,65535.0,51666.0,41957.0,26015.0,52345.0,37468.0,0.0
42.56,0.0,65535.0,51324.0,42613.0,26318.0,50577.0,37365.0,0.0
42.6,0.0,65535.0,48138.0,43263.0,26502.0,48790.0,37293.0,0.0
42.64,0.0,65535.0,46157.0,43920.0,26663.0,47186.0,37274.0,0.0
42.68,0.0,65535.0,43849.0,44572.0,27136.0,45269.0,37185.0,0.0
42.72,0.0,65535.0,42416.0,45227.0,27558.0,43569.0,37167.0,0.0
42.76,0.0,65535.0,60329.0,45882.0,27770.0,41755.0,37141.0,0.0
42.8,0.0,65535.0,60204.0,46537.0,27841.0,39872.0,37106.0,0.0
42.84,0.0,65535.0,59533.0,47191.0,27897.0,37934.0,37062.0,0.0
42.88,0.0,65535.0,58972.0,47853.0,27503.0,35657.0,36953.0,0.0
42.92,0.0,65535.0,58301.0,48510.0,26592.0,33472.0,36872.0,0.0
42.96,0.0,65535.0,58177.0,49170.0,26209.0,31324.0,36803.0,0.0
43.0,0.0,65535.0,57507.0,49831.0,26373.0,29385.0,36770.0,0.0
43.04,0.0,65535.0,56947.0,50480.0,26688.0,27578.0,36775.0,0.0
43.08,0.0,65535.0,57368.0,51125.0,27328.0,25683.0,36744.0,0.0
43.12,0.0,65535.0,57353.0,51777.0,28158.0,23881.0,36713.0,0.0
43.16,0.0,65535.0,51888.0,52433.0,28614.0,22004.0,36688.0,0.0
43.2,0.0,65535.0,42502.0,53088.0,28446.0,20303.0,36700.0,0.0
43.24,0.0,65535.0,43690.0,53737.0,27961.0,18652.0,36724.0,0.0
43.28,0.0,65535.0,44550.0,54418.0,26867.0,16809.0,36675.0,0.0
43.32,0.0,65535.0,47587.0,55071.0,26208.0,14849.0,36554.0,0.0
43.36,0.0,65535.0,49861.0,55737.0,26083.0,12994.0,36466.0,0.0
43.4,0.0,65535.0,48978.0,56397.0,26189.0,11211.0,36364.0,0.0
43.44,0.0,65535.0,47006.0,57049.0,26286.0,9589.0,36297.0,0.0
43.48,0.0,65535.0,52107.0,57712.0,26468.0,8576.0,36371.0,0.0
43.52,0.0,65535.0,51224.0,58366.0,26543.0,7322.0,36339.0,0.0
43.56,0.0,65535.0,50993.0,59031.0,26612.0,6118.0,36300.0,0.0
43.6,0.0,65535.0,55762.0,59685.0,27086.0,5426.0,36375.0,0.0
43.64,0.0,65535.0,55965.0,60337.0,27693.0,4521.0,36366.0,0.0
43.68,0.0,65535.0,57363.0,60999.0,27983.0,3857.0,36388.0,0.0
43.72,0.0,65535.0,57131.0,61647.0,28062.0,3255.0,36407.0,0.0
43.76,0.0,65535.0,58745.0,62310.0,28022.0,2694.0,36402.0,0.0
43.8,0.0,65535.0,59056.0,62962.0,27910.0,2309.0,36406.0,0.0
43.84,0.0,65535.0,58389.0,63613.0,27886.0,1804.0,36352.0,0.0
43.88,0.0,65535.0,58049.0,64275.0,27810.0,1539.0,36321.0,0.0
43.92,0.0,65535.0,60203.0,64924.0,27733.0,1246.0,36258.0,0.0
43.96,0.0,65535.0,59320.0,16.0,27899.0,1298.0,36250.0,0.0
44.0,0.0,65535.0,58763.0,669.0,28136.0,1266.0,36174.0,0.0
44.04,0.0,65535.0,60265.0,1321.0,29042.0,1409.0,36116.0,0.0
44.08,0.0,65535.0,60683.0,1968.0,29378.0,1682.0,36051.0,0.0
44.12,0.0,65535.0,59909.0,2617.0,29186.0,1874.0,35952.0,0.0
44.16,0.0,65535.0,59352.0,3281.0,29101.0,2172.0,35839.0,0.0
44.2,0.0,65535.0,60636.0,3933.0,29082.0,2757.0,35781.0,0.0
44.24,0.0,65535.0,59105.0,4583.0,29400.0,3439.0,35707.0,0.0
44.28,0.0,65535.0,58982.0,5262.0,29951.0,4409.0,35678.0,0.0
44.32,0.0,65535.0,55829.0,5907.0,30020.0,5400.0,35649.0,0.0
44.36,0.0,65535.0,56139.0,6572.0,29006.0,6715.0,35682.0,0.0
44.4,0.0,65535.0,55476.0,7223.0,28187.0,7812.0,35619.0,0.0
44.44,0.0,65535.0,54056.0,7875.0,27875.0,9063.0,35560.0,0.0
44.48,0.0,65535.0,53177.0,8540.0,27497.0,10255.0,35454.0,0.0
44.52,0.0,65535.0,51651.0,9188.0,27522.0,11628.0,35387.0,0.0
44.56,0.0,65535.0,50125.0,9856.0,27501.0,13191.0,35343.0,0.0
44.6,0.0,65535.0,48384.0,10508.0,27796.0,14737.0,35275.0,0.0
44.64,0.0,65535.0,47400.0,11155.0,28777.0,16130.0,35110.0,0.0
44.68,0.0,65535.0,45553.0,11821.0,29058.0,17999.0,35104.0,0.0
44.72,0.0,65535.0,43599.0,12460.0,30221.0,19717.0,35032.0,0.0
44.76,0.0,65535.0,43264.0,13121.0,30560.0,21588.0,34985.0,0.0
44.8,0.0,65535.0,47352.0,13772.0,30482.0,23599.0,34988.0,0.0
44.84,0.0,65535.0,46800.0,14421.0,30123.0,25695.0,34998.0,0.0
44.88,0.0,65535.0,47435.0,15091.0,28970.0,27845.0,35045.0,0.0
44.92,0.0,65535.0,45699.0,15734.0,28335.0,29703.0,34973.0,0.0
44.96,0.0,65535.0,43424.0,16402.0,28281.0,31726.0,34935.0,0.0
45.0,0.0,65535.0,43305.0,17061.0,28801.0,33956.0,34965.0,0.0
45.04,0.0,65535.0,42971.0,17711.0,29802.0,36086.0,34943.0,0.0
45.08,0.0,65535.0,42852.0,18367.0,30518.0,38291.0,34963.0,0.0
45.12,0.0,65535.0,44671.0,19017.0,30619.0,40411.0,34971.0,0.0
45.16,0.0,65535.0,43907.0,19684.0,30466.0,42272.0,34917.0,0.0
45.2,0.0,65535.0,42389.0,20345.0,30413.0,44320.0,34944.0,0.0
45.24,0.0,65535.0,43454.0,20994.0,30152.0,46026.0,34872.0,0.0
45.28,0.0,65535.0,45056.0,21678.0,29884.0,47559.0,34775.0,0.0
45.32,0.0,65535.0,48592.0,22325.0,29498.0,49183.0,34717.0,0.0
45.36,0.0,65535.0,50084.0,22982.0,29283.0,50791.0,34671.0,0.0
45.4,0.0,65535.0,51253.0,23637.0,29076.0,52315.0,34625.0,0.0
45.44,0.0,65535.0,51025.0,24283.0,29153.0,53918.0,34608.0,0.0
45.48,0.0,65535.0,55416.0,24946.0,29865.0,55361.0,34565.0,0.0
45.52,0.0,65535.0,54328.0,25597.0,30216.0,56990.0,34597.0,0.0
45.56,0.0,65535.0,54421.0,26255.0,30289.0,58325.0,34595.0,0.0
45.6,0.0,65535.0,57412.0,26915.0,30432.0,59488.0,34560.0,0.0
45.64,0.0,65535.0,59007.0,27566.0,30424.0,60613.0,34552.0,0.0
45.68,0.0,65535.0,58348.0,28230.0,30362.0,61423.0,34489.0,0.0
45.72,0.0,65535.0,59942.0,28882.0,30398.0,62103.0,34410.0,0.0
45.76,0.0,65535.0,62392.0,29541.0,30306.0,62659.0,34344.0,0.0
45.8,0.0,65535.0,62376.0,30199.0,30440.0,63231.0,34312.0,0.0
45.84,0.0,65535.0,61610.0,30850.0,30370.0,63912.0,34347.0,0.0
45.88,0.0,65535.0,61809.0,31513.0,30441.0,64353.0,34347.0,0.0
45.92,0.0,65535.0,62864.0,32164.0,30354.0,64426.0,34268.0,0.0
45.96,0.0,65535.0,62099.0,32822.0,30329.0,64209.0,34155.0,0.0
46.0,0.0,65535.0,60905.0,33479.0,30219.0,63993.0,34067.0,0.0
46.04,0.0,65535.0,61960.0,34128.0,30193.0,63830.0,34041.0,0.0
46.08,0.0,65535.0,62158.0,34772.0,30334.0,63628.0,34032.0,0.0
46.12,0.0,65535.0,61180.0,35420.0,30419.0,63674.0,34124.0,0.0
46.16,0.0,65535.0,59881.0,36075.0,30594.0,63399.0,34162.0,0.0
46.2,0.0,65535.0,59652.0,36733.0,30636.0,62450.0,34030.0,0.0
46.24,0.0,65535.0,58247.0,37380.0,30792.0,61677.0,34003.0,0.0
46.28,0.0,65535.0,58019.0,38059.0,30859.0,60625.0,33912.0,0.0
46.32,0.0,65535.0,52877.0,38704.0,31003.0,59913.0,33957.0,0.0
46.36,0.0,65535.0,54038.0,39362.0,30947.0,58662.0,33876.0,0.0
46.4,0.0,65535.0,53384.0,40019.0,30885.0,57322.0,33797.0,0.0
46.44,0.0,65535.0,50808.0,40659.0,30988.0,56410.0,33885.0,0.0
46.48,0.0,65535.0,49835.0,41324.0,30385.0,54583.0,33723.0,0.0
46.52,0.0,65535.0,51850.0,41973.0,29900.0,52519.0,33533.0,0.0
46.56,0.0,65535.0,50450.0,42626.0,30289.0,50955.0,33502.0,0.0
46.6,0.0,65535.0,47878.0,43286.0,30388.0,49187.0,33420.0,0.0
46.64,0.0,65535.0,46693.0,43926.0,30627.0,47758.0,33465.0,0.0
46.68,0.0,65535.0,44443.0,44584.0,31306.0,46123.0,33440.0,0.0
46.72,0.0,65535.0,42727.0,45229.0,31773.0,44632.0,33486.0,0.0
46.76,0.0,65535.0,42290.0,45872.0,32062.0,43201.0,33562.0,0.0
46.8,0.0,65535.0,60703.0,46525.0,32092.0,41445.0,33562.0,0.0
46.84,0.0,65535.0,60475.0,47165.0,32142.0,39183.0,33429.0,0.0
46.88,0.0,65535.0,58650.0,47820.0,31588.0,36829.0,33291.0,0.0
46.92,0.0,65535.0,58529.0,48469.0,30738.0,34460.0,33165.0,0.0
46.96,0.0,65535.0,58089.0,49119.0,30297.0,32055.0,33009.0,0.0
47.0,0.0,65535.0,57117.0,49780.0,30433.0,29788.0,32890.0,0.0
47.04,0.0,65535.0,57102.0,50426.0,30728.0,27805.0,32859.0,0.0
47.08,0.0,65535.0,56982.0,51069.0,31361.0,25971.0,32844.0,0.0
47.12,0.0,65535.0,56967.0,51720.0,32211.0,24251.0,32849.0,0.0
47.16,0.0,65535.0,57909.0,52367.0,32736.0,22664.0,32881.0,0.0
47.2,0.0,65535.0,42598.0,53030.0,32527.0,20760.0,32841.0,0.0
47.24,0.0,65535.0,43861.0,53681.0,31830.0,18620.0,32722.0,0.0
47.28,0.0,65535.0,45867.0,54361.0,30760.0,16412.0,32563.0,0.0
47.32,0.0,65535.0,46493.0,55016.0,30176.0,14548.0,32485.0,0.0
47.36,0.0,65535.0,49452.0,55668.0,30053.0,12770.0,32405.0,0.0
47.4,0.0,65535.0,49228.0,56329.0,30237.0,11269.0,32398.0,0.0
47.44,0.0,65535.0,49534.0,56976.0,30308.0,9854.0,32379.0,0.0
47.48,0.0,65535.0,52384.0,57639.0,30374.0,8687.0,32403.0,0.0
47.52,0.0,65535.0,51523.0,58292.0,30450.0,7434.0,32381.0,0.0
47.56,0.0,65535.0,51404.0,58941.0,30585.0,6481.0,32412.0,0.0
47.6,0.0,65535.0,52133.0,59608.0,30858.0,5308.0,32354.0,0.0
47.64,0.0,65535.0,56251.0,60253.0,31469.0,4461.0,32351.0,0.0
47.68,0.0,65535.0,56237.0,60919.0,31681.0,3576.0,32323.0,0.0
47.72,0.0,65535.0,57070.0,61573.0,31713.0,2854.0,32307.0,0.0
47.76,0.0,65535.0,57690.0,62223.0,31536.0,2153.0,32258.0,0.0
47.8,0.0,65535.0,59263.0,62892.0,31541.0,1434.0,32181.0,0.0
47.84,0.0,65535.0,58614.0,63537.0,31456.0,812.0,32080.0,0.0
47.88,0.0,65535.0,58282.0,64203.0,31387.0,460.0,32038.0,0.0
47.92,0.0,65535.0,60382.0,64856.0,31333.0,352.0,32021.0,0.0
47.96,0.0,65535.0,59627.0,65505.0,31439.0,153.0,31933.0,0.0
48.0,0.0,65535.0,58977.0,599.0,31671.0,20.0,31842.0,0.0
48.04,0.0,65535.0,59491.0,1242.0,32484.0,62.0,31744.0,0.0
48.08,0.0,65535.0,60744.0,1888.0,32921.0,429.0,31726.0,0.0
48.12,0.0,65535.0,60095.0,2541.0,32894.0,814.0,31670.0,0.0
48.16,0.0,65535.0,59341.0,3188.0,32776.0,1412.0,31645.0,0.0
48.2,0.0,65535.0,59009.0,3854.0,32797.0,2273.0,31665.0,0.0
48.24,0.0,65535.0,59416.0,4498.0,33067.0,3087.0,31616.0,0.0
48.28,0.0,65535.0,58135.0,5179.0,33699.0,4172.0,31648.0,0.0
48.32,0.0,65535.0,57171.0,5834.0,33952.0,5466.0,31693.0,0.0
48.36,0.0,65535.0,55364.0,6479.0,32929.0,6439.0,31633.0,0.0
48.4,0.0,65535.0,53769.0,7146.0,31902.0,7520.0,31562.0,0.0
48.44,0.0,65535.0,53439.0,7786.0,31543.0,8583.0,31452.0,0.0
48.48,0.0,65535.0,49000.0,8447.0,31224.0,9663.0,31326.0,0.0
48.52,0.0,65535.0,50568.0,9101.0,31222.0,11092.0,31260.0,0.0
48.56,0.0,65535.0,50345.0,9750.0,31333.0,13115.0,31370.0,0.0
48.6,0.0,65535.0,49595.0,10420.0,31721.0,14900.0,31349.0,0.0
48.64,0.0,65535.0,46425.0,11075.0,32893.0,17090.0,31424.0,0.0
48.68,0.0,65535.0,43992.0,11742.0,33085.0,19047.0,31427.0,0.0
48.72,0.0,65535.0,42087.0,12410.0,34393.0,21213.0,31478.0,0.0
48.76,0.0,65535.0,45969.0,13067.0,34650.0,23150.0,31462.0,0.0
48.8,0.0,65535.0,45958.0,13739.0,34687.0,25017.0,31404.0,0.0
48.84,0.0,65535.0,45841.0,14394.0,34262.0,26771.0,31336.0,0.0
48.88,0.0,65535.0,46145.0,15056.0,33084.0,28599.0,31290.0,0.0
48.92,0.0,65535.0,43296.0,15724.0,32374.0,30661.0,31281.0,0.0
48.96,0.0,65535.0,42550.0,16374.0,32148.0,32568.0,31222.0,0.0
49.0,0.0,65535.0,42959.0,17046.0,32850.0,34842.0,31249.0,0.0
49.04,0.0,65535.0,43053.0,17697.0,33703.0,36715.0,31172.0,0.0
49.08,0.0,65535.0,42938.0,18338.0,34275.0,38663.0,31100.0,0.0
49.12,0.0,65535.0,44711.0,19002.0,34336.0,40598.0,31069.0,0.0
49.16,0.0,65535.0,44071.0,19648.0,34271.0,42512.0,31031.0,0.0
49.2,0.0,65535.0,42591.0,20313.0,34133.0,44358.0,30987.0,0.0
49.24,0.0,65535.0,43629.0,20963.0,33965.0,46053.0,30924.0,0.0
49.28,0.0,65535.0,45191.0,21638.0,33762.0,47803.0,30880.0,0.0
49.32,0.0,65535.0,49373.0,22306.0,33587.0,49810.0,30936.0,0.0
49.36,0.0,65535.0,51037.0,22954.0,33296.0,51514.0,30911.0,0.0
49.4,0.0,65535.0,50710.0,23624.0,33055.0,53046.0,30856.0,0.0
49.44,0.0,65535.0,51221.0,24274.0,33252.0,54523.0,30818.0,0.0
49.48,0.0,65535.0,54141.0,24933.0,33965.0,55933.0,30751.0,0.0
49.52,0.0,65535.0,54546.0,25595.0,34158.0,57276.0,30717.0,0.0
49.56,0.0,65535.0,54532.0,26241.0,34206.0,58438.0,30653.0,0.0
49.6,0.0,65535.0,59019.0,26907.0,34192.0,59524.0,30601.0,0.0
49.64,0.0,65535.0,59213.0,27553.0,34191.0,60454.0,30540.0,0.0
49.68,0.0,65535.0,60976.0,28212.0,34182.0,61366.0,30499.0,0.0
49.72,0.0,65535.0,60125.0,28874.0,34246.0,62290.0,30509.0,0.0
49.76,0.0,65535.0,62514.0,29519.0,34244.0,62863.0,30434.0,0.0
49.8,0.0,65535.0,62603.0,30186.0,34202.0,63346.0,30377.0,0.0
49.84,0.0,65535.0,61961.0,30832.0,34110.0,63650.0,30301.0,0.0
49.88,0.0,65535.0,61214.0,31490.0,34175.0,63996.0,30267.0,0.0
49.92,0.0,65535.0,63079.0,32152.0,34143.0,64182.0,30242.0,0.0
49.96,0.0,65535.0,62332.0,32797.0,34055.0,64036.0,30131.0,0.0
50.0,0.0,65535.0,61168.0,33465.0,33977.0,63756.0,30034.0,0.0
50.04,0.0,65535.0,62197.0,34111.0,33941.0,63590.0,29998.0,0.0
50.08,0.0,65535.0,62390.0,34753.0,33905.0,63320.0,29964.0,0.0
50.12,0.0,65535.0,61436.0,35418.0,34086.0,62897.0,29922.0,0.0
50.16,0.0,65535.0,60691.0,36066.0,34203.0,62304.0,29865.0,0.0
50.2,0.0,65535.0,61093.0,36732.0,34466.0,61838.0,29894.0,0.0
50.24,0.0,65535.0,59514.0,37380.0,34558.0,61324.0,29921.0,0.0
50.28,0.0,65535.0,58249.0,38053.0,34619.0,60640.0,29940.0,0.0
50.32,0.0,65535.0,53026.0,38719.0,34785.0,59617.0,29893.0,0.0
50.36,0.0,65535.0,54262.0,39362.0,34757.0,58620.0,29883.0,0.0
50.4,0.0,65535.0,53624.0,40029.0,34715.0,57290.0,29820.0,0.0
50.44,0.0,65535.0,53090.0,40683.0,34763.0,55867.0,29744.0,0.0
50.48,0.0,65535.0,49955.0,41331.0,34194.0,54661.0,29781.0,0.0
50.52,0.0,65535.0,51087.0,41994.0,33916.0,53031.0,29708.0,0.0
50.56,0.0,65535.0,50763.0,42637.0,34128.0,51438.0,29657.0,0.0
50.6,0.0,65535.0,47942.0,43294.0,34308.0,49909.0,29654.0,0.0
50.64,0.0,65535.0,46787.0,43947.0,34633.0,48343.0,29645.0,0.0
50.68,0.0,65535.0,44592.0,44597.0,35142.0,46435.0,29558.0,0.0
50.72,0.0,65535.0,42815.0,45264.0,35568.0,44622.0,29504.0,0.0
50.76,0.0,65535.0,51843.0,45917.0,35743.0,42722.0,29452.0,0.0
50.8,0.0,65535.0,59516.0,46582.0,35746.0,40716.0,29387.0,0.0
50.84,0.0,65535.0,58567.0,47235.0,35851.0,38791.0,29348.0,0.0
50.88,0.0,65535.0,58552.0,47888.0,35595.0,36627.0,29267.0,0.0
50.92,0.0,65535.0,58123.0,48550.0,34661.0,34530.0,29205.0,0.0
50.96,0.0,65535.0,57486.0,49189.0,34199.0,32765.0,29248.0,0.0
51.0,0.0,65535.0,56746.0,49842.0,34339.0,31011.0,29272.0,0.0
51.04,0.0,65535.0,55798.0,50484.0,34671.0,29270.0,29292.0,0.0
51.08,0.0,65535.0,55577.0,51113.0,35394.0,27347.0,29259.0,0.0
51.12,0.0,65535.0,55771.0,51776.0,36319.0,25175.0,29127.0,0.0
51.16,0.0,65535.0,57519.0,52421.0,36723.0,23105.0,29039.0,0.0
51.2,0.0,65535.0,40927.0,53084.0,36402.0,20862.0,28896.0,0.0
51.24,0.0,65535.0,42781.0,53732.0,35914.0,18901.0,28837.0,0.0
51.28,0.0,65535.0,44428.0,54391.0,34974.0,17355.0,28880.0,0.0
51.32,0.0,65535.0,46487.0,55046.0,34332.0,16147.0,28975.0,0.0
51.36,0.0,65535.0,48132.0,55679.0,34332.0,14901.0,29057.0,0.0
51.4,0.0,65535.0,51742.0,56336.0,34384.0,13315.0,28999.0,0.0
51.44,0.0,65535.0,52143.0,56983.0,34435.0,11386.0,28833.0,0.0
51.48,0.0,65535.0,55854.0,57630.0,34541.0,9820.0,28753.0,0.0
51.52,0.0,65535.0,52945.0,58296.0,34562.0,8160.0,28613.0,0.0
51.56,0.0,65535.0,53656.0,58939.0,34603.0,6848.0,28560.0,0.0
51.6,0.0,65535.0,53229.0,59601.0,34874.0,5690.0,28503.0,0.0
51.64,0.0,65535.0,56419.0,60255.0,35394.0,4643.0,28451.0,0.0
51.68,0.0,65535.0,57955.0,60904.0,35668.0,3648.0,28380.0,0.0
51.72,0.0,65535.0,57321.0,61573.0,35617.0,2635.0,28276.0,0.0
51.76,0.0,65535.0,57926.0,62218.0,35545.0,1891.0,28221.0,0.0
51.8,0.0,65535.0,59564.0,62881.0,35495.0,1278.0,28163.0,0.0
51.84,0.0,65535.0,58930.0,63534.0,35427.0,985.0,28173.0,0.0
51.88,0.0,65535.0,58503.0,64184.0,35363.0,563.0,28094.0,0.0
51.92,0.0,65535.0,60552.0,64852.0,35413.0,360.0,28054.0,0.0
51.96,0.0,65535.0,59918.0,65496.0,35610.0,533.0,28079.0,0.0
52.0,0.0,65535.0,59285.0,588.0,35901.0,725.0,28074.0,0.0
52.04,0.0,65535.0,59683.0,1242.0,36792.0,928.0,28030.0,0.0
52.08,0.0,65535.0,60905.0,1876.0,37166.0,1190.0,27965.0,0.0
52.12,0.0,65535.0,60374.0,2546.0,37134.0,1537.0,27909.0,0.0
52.16,0.0,65535.0,59742.0,3191.0,37129.0,1951.0,27834.0,0.0
52.2,0.0,65535.0,60963.0,3855.0,37020.0,2705.0,27819.0,0.0
52.24,0.0,65535.0,59712.0,4510.0,37257.0,3497.0,27784.0,0.0
52.28,0.0,65535.0,59389.0,5178.0,37820.0,4684.0,27829.0,0.0
52.32,0.0,65535.0,58345.0,5844.0,38027.0,5466.0,27737.0,0.0
52.36,0.0,65535.0,56479.0,6492.0,37091.0,6706.0,27753.0,0.0
52.4,0.0,65535.0,55951.0,7156.0,36177.0,7850.0,27704.0,0.0
52.44,0.0,65535.0,54498.0,7813.0,35923.0,9174.0,27674.0,0.0
52.48,0.0,65535.0,53354.0,8471.0,35638.0,10649.0,27649.0,0.0
52.52,0.0,65535.0,52930.0,9142.0,35618.0,12275.0,27657.0,0.0
52.56,0.0,65535.0,51478.0,9790.0,35646.0,13901.0,27626.0,0.0
52.6,0.0,65535.0,48487.0,10455.0,35929.0,15419.0,27549.0,0.0
52.64,0.0,65535.0,45702.0,11106.0,36975.0,17226.0,27515.0,0.0
52.68,0.0,65535.0,44151.0,11759.0,37116.0,19055.0,27489.0,0.0
52.72,0.0,65535.0,42190.0,12427.0,38393.0,21340.0,27581.0,0.0
52.76,0.0,65535.0,46695.0,13074.0,38705.0,23406.0,27590.0,0.0
52.8,0.0,65535.0,46683.0,13739.0,38775.0,25274.0,27550.0,0.0
52.84,0.0,65535.0,45646.0,14397.0,38431.0,27373.0,27562.0,0.0
52.88,0.0,65535.0,45840.0,15049.0,37206.0,29078.0,27475.0,0.0
52.92,0.0,65535.0,43266.0,15712.0,36366.0,30633.0,27329.0,0.0
52.96,0.0,65535.0,42948.0,16359.0,36216.0,32475.0,27241.0,0.0
53.0,0.0,65535.0,43245.0,17012.0,36839.0,34319.0,27172.0,0.0
53.04,0.0,65535.0,44054.0,17679.0,38017.0,36988.0,27307.0,0.0
53.08,0.0,65535.0,44248.0,18311.0,38658.0,38974.0,27252.0,0.0
53.12,0.0,65535.0,45569.0,18984.0,38783.0,41356.0,27332.0,0.0
53.16,0.0,65535.0,41872.0,19638.0,38649.0,43242.0,27282.0,0.0
53.2,0.0,65535.0,42680.0,20292.0,38516.0,44906.0,27195.0,0.0
53.24,0.0,65535.0,45126.0,20963.0,38370.0,46726.0,27153.0,0.0
53.28,0.0,65535.0,46240.0,21627.0,38108.0,48540.0,27142.0,0.0
53.32,0.0,65535.0,49502.0,22296.0,37761.0,50354.0,27135.0,0.0
53.36,0.0,65535.0,50308.0,22946.0,37538.0,51726.0,27018.0,0.0
53.4,0.0,65535.0,51011.0,23597.0,37291.0,53137.0,26939.0,0.0
53.44,0.0,65535.0,51408.0,24263.0,37465.0,54517.0,26854.0,0.0
53.48,0.0,65535.0,55789.0,24907.0,38127.0,55933.0,26805.0,0.0
53.52,0.0,65535.0,54754.0,25575.0,38286.0,57259.0,26754.0,0.0
53.56,0.0,65535.0,54843.0,26225.0,38423.0,58536.0,26735.0,0.0
53.6,0.0,65535.0,55952.0,26874.0,38418.0,59377.0,26613.0,0.0
53.64,0.0,65535.0,61043.0,27540.0,38414.0,60166.0,26508.0,0.0
53.68,0.0,65535.0,61232.0,28184.0,38467.0,61166.0,26503.0,0.0
53.72,0.0,65535.0,60707.0,28849.0,38463.0,61890.0,26439.0,0.0
53.76,0.0,65535.0,62834.0,29500.0,38378.0,62446.0,26369.0,0.0
53.8,0.0,65535.0,62819.0,30149.0,38483.0,62947.0,26311.0,0.0
53.84,0.0,65535.0,62192.0,30815.0,38363.0,63154.0,26201.0,0.0
53.88,0.0,65535.0,61464.0,31459.0,38370.0,63224.0,26101.0,0.0
53.92,0.0,65535.0,63283.0,32126.0,38363.0,63379.0,26046.0,0.0
53.96,0.0,65535.0,62656.0,32777.0,38365.0,63523.0,26040.0,0.0
54.0,0.0,65535.0,61317.0,33427.0,38363.0,63500.0,25997.0,0.0
54.04,0.0,65535.0,62321.0,34093.0,38316.0,63542.0,26021.0,0.0
54.08,0.0,65535.0,62611.0,34721.0,38383.0,63498.0,26053.0,0.0
54.12,0.0,65535.0,61680.0,35387.0,38445.0,63126.0,26018.0,0.0
54.16,0.0,65535.0,60851.0,36038.0,38525.0,62451.0,25952.0,0.0
54.2,0.0,65535.0,61243.0,36690.0,38788.0,61495.0,25825.0,0.0
54.24,0.0,65535.0,61228.0,37359.0,38868.0,60722.0,25796.0,0.0
54.28,0.0,65535.0,59180.0,38022.0,38916.0,59929.0,25781.0,0.0
54.32,0.0,65535.0,55404.0,38688.0,39087.0,59253.0,25832.0,0.0
54.36,0.0,65535.0,55696.0,39342.0,39094.0,58185.0,25807.0,0.0
54.4,0.0,65535.0,54768.0,39994.0,39075.0,56881.0,25734.0,0.0
54.44,0.0,65535.0,54246.0,40662.0,38983.0,55448.0,25668.0,0.0
54.48,0.0,65535.0,53015.0,41314.0,38442.0,53918.0,25604.0,0.0
54.52,0.0,65535.0,52393.0,41978.0,38134.0,52518.0,25603.0,0.0
54.56,0.0,65535.0,51872.0,42637.0,38361.0,50776.0,25507.0,0.0
54.6,0.0,65535.0,48206.0,43288.0,38605.0,49369.0,25528.0,0.0
54.64,0.0,65535.0,46470.0,43955.0,38967.0,47852.0,25547.0,0.0
54.68,0.0,65535.0,44734.0,44603.0,39436.0,46310.0,25546.0,0.0
54.72,0.0,65535.0,42999.0,45262.0,39845.0,44738.0,25572.0,0.0
54.76,0.0,65535.0,42482.0,45915.0,40078.0,43046.0,25573.0,0.0
54.8,0.0,65535.0,60008.0,46559.0,40173.0,41199.0,25546.0,0.0
54.84,0.0,65535.0,59689.0,47220.0,40353.0,39422.0,25558.0,0.0
54.88,0.0,65535.0,58561.0,47860.0,40063.0,37566.0,25558.0,0.0
54.92,0.0,65535.0,57837.0,48517.0,39150.0,35418.0,25499.0,0.0
54.96,0.0,65535.0,56912.0,49169.0,38692.0,33445.0,25465.0,0.0
55.0,0.0,65535.0,56291.0,49811.0,38822.0,31694.0,25498.0,0.0
55.04,0.0,65535.0,55366.0,50482.0,39043.0,29541.0,25414.0,0.0
55.08,0.0,65535.0,55252.0,51108.0,39560.0,27509.0,25339.0,0.0
55.12,0.0,65535.0,55542.0,51768.0,40440.0,25414.0,25246.0,0.0
55.16,0.0,65535.0,57147.0,52424.0,40859.0,23348.0,25144.0,0.0
55.2,0.0,65535.0,41460.0,53061.0,40656.0,21472.0,25110.0,0.0
55.24,0.0,65535.0,42258.0,53730.0,40134.0,19545.0,25060.0,0.0
55.28,0.0,65535.0,44573.0,54393.0,39056.0,17609.0,24977.0,0.0
55.32,0.0,65535.0,46179.0,55058.0,38430.0,15778.0,24918.0,0.0
55.36,0.0,65535.0,49502.0,55721.0,38281.0,14229.0,24902.0,0.0
55.4,0.0,65535.0,52015.0,56365.0,38362.0,12666.0,24869.0,0.0
55.44,0.0,65535.0,52305.0,57035.0,38529.0,11164.0,24825.0,0.0
55.48,0.0,65535.0,56028.0,57677.0,38689.0,10109.0,24885.0,0.0
55.52,0.0,65535.0,54904.0,58337.0,38740.0,8682.0,24806.0,0.0
55.56,0.0,65535.0,54488.0,58993.0,38832.0,7575.0,24798.0,0.0
55.6,0.0,65535.0,56492.0,59631.0,39277.0,6632.0,24821.0,0.0
55.64,0.0,65535.0,59000.0,60300.0,39879.0,5596.0,24759.0,0.0
55.68,0.0,65535.0,58784.0,60940.0,40066.0,4673.0,24720.0,0.0
55.72,0.0,65535.0,58165.0,61601.0,40116.0,3705.0,24629.0,0.0
55.76,0.0,65535.0,59361.0,62259.0,39949.0,2791.0,24514.0,0.0
55.8,0.0,65535.0,59951.0,62899.0,39899.0,2187.0,24479.0,0.0
55.84,0.0,65535.0,59332.0,63570.0,39898.0,2019.0,24517.0,0.0
55.88,0.0,65535.0,58714.0,64212.0,39774.0,1566.0,24438.0,0.0
55.92,0.0,65535.0,60713.0,64875.0,39757.0,1482.0,24430.0,0.0
55.96,0.0,65535.0,60195.0,65535.0,39907.0,1302.0,24350.0,0.0
56.0,0.0,65535.0,59577.0,604.0,40155.0,1414.0,24336.0,0.0
56.04,0.0,65535.0,60871.0,1278.0,41008.0,1849.0,24346.0,0.0
56.08,0.0,65535.0,61259.0,1906.0,41427.0,2209.0,24326.0,0.0
56.12,0.0,65535.0,60741.0,2571.0,41332.0,2673.0,24295.0,0.0
56.16,0.0,65535.0,60023.0,3235.0,41315.0,3322.0,24284.0,0.0
56.2,0.0,65535.0,62019.0,3878.0,41186.0,3977.0,24249.0,0.0
56.24,0.0,65535.0,61703.0,4554.0,41519.0,4712.0,24188.0,0.0
56.28,0.0,65535.0,60784.0,5215.0,41990.0,5486.0,24120.0,0.0
56.32,0.0,65535.0,60066.0,5882.0,42234.0,6319.0,24041.0,0.0
56.36,0.0,65535.0,57240.0,6545.0,41329.0,7454.0,24034.0,0.0
56.4,0.0,65535.0,57226.0,7190.0,40324.0,8809.0,24045.0,0.0
56.44,0.0,65535.0,57413.0,7869.0,40104.0,10218.0,24029.0,0.0
56.48,0.0,65535.0,54791.0,8512.0,39773.0,11490.0,23953.0,0.0
56.52,0.0,65535.0,52570.0,9179.0,39723.0,12869.0,23873.0,0.0
56.56,0.0,65535.0,50853.0,9841.0,39765.0,14395.0,23835.0,0.0
56.6,0.0,65535.0,47732.0,10483.0,40053.0,15813.0,23720.0,0.0
56.64,0.0,65535.0,45916.0,11162.0,41171.0,17726.0,23712.0,0.0
56.68,0.0,65535.0,44302.0,11803.0,41330.0,19442.0,23659.0,0.0
56.72,0.0,65535.0,42387.0,12464.0,42460.0,21328.0,23619.0,0.0
56.76,0.0,65535.0,46685.0,13123.0,42720.0,23226.0,23601.0,0.0
56.8,0.0,65535.0,45973.0,13760.0,42636.0,24968.0,23513.0,0.0
56.84,0.0,65535.0,45761.0,14431.0,42365.0,26895.0,23484.0,0.0
56.88,0.0,65535.0,45851.0,15074.0,41268.0,28838.0,23463.0,0.0
56.92,0.0,65535.0,42837.0,15739.0,40576.0,30823.0,23434.0,0.0
56.96,0.0,65535.0,42627.0,16401.0,40388.0,32750.0,23378.0,0.0
57.0,0.0,65535.0,43017.0,17042.0,40862.0,34584.0,23284.0,0.0
57.04,0.0,65535.0,43107.0,17709.0,41916.0,36712.0,23271.0,0.0
57.08,0.0,65535.0,44296.0,18338.0,42591.0,38780.0,23245.0,0.0
57.12,0.0,65535.0,44686.0,18990.0,42685.0,40684.0,23186.0,0.0
57.16,0.0,65535.0,44075.0,19646.0,42457.0,42396.0,23101.0,0.0
57.2,0.0,65535.0,42866.0,20289.0,42374.0,44333.0,23080.0,0.0
57.24,0.0,65535.0,43855.0,20947.0,42221.0,45919.0,22983.0,0.0
57.28,0.0,65535.0,45442.0,21604.0,41837.0,47355.0,22852.0,0.0
57.32,0.0,65535.0,47229.0,22254.0,41516.0,48910.0,22785.0,0.0
57.36,0.0,65535.0,50711.0,22909.0,41332.0,50519.0,22735.0,0.0
57.4,0.0,65535.0,52595.0,23550.0,41052.0,51987.0,22664.0,0.0
57.44,0.0,65535.0,52982.0,24211.0,41312.0,53538.0,22635.0,0.0
57.48,0.0,65535.0,55962.0,24863.0,42163.0,55628.0,22759.0,0.0
57.52,0.0,65535.0,56547.0,25518.0,42359.0,57124.0,22762.0,0.0
57.56,0.0,65535.0,55038.0,26180.0,42374.0,58480.0,22746.0,0.0
57.6,0.0,65535.0,56022.0,26825.0,42365.0,59348.0,22636.0,0.0
57.64,0.0,65535.0,59597.0,27490.0,42448.0,60272.0,22580.0,0.0
57.68,0.0,65535.0,61376.0,28141.0,42472.0,61193.0,22534.0,0.0
57.72,0.0,65535.0,60863.0,28798.0,42440.0,62015.0,22516.0,0.0
57.76,0.0,65535.0,62741.0,29461.0,42472.0,62860.0,22517.0,0.0
57.8,0.0,65535.0,63025.0,30106.0,42456.0,63405.0,22476.0,0.0
57.84,0.0,65535.0,62413.0,30772.0,42397.0,63712.0,22397.0,0.0
57.88,0.0,65535.0,61502.0,31424.0,42442.0,64046.0,22361.0,0.0
57.92,0.0,65535.0,63279.0,32079.0,42407.0,64192.0,22320.0,0.0
57.96,0.0,65535.0,62766.0,32741.0,42372.0,64398.0,22304.0,0.0
58.0,0.0,65535.0,61359.0,33385.0,42323.0,64460.0,22303.0,0.0
58.04,0.0,65535.0,61643.0,34049.0,42299.0,64351.0,22279.0,0.0
58.08,0.0,65535.0,62722.0,34684.0,42217.0,64069.0,22237.0,0.0
58.12,0.0,65535.0,61912.0,35338.0,42333.0,63527.0,22170.0,0.0
58.16,0.0,65535.0,60705.0,35999.0,42480.0,62973.0,22123.0,0.0
58.2,0.0,65535.0,60194.0,36641.0,42780.0,62355.0,22108.0,0.0
58.24,0.0,65535.0,58889.0,37304.0,42887.0,61495.0,22040.0,0.0
58.28,0.0,65535.0,58677.0,37969.0,42960.0,60712.0,22028.0,0.0
58.32,0.0,65535.0,58365.0,38626.0,42936.0,59476.0,21925.0,0.0
58.36,0.0,65535.0,54580.0,39285.0,43120.0,58493.0,21913.0,0.0
58.4,0.0,65535.0,54071.0,39927.0,43109.0,57350.0,21896.0,0.0
58.44,0.0,65535.0,53562.0,40589.0,43114.0,56103.0,21869.0,0.0
58.48,0.0,65535.0,51765.0,41236.0,42602.0,54531.0,21802.0,0.0
58.52,0.0,65535.0,52645.0,41894.0,42212.0,52834.0,21710.0,0.0
58.56,0.0,65535.0,51146.0,42553.0,42475.0,51029.0,21596.0,0.0
58.6,0.0,65535.0,48656.0,43203.0,42612.0,49111.0,21485.0,0.0
58.64,0.0,65535.0,46663.0,43868.0,42854.0,47543.0,21477.0,0.0
58.68,0.0,65535.0,44869.0,44517.0,43431.0,46167.0,21549.0,0.0
58.72,0.0,65535.0,43175.0,45181.0,43851.0,44479.0,21522.0,0.0
58.76,0.0,65535.0,42670.0,45835.0,44178.0,43046.0,21592.0,0.0
58.8,0.0,65535.0,59784.0,46480.0,44202.0,41472.0,21645.0,0.0
58.84,0.0,65535.0,59473.0,47143.0,44377.0,39772.0,21664.0,0.0
58.88,0.0,65535.0,57678.0,47796.0,43988.0,37423.0,21538.0,0.0
58.92,0.0,65535.0,57566.0,48462.0,42914.0,34976.0,21381.0,0.0
58.96,0.0,65535.0,56959.0,49128.0,42381.0,32478.0,21206.0,0.0
59.0,0.0,65535.0,56056.0,49787.0,42409.0,30290.0,21109.0,0.0
59.04,0.0,65535.0,55647.0,50450.0,42766.0,28550.0,21143.0,0.0
59.08,0.0,65535.0,55041.0,51083.0,43569.0,27163.0,21269.0,0.0
59.12,0.0,65535.0,55423.0,51735.0,44504.0,25940.0,21401.0,0.0
59.16,0.0,65535.0,56596.0,52382.0,44993.0,24539.0,21492.0,0.0
59.2,0.0,65535.0,51052.0,53032.0,44816.0,22512.0,21401.0,0.0
59.24,0.0,65535.0,42846.0,53684.0,44214.0,20476.0,21315.0,0.0
59.28,0.0,65535.0,44218.0,54355.0,42997.0,17996.0,21096.0,0.0
59.32,0.0,65535.0,46773.0,55012.0,42338.0,16039.0,20987.0,0.0
59.36,0.0,65535.0,49623.0,55621.0,42268.0,14368.0,20958.0,0.0
59.4,0.0,65535.0,51979.0,56274.0,42361.0,12949.0,20956.0,0.0
59.44,0.0,65535.0,52361.0,56929.0,42382.0,11360.0,20892.0,0.0
59.48,0.0,65535.0,52842.0,57590.0,42423.0,9856.0,20826.0,0.0
59.52,0.0,65535.0,53421.0,58243.0,42575.0,8543.0,20783.0,0.0
59.56,0.0,65535.0,54689.0,58900.0,42633.0,7412.0,20784.0,0.0
59.6,0.0,65535.0,54775.0,59555.0,42949.0,6435.0,20773.0,0.0
59.64,0.0,65535.0,59194.0,60208.0,43492.0,5491.0,20750.0,0.0
59.68,0.0,65535.0,59082.0,60868.0,43667.0,4566.0,20709.0,0.0
59.72,0.0,65535.0,58379.0,61518.0,43784.0,3989.0,20730.0,0.0
59.76,0.0,65535.0,58562.0,62173.0,43694.0,3319.0,20696.0,0.0
59.8,0.0,65535.0,60123.0,62827.0,43668.0,2770.0,20659.0,0.0
59.84,0.0,65535.0,59617.0,63479.0,43560.0,2269.0,20609.0,0.0
59.88,0.0,65535.0,59013.0,64138.0,43442.0,1989.0,20581.0,0.0
59.92,0.0,65535.0,59687.0,64790.0,43400.0,1688.0,20511.0,0.0
59.96,0.0,65535.0,60460.0,65446.0,43574.0,1682.0,20492.0,0.0
60.0,0.0,65535.0,59856.0,528.0,43811.0,1709.0,20440.0,0.0
60.04,0.0,65535.0,60137.0,1180.0,44673.0,2006.0,20429.0,0.0
60.08,0.0,65535.0,61400.0,1823.0,45192.0,2300.0,20369.0,0.0
60.12,0.0,65535.0,60993.0,2474.0,45030.0,2419.0,20251.0,0.0
60.16,0.0,65535.0,60095.0,3129.0,44977.0,2955.0,20210.0,0.0
60.2,0.0,65535.0,61259.0,3784.0,44921.0,3708.0,20198.0,0.0
60.24,0.0,65535.0,61637.0,4437.0,45301.0,4670.0,20214.0,0.0
60.28,0.0,65535.0,60936.0,5115.0,45821.0,5816.0,20238.0,0.0
60.32,0.0,65535.0,60725.0,5770.0,46055.0,6918.0,20246.0,0.0
60.36,0.0,65535.0,57279.0,6427.0,45069.0,7931.0,20190.0,0.0
60.4,0.0,65535.0,57363.0,7080.0,43957.0,8783.0,20061.0,0.0
60.44,0.0,65535.0,57546.0,7732.0,43812.0,9882.0,19971.0,0.0
60.48,0.0,65535.0,56160.0,8392.0,43492.0,11170.0,19890.0,0.0
60.52,0.0,65535.0,53110.0,9045.0,43414.0,12760.0,19889.0,0.0
60.56,0.0,65535.0,51040.0,9701.0,43497.0,14267.0,19830.0,0.0
60.6,0.0,65535.0,48971.0,10358.0,43780.0,15890.0,19788.0,0.0
60.64,0.0,65535.0,45827.0,11008.0,44811.0,17491.0,19694.0,0.0
60.68,0.0,65535.0,44445.0,11671.0,45012.0,19352.0,19674.0,0.0
60.72,0.0,65535.0,42575.0,12329.0,46118.0,21490.0,19729.0,0.0
60.76,0.0,65535.0,46284.0,12986.0,46506.0,23528.0,19727.0,0.0
60.8,0.0,65535.0,45980.0,13643.0,46466.0,25097.0,19599.0,0.0
60.84,0.0,65535.0,45773.0,14297.0,46159.0,26986.0,19559.0,0.0
60.88,0.0,65535.0,45860.0,14959.0,45023.0,28963.0,19546.0,0.0
60.92,0.0,65535.0,42917.0,15614.0,44412.0,30795.0,19482.0,0.0
60.96,0.0,65535.0,42907.0,16268.0,44131.0,32572.0,19377.0,0.0
61.0,0.0,65535.0,43190.0,16926.0,44742.0,34485.0,19316.0,0.0
61.04,0.0,65535.0,42985.0,17576.0,45757.0,36476.0,19259.0,0.0
61.08,0.0,65535.0,43072.0,18221.0,46399.0,38580.0,19238.0,0.0
61.12,0.0,65535.0,44332.0,18876.0,46476.0,40467.0,19180.0,0.0
61.16,0.0,65535.0,44810.0,19533.0,46306.0,42498.0,19178.0,0.0
61.2,0.0,65535.0,42164.0,20187.0,46134.0,44154.0,19082.0,0.0
61.24,0.0,65535.0,44008.0,20840.0,46005.0,45865.0,19013.0,0.0
61.28,0.0,65535.0,45559.0,21523.0,45689.0,47658.0,19002.0,0.0
61.32,0.0,65535.0,48474.0,22178.0,45346.0,49389.0,18966.0,0.0
61.36,0.0,65535.0,50803.0,22886.0,45164.0,51102.0,18943.0,0.0
61.4,0.0,65535.0,52254.0,23543.0,44875.0,52684.0,18916.0,0.0
61.44,0.0,65535.0,53119.0,24196.0,45055.0,54253.0,18885.0,0.0
61.48,0.0,65535.0,56127.0,24855.0,45620.0,55538.0,18800.0,0.0
61.52,0.0,65535.0,56699.0,25507.0,45813.0,56793.0,18731.0,0.0
61.56,0.0,65535.0,57855.0,26162.0,45839.0,57850.0,18639.0,0.0
61.6,0.0,65535.0,58036.0,26817.0,45918.0,59078.0,18632.0,0.0
61.64,0.0,65535.0,61333.0,27470.0,46013.0,60261.0,18631.0,0.0
61.68,0.0,65535.0,61513.0,28130.0,46043.0,61216.0,18612.0,0.0
61.72,0.0,65535.0,61110.0,28784.0,45868.0,61845.0,18517.0,0.0
61.76,0.0,65535.0,61874.0,29439.0,45841.0,62530.0,18489.0,0.0
61.8,0.0,65535.0,63221.0,30094.0,45927.0,63201.0,18477.0,0.0
61.84,0.0,65535.0,62623.0,30747.0,45948.0,63647.0,18434.0,0.0
61.88,0.0,65535.0,61734.0,31407.0,45883.0,63822.0,18362.0,0.0
61.92,0.0,65535.0,63469.0,32062.0,45806.0,63888.0,18286.0,0.0
61.96,0.0,65535.0,63066.0,32718.0,45792.0,63877.0,18231.0,0.0
62.0,0.0,65535.0,61691.0,33373.0,45804.0,63816.0,18182.0,0.0
62.04,0.0,65535.0,61871.0,34026.0,45779.0,63841.0,18200.0,0.0
62.08,0.0,65535.0,62925.0,34671.0,45830.0,63674.0,18200.0,0.0
62.12,0.0,65535.0,62134.0,35326.0,45923.0,63160.0,18131.0,0.0
62.16,0.0,65535.0,61149.0,35982.0,46097.0,62718.0,18127.0,0.0
62.2,0.0,65535.0,61523.0,36638.0,46165.0,62091.0,18088.0,0.0
62.24,0.0,65535.0,60247.0,37292.0,46201.0,61118.0,18000.0,0.0
62.28,0.0,65535.0,59554.0,37970.0,46400.0,60370.0,17997.0,0.0
62.32,0.0,65535.0,58474.0,38626.0,46422.0,59208.0,17907.0,0.0
62.36,0.0,65535.0,55843.0,39284.0,46502.0,58071.0,17864.0,0.0
62.4,0.0,65535.0,55152.0,39938.0,46600.0,57087.0,17884.0,0.0
62.44,0.0,65535.0,54654.0,40593.0,46564.0,55900.0,17889.0,0.0
62.48,0.0,65535.0,51929.0,41253.0,46025.0,54452.0,17846.0,0.0
62.52,0.0,65535.0,52886.0,41905.0,45620.0,52979.0,17822.0,0.0
62.56,0.0,65535.0,51421.0,42558.0,45834.0,51506.0,17807.0,0.0
62.6,0.0,65535.0,49473.0,43207.0,46068.0,49811.0,17746.0,0.0
62.64,0.0,65535.0,46751.0,43861.0,46427.0,47997.0,17678.0,0.0
62.68,0.0,65535.0,44999.0,44520.0,46851.0,46363.0,17662.0,0.0
62.72,0.0,65535.0,43343.0,45172.0,47302.0,44713.0,17663.0,0.0
62.76,0.0,65535.0,51845.0,45835.0,47563.0,42848.0,17612.0,0.0
62.8,0.0,65535.0,58603.0,46492.0,47726.0,40835.0,17538.0,0.0
62.84,0.0,65535.0,57816.0,47157.0,47746.0,38684.0,17439.0,0.0
62.88,0.0,65535.0,57706.0,47819.0,47395.0,36601.0,17374.0,0.0
62.92,0.0,65535.0,57403.0,48470.0,46525.0,34635.0,17375.0,0.0
62.96,0.0,65535.0,56520.0,49124.0,46008.0,32788.0,17383.0,0.0
63.0,0.0,65535.0,55831.0,49772.0,46083.0,30815.0,17341.0,0.0
63.04,0.0,65535.0,55432.0,50432.0,46365.0,28758.0,17282.0,0.0
63.08,0.0,65535.0,55805.0,51078.0,47115.0,26940.0,17271.0,0.0
63.12,0.0,65535.0,55117.0,51734.0,48073.0,25458.0,17357.0,0.0
63.16,0.0,65535.0,56648.0,52400.0,48695.0,23666.0,17327.0,0.0
63.2,0.0,65535.0,41680.0,53052.0,48294.0,21721.0,17269.0,0.0
63.24,0.0,65535.0,43214.0,53720.0,47674.0,19470.0,17124.0,0.0
63.28,0.0,65535.0,45037.0,54393.0,46607.0,17540.0,17059.0,0.0
63.32,0.0,65535.0,46473.0,55046.0,45937.0,15826.0,17030.0,0.0
63.36,0.0,65535.0,49836.0,55739.0,45975.0,14340.0,17035.0,0.0
63.4,0.0,65535.0,52330.0,56388.0,45973.0,12806.0,17011.0,0.0
63.44,0.0,65535.0,52511.0,57052.0,46075.0,11256.0,16955.0,0.0
63.48,0.0,65535.0,54040.0,57705.0,46206.0,9905.0,16927.0,0.0
63.52,0.0,65535.0,53642.0,58362.0,46228.0,8386.0,16838.0,0.0
63.56,0.0,65535.0,54304.0,59021.0,46263.0,7173.0,16799.0,0.0
63.6,0.0,65535.0,53907.0,59671.0,46567.0,6166.0,16798.0,0.0
63.64,0.0,65535.0,58802.0,60336.0,47119.0,5368.0,16810.0,0.0
63.68,0.0,65535.0,58597.0,60989.0,47464.0,4440.0,16765.0,0.0
63.72,0.0,65535.0,58583.0,61646.0,47500.0,3800.0,16771.0,0.0
63.76,0.0,65535.0,59724.0,62305.0,47465.0,3177.0,16746.0,0.0
63.8,0.0,65535.0,60383.0,62954.0,47404.0,2663.0,16731.0,0.0
63.84,0.0,65535.0,59889.0,63619.0,47245.0,2270.0,16698.0,0.0
63.88,0.0,65535.0,59202.0,64272.0,47217.0,1956.0,16670.0,0.0
63.92,0.0,65535.0,61015.0,64928.0,47208.0,1663.0,16603.0,0.0
63.96,0.0,65535.0,60712.0,15.0,47372.0,1486.0,16528.0,0.0
64.0,0.0,65535.0,60122.0,664.0,47528.0,1187.0,16399.0,0.0
64.04,0.0,65535.0,61069.0,1328.0,48350.0,1431.0,16360.0,0.0
64.08,0.0,65535.0,61535.0,1964.0,48768.0,1705.0,16317.0,0.0
64.12,0.0,65535.0,61233.0,2620.0,48751.0,2135.0,16280.0,0.0
64.16,0.0,65535.0,60355.0,3277.0,48675.0,2512.0,16191.0,0.0
64.2,0.0,65535.0,62068.0,3925.0,48647.0,3311.0,16199.0,0.0
64.24,0.0,65535.0,61287.0,4587.0,48874.0,4113.0,16156.0,0.0
64.28,0.0,65535.0,60602.0,5254.0,49347.0,5167.0,16171.0,0.0
64.32,0.0,65535.0,58383.0,5912.0,49718.0,6629.0,16269.0,0.0
64.36,0.0,65535.0,57507.0,6566.0,48835.0,7590.0,16208.0,0.0
64.4,0.0,65535.0,56440.0,7213.0,47747.0,8335.0,16045.0,0.0
64.44,0.0,65535.0,55086.0,7876.0,47392.0,9463.0,15964.0,0.0
64.48,0.0,65535.0,53445.0,8523.0,47168.0,10678.0,15879.0,0.0
64.52,0.0,65535.0,52475.0,9177.0,47138.0,12102.0,15816.0,0.0
64.56,0.0,65535.0,50836.0,9828.0,47191.0,13464.0,15724.0,0.0
64.6,0.0,65535.0,50250.0,10473.0,47482.0,15093.0,15674.0,0.0
64.64,0.0,65535.0,47081.0,11135.0,48549.0,16955.0,15648.0,0.0
64.68,0.0,65535.0,44678.0,11779.0,48732.0,18758.0,15618.0,0.0
64.72,0.0,65535.0,42659.0,12438.0,49880.0,21102.0,15715.0,0.0
64.76,0.0,65535.0,46092.0,13089.0,50310.0,23103.0,15724.0,0.0
64.8,0.0,65535.0,45986.0,13739.0,50403.0,25047.0,15688.0,0.0
64.84,0.0,65535.0,45785.0,14401.0,50047.0,26830.0,15615.0,0.0
64.88,0.0,65535.0,46921.0,15042.0,48769.0,28432.0,15506.0,0.0
64.92,0.0,65535.0,43280.0,15704.0,48046.0,30338.0,15454.0,0.0
64.96,0.0,65535.0,43270.0,16350.0,47836.0,32103.0,15366.0,0.0
65.0,0.0,65535.0,43260.0,17004.0,48346.0,34368.0,15388.0,0.0
65.04,0.0,65535.0,43250.0,17672.0,49337.0,36721.0,15444.0,0.0
65.08,0.0,65535.0,44386.0,18302.0,50035.0,38948.0,15455.0,0.0
65.12,0.0,65535.0,44853.0,18970.0,50108.0,40949.0,15428.0,0.0
65.16,0.0,65535.0,44175.0,19618.0,50027.0,42756.0,15368.0,0.0
65.2,0.0,65535.0,43020.0,20276.0,49884.0,44571.0,15304.0,0.0
65.24,0.0,65535.0,44155.0,20941.0,49727.0,46180.0,15222.0,0.0
65.28,0.0,65535.0,45766.0,21605.0,49415.0,48033.0,15216.0,0.0
65.32,0.0,65535.0,48615.0,22274.0,49088.0,49735.0,15176.0,0.0
65.36,0.0,65535.0,51844.0,22888.0,48948.0,51446.0,15149.0,0.0
65.4,0.0,65535.0,52500.0,23544.0,48696.0,52906.0,15071.0,0.0
65.44,0.0,65535.0,53345.0,24206.0,48725.0,54177.0,14970.0,0.0
65.48,0.0,65535.0,56285.0,24857.0,49452.0,55780.0,14964.0,0.0
65.52,0.0,65535.0,56844.0,25523.0,49729.0,57144.0,14937.0,0.0
65.56,0.0,65535.0,55974.0,26172.0,49833.0,58382.0,14893.0,0.0
65.6,0.0,65535.0,56342.0,26828.0,49787.0,59301.0,14793.0,0.0
65.64,0.0,65535.0,61468.0,27490.0,49827.0,60326.0,14761.0,0.0
65.68,0.0,65535.0,61739.0,28140.0,49855.0,61360.0,14748.0,0.0
65.72,0.0,65535.0,61345.0,28804.0,49824.0,62034.0,14682.0,0.0
65.76,0.0,65535.0,63138.0,29452.0,49804.0,62674.0,14629.0,0.0
65.8,0.0,65535.0,63409.0,30108.0,49807.0,63175.0,14573.0,0.0
65.84,0.0,65535.0,62824.0,30769.0,49730.0,63495.0,14504.0,0.0
65.88,0.0,65535.0,61860.0,31419.0,49760.0,63768.0,14445.0,0.0
65.92,0.0,65535.0,63556.0,32082.0,49717.0,63850.0,14381.0,0.0
65.96,0.0,65535.0,63256.0,32731.0,49604.0,64001.0,14361.0,0.0
66.0,0.0,65535.0,61913.0,33386.0,49644.0,64057.0,14353.0,0.0
66.04,0.0,65535.0,61994.0,34048.0,49626.0,63972.0,14342.0,0.0
66.08,0.0,65535.0,63119.0,34681.0,49688.0,63799.0,14330.0,0.0
66.12,0.0,65535.0,62345.0,35343.0,49734.0,63269.0,14262.0,0.0
66.16,0.0,65535.0,61288.0,35993.0,49916.0,62675.0,14203.0,0.0
66.2,0.0,65535.0,61653.0,36648.0,49996.0,61949.0,14148.0,0.0
66.24,0.0,65535.0,60501.0,37309.0,50108.0,61209.0,14118.0,0.0
66.28,0.0,65535.0,59729.0,37975.0,50203.0,60417.0,14100.0,0.0
66.32,0.0,65535.0,59905.0,38639.0,50250.0,59181.0,13992.0,0.0
66.36,0.0,65535.0,57617.0,39288.0,50290.0,57990.0,13925.0,0.0
66.4,0.0,65535.0,55331.0,39945.0,50356.0,56939.0,13938.0,0.0
66.44,0.0,65535.0,54844.0,40607.0,50358.0,55651.0,13895.0,0.0
66.48,0.0,65535.0,53412.0,41258.0,49902.0,54199.0,13856.0,0.0
66.52,0.0,65535.0,53116.0,41923.0,49536.0,52708.0,13818.0,0.0
66.56,0.0,65535.0,52346.0,42573.0,49688.0,51227.0,13791.0,0.0
66.6,0.0,65535.0,49590.0,43229.0,50000.0,49689.0,13789.0,0.0
66.64,0.0,65535.0,46930.0,43888.0,50179.0,48129.0,13775.0,0.0
66.68,0.0,65535.0,45122.0,44535.0,50700.0,46660.0,13815.0,0.0
66.72,0.0,65535.0,43504.0,45199.0,51094.0,44863.0,13768.0,0.0
66.76,0.0,65535.0,42832.0,45842.0,51370.0,43276.0,13798.0,0.0
66.8,0.0,65535.0,58326.0,46495.0,51441.0,41388.0,13768.0,0.0
66.84,0.0,65535.0,57368.0,47149.0,51621.0,39444.0,13719.0,0.0
66.88,0.0,65535.0,57071.0,47795.0,51329.0,37246.0,13631.0,0.0
66.92,0.0,65535.0,57153.0,48459.0,50305.0,35166.0,13589.0,0.0
66.96,0.0,65535.0,56196.0,49104.0,49931.0,33091.0,13537.0,0.0
67.0,0.0,65535.0,55616.0,49761.0,49972.0,30993.0,13466.0,0.0
67.04,0.0,65535.0,55132.0,50417.0,50307.0,28975.0,13404.0,0.0
67.08,0.0,65535.0,55497.0,51053.0,50914.0,26981.0,13355.0,0.0
67.12,0.0,65535.0,55579.0,51721.0,51719.0,25250.0,13352.0,0.0
67.16,0.0,65535.0,56604.0,52366.0,52409.0,23547.0,13364.0,0.0
67.2,0.0,65535.0,41689.0,53025.0,52296.0,21680.0,13324.0,0.0
67.24,0.0,65535.0,43377.0,53679.0,51763.0,19723.0,13262.0,0.0
67.28,0.0,65535.0,45159.0,54348.0,50546.0,17634.0,13153.0,0.0
67.32,0.0,65535.0,46657.0,55016.0,49855.0,15722.0,13052.0,0.0
67.36,0.0,65535.0,50793.0,55670.0,49732.0,14130.0,13045.0,0.0
67.4,0.0,65535.0,51064.0,56333.0,49850.0,12488.0,12980.0,0.0
67.44,0.0,65535.0,51806.0,56988.0,49886.0,10936.0,12932.0,0.0
67.48,0.0,65535.0,54243.0,57642.0,50073.0,9590.0,12913.0,0.0
67.52,0.0,65535.0,52724.0,58309.0,50109.0,8155.0,12837.0,0.0
67.56,0.0,65535.0,52712.0,58956.0,50072.0,6790.0,12765.0,0.0
67.6,0.0,65535.0,52983.0,59619.0,50393.0,5733.0,12739.0,0.0
67.64,0.0,65535.0,57393.0,60273.0,50961.0,4950.0,12769.0,0.0
67.68,0.0,65535.0,59638.0,60924.0,51432.0,4597.0,12885.0,0.0
67.72,0.0,65535.0,58872.0,61590.0,51530.0,4084.0,12922.0,0.0
67.76,0.0,65535.0,58953.0,62235.0,51499.0,3441.0,12896.0,0.0
67.8,0.0,65535.0,60632.0,62896.0,51414.0,2775.0,12821.0,0.0
67.84,0.0,65535.0,60149.0,63551.0,51270.0,2183.0,12749.0,0.0
67.88,0.0,65535.0,59383.0,64204.0,51103.0,1496.0,12610.0,0.0
67.92,0.0,65535.0,61155.0,64870.0,51111.0,995.0,12491.0,0.0
67.96,0.0,65535.0,60954.0,65515.0,51171.0,789.0,12417.0,0.0
68.0,0.0,65535.0,60283.0,604.0,51395.0,765.0,12346.0,0.0
68.04,0.0,65535.0,60363.0,1259.0,52294.0,1082.0,12335.0,0.0
68.08,0.0,65535.0,61664.0,1894.0,52822.0,1556.0,12334.0,0.0
68.12,0.0,65535.0,61368.0,2561.0,52833.0,2033.0,12324.0,0.0
68.16,0.0,65535.0,60510.0,3206.0,52677.0,2598.0,12283.0,0.0
68.2,0.0,65535.0,62185.0,3868.0,52734.0,3515.0,12319.0,0.0
68.24,0.0,65535.0,61515.0,4523.0,52969.0,4219.0,12261.0,0.0
68.28,0.0,65535.0,60845.0,5191.0,53446.0,5270.0,12256.0,0.0
68.32,0.0,65535.0,60550.0,5856.0,53796.0,6555.0,12329.0,0.0
68.36,0.0,65535.0,56976.0,6500.0,52808.0,7347.0,12212.0,0.0
68.4,0.0,65535.0,54714.0,7161.0,51670.0,8066.0,12044.0,0.0
68.44,0.0,65535.0,54140.0,7812.0,51447.0,9132.0,11949.0,0.0
68.48,0.0,65535.0,52255.0,8467.0,51114.0,10637.0,11929.0,0.0
68.52,0.0,65535.0,52618.0,9133.0,51163.0,12201.0,11920.0,0.0
68.56,0.0,65535.0,52138.0,9784.0,51242.0,14004.0,11939.0,0.0
68.6,0.0,65535.0,49226.0,10452.0,51546.0,15993.0,11996.0,0.0
68.64,0.0,65535.0,46408.0,11107.0,52521.0,17821.0,11961.0,0.0
68.68,0.0,65535.0,44620.0,11767.0,52702.0,19554.0,11904.0,0.0
68.72,0.0,65535.0,42740.0,12428.0,53744.0,21371.0,11866.0,0.0
68.76,0.0,65535.0,46096.0,13077.0,54211.0,23276.0,11834.0,0.0
68.8,0.0,65535.0,45993.0,13736.0,54224.0,24968.0,11742.0,0.0
68.84,0.0,65535.0,46263.0,14383.0,53841.0,26492.0,11595.0,0.0
68.88,0.0,65535.0,46813.0,15045.0,52667.0,28432.0,11576.0,0.0
68.92,0.0,65535.0,43253.0,15703.0,51883.0,30397.0,11548.0,0.0
68.96,0.0,65535.0,42963.0,16361.0,51782.0,32658.0,11573.0,0.0
69.0,0.0,65535.0,43234.0,17018.0,52286.0,34629.0,11522.0,0.0
69.04,0.0,65535.0,43784.0,17657.0,53071.0,36185.0,11339.0,0.0
69.08,0.0,65535.0,44054.0,18301.0,53903.0,38221.0,11303.0,0.0
69.12,0.0,65535.0,44325.0,18949.0,53990.0,40092.0,11251.0,0.0
69.16,0.0,65535.0,44781.0,19601.0,53938.0,42112.0,11239.0,0.0
69.2,0.0,65535.0,42439.0,20255.0,53790.0,43792.0,11158.0,0.0
69.24,0.0,65535.0,43176.0,20897.0,53638.0,45518.0,11088.0,0.0
69.28,0.0,65535.0,45684.0,21573.0,53385.0,47257.0,11054.0,0.0
69.32,0.0,65535.0,47631.0,22221.0,53049.0,49011.0,11029.0,0.0
69.36,0.0,65535.0,51069.0,22868.0,52961.0,50787.0,11020.0,0.0
69.4,0.0,65535.0,52641.0,23525.0,52696.0,52495.0,11027.0,0.0
69.44,0.0,65535.0,53375.0,24172.0,52766.0,54043.0,10989.0,0.0
69.48,0.0,65535.0,52711.0,24838.0,53570.0,55964.0,11078.0,0.0
69.52,0.0,65535.0,55400.0,25495.0,53857.0,57774.0,11161.0,0.0
69.56,0.0,65535.0,53712.0,26156.0,53946.0,59271.0,11190.0,0.0
69.6,0.0,65535.0,54910.0,26818.0,53974.0,60364.0,11141.0,0.0
69.64,0.0,65535.0,58899.0,27467.0,54049.0,61381.0,11096.0,0.0
69.68,0.0,65535.0,59630.0,28132.0,54095.0,62238.0,11044.0,0.0
69.72,0.0,65535.0,59151.0,28789.0,54017.0,62985.0,10984.0,0.0
69.76,0.0,65535.0,60812.0,29447.0,53972.0,63698.0,10961.0,0.0
69.8,0.0,65535.0,63495.0,30106.0,53946.0,64078.0,10865.0,0.0
69.84,0.0,65535.0,62923.0,30755.0,53971.0,64609.0,10849.0,0.0
69.88,0.0,65535.0,61794.0,31418.0,54019.0,64948.0,10824.0,0.0
69.92,0.0,65535.0,63546.0,32072.0,53868.0,65063.0,10752.0,0.0
69.96,0.0,65535.0,63346.0,32729.0,53735.0,65135.0,10720.0,0.0
70.0,0.0,65535.0,62032.0,33386.0,53643.0,65229.0,10707.0,0.0
70.04,0.0,65535.0,61925.0,34032.0,53575.0,64935.0,10628.0,0.0
70.08,0.0,65535.0,63118.0,34677.0,53602.0,64669.0,10598.0,0.0
70.12,0.0,65535.0,62547.0,35330.0,53658.0,64088.0,10507.0,0.0
70.16,0.0,65535.0,60864.0,35984.0,53881.0,63578.0,10491.0,0.0
70.2,0.0,65535.0,58253.0,36638.0,54166.0,63120.0,10503.0,0.0
70.24,0.0,65535.0,58333.0,37282.0,54377.0,62494.0,10509.0,0.0
70.28,0.0,65535.0,56002.0,37955.0,54416.0,61837.0,10529.0,0.0
70.32,0.0,65535.0,55990.0,38602.0,54549.0,60887.0,10497.0,0.0
70.36,0.0,65535.0,53568.0,39254.0,54599.0,59544.0,10395.0,0.0
70.4,0.0,65535.0,52907.0,39905.0,54642.0,58444.0,10379.0,0.0
70.44,0.0,65535.0,51877.0,40545.0,54640.0,57130.0,10346.0,0.0
70.48,0.0,65535.0,53162.0,41205.0,54116.0,55374.0,10217.0,0.0
70.52,0.0,65535.0,52224.0,41855.0,53654.0,53452.0,10063.0,0.0
70.56,0.0,65535.0,51102.0,42509.0,53868.0,51906.0,10032.0,0.0
70.6,0.0,65535.0,50258.0,43164.0,54140.0,50250.0,9973.0,0.0
70.64,0.0,65535.0,47470.0,43810.0,54288.0,48482.0,9914.0,0.0
70.68,0.0,65535.0,45610.0,44471.0,54805.0,46944.0,9921.0,0.0
70.72,0.0,65535.0,43565.0,45125.0,55184.0,45053.0,9851.0,0.0
70.76,0.0,65535.0,42908.0,45783.0,55462.0,43254.0,9825.0,0.0
70.8,0.0,65535.0,58800.0,46438.0,55485.0,41438.0,9807.0,0.0
70.84,0.0,65535.0,57031.0,47087.0,55563.0,39467.0,9761.0,0.0
70.88,0.0,65535.0,56742.0,47745.0,55354.0,37517.0,9726.0,0.0
70.92,0.0,65535.0,56729.0,48403.0,54364.0,35171.0,9610.0,0.0
70.96,0.0,65535.0,55885.0,49064.0,53800.0,32829.0,9473.0,0.0
71.0,0.0,65535.0,55227.0,49717.0,53831.0,30836.0,9436.0,0.0
71.04,0.0,65535.0,54845.0,50369.0,54144.0,28898.0,9416.0,0.0
71.08,0.0,65535.0,55202.0,51008.0,54783.0,27188.0,9438.0,0.0
71.12,0.0,65535.0,54729.0,51664.0,55670.0,25424.0,9439.0,0.0
71.16,0.0,65535.0,56193.0,52322.0,56251.0,23736.0,9449.0,0.0
71.2,0.0,65535.0,41882.0,52971.0,56145.0,22034.0,9457.0,0.0
71.24,0.0,65535.0,42795.0,53622.0,55658.0,20111.0,9406.0,0.0
71.28,0.0,65535.0,44538.0,54289.0,54498.0,18226.0,9348.0,0.0
71.32,0.0,65535.0,47109.0,54947.0,53760.0,16209.0,9230.0,0.0
71.36,0.0,65535.0,49034.0,55540.0,53655.0,14381.0,9143.0,0.0
71.4,0.0,65535.0,52618.0,56191.0,53690.0,12700.0,9087.0,0.0
71.44,0.0,65535.0,52790.0,56842.0,53890.0,11514.0,9141.0,0.0
71.48,0.0,65535.0,53239.0,57495.0,54012.0,10200.0,9122.0,0.0
71.52,0.0,65535.0,55622.0,58148.0,54067.0,8967.0,9109.0,0.0
71.56,0.0,65535.0,55426.0,58801.0,54172.0,7810.0,9082.0,0.0
71.6,0.0,65535.0,55413.0,59451.0,54380.0,6710.0,9055.0,0.0
71.64,0.0,65535.0,56230.0,60106.0,54931.0,5241.0,8879.0,0.0
71.68,0.0,65535.0,59070.0,60761.0,55234.0,4353.0,8851.0,0.0
71.72,0.0,65535.0,59057.0,61420.0,55300.0,3487.0,8797.0,0.0
71.76,0.0,65535.0,59044.0,62075.0,55184.0,2889.0,8785.0,0.0
71.8,0.0,65535.0,60134.0,62728.0,55067.0,2279.0,8740.0,0.0
71.84,0.0,65535.0,60305.0,63383.0,54953.0,1642.0,8641.0,0.0
71.88,0.0,65535.0,59557.0,64036.0,54861.0,1296.0,8602.0,0.0
71.92,0.0,65535.0,60187.0,64693.0,54848.0,1238.0,8607.0,0.0
71.96,0.0,65535.0,61092.0,65347.0,54957.0,1186.0,8566.0,0.0
72.0,0.0,65535.0,60528.0,427.0,55210.0,1244.0,8534.0,0.0
72.04,0.0,65535.0,60515.0,1082.0,56060.0,1590.0,8523.0,0.0
72.08,0.0,65535.0,61511.0,1720.0,56590.0,2071.0,8542.0,0.0
72.12,0.0,65535.0,61590.0,2379.0,56555.0,2744.0,8577.0,0.0
72.16,0.0,65535.0,60750.0,3034.0,56490.0,3302.0,8540.0,0.0
72.2,0.0,65535.0,61655.0,3687.0,56443.0,3827.0,8470.0,0.0
72.24,0.0,65535.0,62558.0,4344.0,56597.0,4535.0,8405.0,0.0
72.28,0.0,65535.0,60986.0,5013.0,57110.0,5285.0,8336.0,0.0
72.32,0.0,65535.0,59230.0,5669.0,57428.0,6189.0,8281.0,0.0
72.36,0.0,65535.0,59584.0,6326.0,56547.0,7319.0,8274.0,0.0
72.4,0.0,65535.0,56638.0,6980.0,55473.0,8330.0,8191.0,0.0
72.44,0.0,65535.0,55435.0,7638.0,55149.0,9593.0,8144.0,0.0
72.48,0.0,65535.0,56156.0,8292.0,54738.0,10759.0,8039.0,0.0
72.52,0.0,65535.0,55228.0,8951.0,54758.0,12234.0,7991.0,0.0
72.56,0.0,65535.0,52194.0,9608.0,54871.0,13834.0,7969.0,0.0
72.6,0.0,65535.0,50626.0,10252.0,55064.0,15240.0,7851.0,0.0
72.64,0.0,65535.0,47320.0,10907.0,56118.0,16916.0,7778.0,0.0
72.68,0.0,65535.0,44931.0,11560.0,56309.0,18859.0,7789.0,0.0
72.72,0.0,65535.0,43640.0,12217.0,57497.0,20983.0,7820.0,0.0
72.76,0.0,65535.0,44454.0,12875.0,57944.0,23000.0,7833.0,0.0
72.8,0.0,65535.0,45633.0,13529.0,58000.0,25058.0,7829.0,0.0
72.84,0.0,65535.0,45806.0,14193.0,57755.0,26954.0,7789.0,0.0
72.88,0.0,65535.0,46801.0,14843.0,56435.0,28437.0,7650.0,0.0
72.92,0.0,65535.0,45329.0,15503.0,55685.0,30233.0,7570.0,0.0
72.96,0.0,65535.0,43218.0,16157.0,55518.0,32087.0,7509.0,0.0
73.0,0.0,65535.0,43300.0,16808.0,56044.0,34246.0,7502.0,0.0
73.04,0.0,65535.0,43838.0,17477.0,57094.0,36424.0,7509.0,0.0
73.08,0.0,65535.0,43555.0,18117.0,57852.0,38900.0,7592.0,0.0
73.12,0.0,65535.0,44823.0,18787.0,57984.0,41242.0,7656.0,0.0
73.16,0.0,65535.0,44266.0,19451.0,57843.0,43184.0,7630.0,0.0
73.2,0.0,65535.0,43070.0,20111.0,57775.0,45151.0,7612.0,0.0
73.24,0.0,65535.0,44338.0,20783.0,57591.0,46895.0,7564.0,0.0
73.28,0.0,65535.0,46700.0,21456.0,57350.0,48676.0,7532.0,0.0
73.32,0.0,65535.0,47875.0,22126.0,56995.0,50337.0,7482.0,0.0
73.36,0.0,65535.0,52059.0,22852.0,56781.0,51929.0,7428.0,0.0
73.4,0.0,65535.0,51865.0,23507.0,56557.0,53439.0,7364.0,0.0
73.44,0.0,65535.0,52218.0,24172.0,56570.0,54842.0,7300.0,0.0
73.48,0.0,65535.0,52845.0,24817.0,57333.0,56379.0,7266.0,0.0
73.52,0.0,65535.0,55566.0,25483.0,57493.0,57753.0,7238.0,0.0
73.56,0.0,65535.0,55736.0,26134.0,57564.0,58937.0,7183.0,0.0
73.6,0.0,65535.0,56544.0,26784.0,57600.0,60003.0,7116.0,0.0
73.64,0.0,65535.0,60264.0,27446.0,57606.0,60936.0,7058.0,0.0
73.68,0.0,65535.0,62071.0,28090.0,57546.0,61807.0,7000.0,0.0
73.72,0.0,65535.0,61785.0,28756.0,57622.0,62548.0,6954.0,0.0
73.76,0.0,65535.0,61407.0,29408.0,57523.0,63391.0,6956.0,0.0
73.8,0.0,65535.0,63577.0,30060.0,57598.0,63934.0,6910.0,0.0
73.84,0.0,65535.0,63109.0,30722.0,57543.0,64478.0,6898.0,0.0
73.88,0.0,65535.0,62004.0,31367.0,57528.0,64715.0,6827.0,0.0
73.92,0.0,65535.0,63627.0,32033.0,57522.0,64839.0,6774.0,0.0
73.96,0.0,65535.0,63522.0,32686.0,57347.0,64740.0,6682.0,0.0
74.0,0.0,65535.0,62236.0,33338.0,57280.0,64663.0,6631.0,0.0
74.04,0.0,65535.0,62132.0,34001.0,57240.0,64489.0,6587.0,0.0
74.08,0.0,65535.0,63299.0,34631.0,57211.0,64168.0,6534.0,0.0
74.12,0.0,65535.0,62741.0,35297.0,57330.0,63802.0,6513.0,0.0
74.16,0.0,65535.0,61366.0,35951.0,57572.0,63397.0,6506.0,0.0
74.2,0.0,65535.0,61806.0,36605.0,57834.0,62560.0,6426.0,0.0
74.24,0.0,65535.0,60886.0,37269.0,57898.0,61828.0,6393.0,0.0
74.28,0.0,65535.0,59421.0,37933.0,57915.0,61124.0,6399.0,0.0
74.32,0.0,65535.0,56959.0,38602.0,58056.0,60273.0,6399.0,0.0
74.36,0.0,65535.0,54952.0,39253.0,58064.0,59299.0,6385.0,0.0
74.4,0.0,65535.0,54849.0,39910.0,58038.0,58024.0,6332.0,0.0
74.44,0.0,65535.0,54384.0,40571.0,58053.0,56845.0,6319.0,0.0
74.48,0.0,65535.0,53285.0,41213.0,57624.0,55593.0,6337.0,0.0
74.52,0.0,65535.0,51281.0,41877.0,57234.0,54013.0,6281.0,0.0
74.56,0.0,65535.0,51270.0,42523.0,57498.0,52583.0,6274.0,0.0
74.6,0.0,65535.0,50081.0,43174.0,57736.0,50975.0,6246.0,0.0
74.64,0.0,65535.0,48350.0,43830.0,57920.0,49290.0,6201.0,0.0
74.68,0.0,65535.0,45714.0,44474.0,58350.0,47442.0,6134.0,0.0
74.72,0.0,65535.0,43533.0,45139.0,58799.0,45465.0,6041.0,0.0
74.76,0.0,65535.0,42890.0,45788.0,59047.0,43503.0,5964.0,0.0
74.8,0.0,65535.0,58441.0,46441.0,59123.0,41744.0,5973.0,0.0
74.84,0.0,65535.0,58157.0,47097.0,59211.0,39902.0,5954.0,0.0
74.88,0.0,65535.0,57059.0,47742.0,59008.0,37945.0,5931.0,0.0
74.92,0.0,65535.0,56414.0,48398.0,58097.0,35992.0,5914.0,0.0
74.96,0.0,65535.0,55679.0,49043.0,57608.0,33869.0,5845.0,0.0
75.0,0.0,65535.0,55034.0,49695.0,57581.0,31713.0,5760.0,0.0
75.04,0.0,65535.0,54751.0,50344.0,57852.0,29879.0,5756.0,0.0
75.08,0.0,65535.0,54198.0,50979.0,58472.0,27757.0,5672.0,0.0
75.12,0.0,65535.0,54547.0,51641.0,59312.0,25670.0,5572.0,0.0
75.16,0.0,65535.0,56070.0,52294.0,59890.0,23666.0,5499.0,0.0
75.2,0.0,65535.0,41886.0,52955.0,59728.0,21769.0,5455.0,0.0
75.24,0.0,65535.0,43592.0,53608.0,59246.0,19926.0,5419.0,0.0
75.28,0.0,65535.0,44665.0,54277.0,58182.0,18225.0,5423.0,0.0
75.32,0.0,65535.0,47272.0,54933.0,57568.0,16694.0,5432.0,0.0
75.36,0.0,65535.0,50238.0,55631.0,57517.0,15032.0,5394.0,0.0
75.4,0.0,65535.0,52752.0,56287.0,57629.0,13587.0,5387.0,0.0
75.44,0.0,65535.0,53011.0,56941.0,57738.0,11881.0,5290.0,0.0
75.48,0.0,65535.0,53451.0,57597.0,57686.0,10195.0,5183.0,0.0
75.52,0.0,65535.0,54250.0,58259.0,57707.0,8605.0,5065.0,0.0
75.56,0.0,65535.0,54869.0,58911.0,57802.0,7620.0,5109.0,0.0
75.6,0.0,65535.0,55668.0,59567.0,58104.0,6906.0,5178.0,0.0
75.64,0.0,65535.0,59889.0,60219.0,58600.0,5941.0,5156.0,0.0
75.68,0.0,65535.0,60056.0,60874.0,58919.0,4990.0,5104.0,0.0
75.72,0.0,65535.0,59413.0,61532.0,58969.0,4270.0,5086.0,0.0
75.76,0.0,65535.0,59401.0,62186.0,58927.0,3423.0,5014.0,0.0
75.8,0.0,65535.0,60918.0,62843.0,58801.0,2801.0,4958.0,0.0
75.84,0.0,65535.0,60635.0,63497.0,58676.0,2179.0,4878.0,0.0
75.88,0.0,65535.0,59812.0,64154.0,58727.0,2079.0,4900.0,0.0
75.92,0.0,65535.0,61418.0,64813.0,58666.0,1864.0,4854.0,0.0
75.96,0.0,65535.0,61315.0,65469.0,58771.0,1791.0,4820.0,0.0
76.0,0.0,65535.0,60763.0,555.0,59112.0,1861.0,4776.0,0.0
76.04,0.0,65535.0,60750.0,1210.0,59724.0,1717.0,4639.0,0.0
76.08,0.0,65535.0,61905.0,1849.0,60180.0,1746.0,4522.0,0.0
76.12,0.0,65535.0,61802.0,2508.0,60158.0,2288.0,4526.0,0.0
76.16,0.0,65535.0,60890.0,3161.0,60050.0,2680.0,4451.0,0.0
76.2,0.0,65535.0,61865.0,3819.0,60009.0,3434.0,4436.0,0.0
76.24,0.0,65535.0,61852.0,4471.0,60232.0,4040.0,4350.0,0.0
76.28,0.0,65535.0,60403.0,5143.0,60689.0,4857.0,4289.0,0.0
76.32,0.0,65535.0,59403.0,5802.0,61063.0,6059.0,4332.0,0.0
76.36,0.0,65535.0,57147.0,6454.0,60213.0,7139.0,4300.0,0.0
76.4,0.0,65535.0,56776.0,7114.0,59091.0,8329.0,4268.0,0.0
76.44,0.0,65535.0,55598.0,7767.0,58761.0,9630.0,4233.0,0.0
76.48,0.0,65535.0,56304.0,8426.0,58495.0,11149.0,4222.0,0.0
76.52,0.0,65535.0,53513.0,9086.0,58612.0,12664.0,4203.0,0.0
76.56,0.0,65535.0,52337.0,9743.0,58749.0,14420.0,4218.0,0.0
76.6,0.0,65535.0,49458.0,10406.0,58964.0,15992.0,4160.0,0.0
76.64,0.0,65535.0,46581.0,11059.0,60000.0,17635.0,4080.0,0.0
76.68,0.0,65535.0,44870.0,11723.0,60192.0,19722.0,4121.0,0.0
76.72,0.0,65535.0,42890.0,12379.0,61185.0,21481.0,4064.0,0.0
76.76,0.0,65535.0,45746.0,13034.0,61649.0,23355.0,4024.0,0.0
76.8,0.0,65535.0,46005.0,13692.0,61689.0,25235.0,3986.0,0.0
76.84,0.0,65535.0,45816.0,14348.0,61572.0,27420.0,4025.0,0.0
76.88,0.0,65535.0,45895.0,15015.0,60369.0,29301.0,3992.0,0.0
76.92,0.0,65535.0,43292.0,15671.0,59622.0,31082.0,3918.0,0.0
76.96,0.0,65535.0,43014.0,16332.0,59393.0,32945.0,3836.0,0.0
77.0,0.0,65535.0,43363.0,16990.0,59914.0,34956.0,3803.0,0.0
77.04,0.0,65535.0,43175.0,17643.0,60908.0,37003.0,3758.0,0.0
77.08,0.0,65535.0,44327.0,18290.0,61702.0,39416.0,3818.0,0.0
77.12,0.0,65535.0,44765.0,18942.0,61741.0,41535.0,3826.0,0.0
77.16,0.0,65535.0,42433.0,19602.0,61546.0,43554.0,3816.0,0.0
77.2,0.0,65535.0,43138.0,20260.0,61501.0,45620.0,3838.0,0.0
77.24,0.0,65535.0,45540.0,20913.0,61400.0,47415.0,3785.0,0.0
77.28,0.0,65535.0,46780.0,21592.0,61067.0,48979.0,3698.0,0.0
77.32,0.0,65535.0,48912.0,22241.0,60673.0,50304.0,3558.0,0.0
77.36,0.0,65535.0,52204.0,22824.0,60374.0,51690.0,3449.0,0.0
77.4,0.0,65535.0,52996.0,23480.0,60256.0,53227.0,3407.0,0.0
77.44,0.0,65535.0,53787.0,24130.0,60231.0,54650.0,3341.0,0.0
77.48,0.0,65535.0,52973.0,24790.0,60930.0,56016.0,3273.0,0.0
77.52,0.0,65535.0,57331.0,25442.0,61123.0,57460.0,3258.0,0.0
77.56,0.0,65535.0,56606.0,26098.0,61158.0,58867.0,3261.0,0.0
77.6,0.0,65535.0,55168.0,26757.0,61281.0,60273.0,3296.0,0.0
77.64,0.0,65535.0,59255.0,27411.0,61423.0,61551.0,3317.0,0.0
77.68,0.0,65535.0,59955.0,28074.0,61489.0,62629.0,3325.0,0.0
77.72,0.0,65535.0,61545.0,28727.0,61301.0,63283.0,3235.0,0.0
77.76,0.0,65535.0,61532.0,29383.0,61294.0,63884.0,3181.0,0.0
77.8,0.0,65535.0,63656.0,30041.0,61261.0,64451.0,3138.0,0.0
77.84,0.0,65535.0,63286.0,30692.0,61344.0,64826.0,3073.0,0.0
77.88,0.0,65535.0,62205.0,31354.0,61331.0,65104.0,3030.0,0.0
77.92,0.0,65535.0,62815.0,32005.0,61300.0,65377.0,3005.0,0.0
77.96,0.0,65535.0,63691.0,32660.0,61150.0,65277.0,2927.0,0.0
78.0,0.0,65535.0,62433.0,33317.0,61043.0,65293.0,2894.0,0.0
78.04,0.0,65535.0,62242.0,33967.0,61009.0,65127.0,2847.0,0.0
78.08,0.0,65535.0,63295.0,34611.0,60894.0,64919.0,2830.0,0.0
78.12,0.0,65535.0,62926.0,35262.0,60955.0,64442.0,2768.0,0.0
78.16,0.0,65535.0,61580.0,35916.0,61278.0,63738.0,2692.0,0.0
78.2,0.0,65535.0,61922.0,36571.0,61580.0,63161.0,2672.0,0.0
78.24,0.0,65535.0,59866.0,37221.0,61675.0,62466.0,2655.0,0.0
78.28,0.0,65535.0,57634.0,37898.0,61716.0,61585.0,2613.0,0.0
78.32,0.0,65535.0,57178.0,38550.0,61704.0,60407.0,2515.0,0.0
78.36,0.0,65535.0,55124.0,39207.0,61721.0,59212.0,2453.0,0.0
78.4,0.0,65535.0,55024.0,39862.0,61806.0,58099.0,2433.0,0.0
78.44,0.0,65535.0,54568.0,40516.0,61806.0,56765.0,2393.0,0.0
78.48,0.0,65535.0,55266.0,41180.0,61322.0,55241.0,2328.0,0.0
78.52,0.0,65535.0,52505.0,41831.0,60871.0,53820.0,2308.0,0.0
78.56,0.0,65535.0,51430.0,42489.0,61127.0,52456.0,2323.0,0.0
78.6,0.0,65535.0,50444.0,43146.0,61403.0,50887.0,2292.0,0.0
78.64,0.0,65535.0,47597.0,43799.0,61664.0,49158.0,2243.0,0.0
78.68,0.0,65535.0,45372.0,44464.0,62032.0,47252.0,2148.0,0.0
78.72,0.0,65535.0,43679.0,45110.0,62550.0,45633.0,2156.0,0.0
78.76,0.0,65535.0,43050.0,45769.0,62838.0,43735.0,2097.0,0.0
78.8,0.0,65535.0,58096.0,46425.0,62900.0,41843.0,2053.0,0.0
78.84,0.0,65535.0,57907.0,47075.0,62955.0,39995.0,2041.0,0.0
78.88,0.0,65535.0,56212.0,47741.0,62716.0,38029.0,2007.0,0.0
78.92,0.0,65535.0,56201.0,48389.0,61768.0,36044.0,1991.0,0.0
78.96,0.0,65535.0,55392.0,49045.0,61215.0,34127.0,1978.0,0.0
79.0,0.0,65535.0,54850.0,49699.0,61229.0,32107.0,1927.0,0.0
79.04,0.0,65535.0,54485.0,50350.0,61603.0,30136.0,1895.0,0.0
79.08,0.0,65535.0,54385.0,50992.0,62229.0,28317.0,1887.0,0.0
79.12,0.0,65535.0,54285.0,51635.0,63172.0,26538.0,1885.0,0.0
79.16,0.0,65535.0,55423.0,52289.0,63706.0,24530.0,1798.0,0.0
79.2,0.0,65535.0,42066.0,52941.0,63650.0,22559.0,1735.0,0.0
79.24,0.0,65535.0,43118.0,53593.0,63139.0,20426.0,1629.0,0.0
79.28,0.0,65535.0,44787.0,54271.0,61630.0,18556.0,1578.0,0.0
79.32,0.0,65535.0,47427.0,54921.0,61019.0,16710.0,1512.0,0.0
79.36,0.0,65535.0,50420.0,55614.0,60956.0,15112.0,1485.0,0.0
79.4,0.0,65535.0,52881.0,56268.0,61020.0,13559.0,1454.0,0.0
79.44,0.0,65535.0,53135.0,56922.0,61174.0,11987.0,1400.0,0.0
79.48,0.0,65535.0,53565.0,57581.0,61231.0,10480.0,1331.0,0.0
79.52,0.0,65535.0,55936.0,58228.0,61260.0,9198.0,1310.0,0.0
79.56,0.0,65535.0,55747.0,58888.0,61375.0,7908.0,1245.0,0.0
79.6,0.0,65535.0,54501.0,59546.0,61618.0,6481.0,1127.0,0.0
79.64,0.0,65535.0,59515.0,60200.0,62263.0,5537.0,1107.0,0.0
79.68,0.0,65535.0,59415.0,60865.0,62546.0,4524.0,1035.0,0.0
79.72,0.0,65535.0,59579.0,61515.0,62539.0,3640.0,979.0,0.0
79.76,0.0,65535.0,59478.0,62173.0,62495.0,2930.0,935.0,0.0
79.8,0.0,65535.0,61051.0,62832.0,62278.0,2319.0,894.0,0.0
79.84,0.0,65535.0,60774.0,63484.0,62247.0,1981.0,879.0,0.0
79.88,0.0,65535.0,60057.0,64148.0,62213.0,1676.0,855.0,0.0
79.92,0.0,65535.0,60573.0,64797.0,62227.0,1603.0,856.0,0.0
79.96,0.0,65535.0,61528.0,65454.0,62314.0,1627.0,840.0,0.0
80.0,0.0,65535.0,60987.0,540.0,62567.0,1665.0,799.0,0.0
80.04,0.0,65535.0,60887.0,1192.0,63429.0,1942.0,769.0,0.0
80.08,0.0,65535.0,62106.0,1842.0,63990.0,2421.0,789.0,0.0
80.12,0.0,65535.0,62005.0,2490.0,63955.0,2684.0,706.0,0.0
80.16,0.0,65535.0,61112.0,3150.0,63880.0,3300.0,690.0,0.0
80.2,0.0,65535.0,61979.0,3809.0,63816.0,3977.0,662.0,0.0
80.24,0.0,65535.0,62493.0,4463.0,64028.0,4781.0,628.0,0.0
80.28,0.0,65535.0,61338.0,5147.0,64505.0,5697.0,601.0,0.0
80.32,0.0,0.0,59568.0,5794.0,64717.0,6564.0,533.0,0.0
80.36,0.0,0.0,57184.0,6454.0,63956.0,7421.0,448.0,0.0
80.4,0.0,0.0,56908.0,7112.0,62826.0,8582.0,419.0,0.0
80.44,0.0,0.0,55755.0,7765.0,62483.0,9887.0,379.0,0.0
80.48,0.0,0.0,56358.0,8432.0,62217.0,11475.0,401.0,0.0
80.52,0.0,0.0,53537.0,9083.0,62290.0,13214.0,424.0,0.0
80.56,0.0,0.0,51508.0,9741.0,62378.0,14831.0,402.0,0.0
80.6,0.0,0.0,49567.0,10403.0,62696.0,16491.0,363.0,0.0
80.64,0.0,0.0,46662.0,11059.0,63644.0,18330.0,330.0,0.0
80.68,0.0,0.0,44285.0,11724.0,63757.0,20273.0,338.0,0.0
80.72,0.0,0.0,43750.0,12381.0,64730.0,22298.0,347.0,0.0
80.76,0.0,0.0,46195.0,13037.0,65235.0,23962.0,292.0,0.0
80.8,0.0,0.0,46010.0,13699.0,65320.0,25789.0,273.0,0.0
80.84,0.0,0.0,45562.0,14352.0,65099.0,27740.0,286.0,0.0
80.88,0.0,0.0,45728.0,15017.0,63784.0,29700.0,310.0,0.0
80.92,0.0,0.0,43179.0,15672.0,63050.0,31479.0,259.0,0.0
80.96,0.0,0.0,42907.0,16326.0,62740.0,33275.0,211.0,0.0
81.0,0.0,0.0,43336.0,16990.0,63244.0,35414.0,242.0,0.0
81.04,0.0,0.0,43152.0,17640.0,64173.0,37323.0,211.0,0.0
81.08,0.0,0.0,43143.0,18277.0,64744.0,38983.0,105.0,0.0
81.12,0.0,0.0,44446.0,18927.0,64850.0,40803.0,69.0,0.0
81.16,0.0,0.0,44787.0,19573.0,64636.0,42779.0,98.0,0.0
81.2,0.0,0.0,42941.0,20230.0,64501.0,44828.0,143.0,0.0
81.24,0.0,0.0,44681.0,20880.0,64344.0,46746.0,175.0,0.0
81.28,0.0,0.0,46158.0,21550.0,64002.0,48361.0,137.0,0.0
81.32,0.0,0.0,48945.0,22207.0,63603.0,50052.0,135.0,0.0
81.36,0.0,0.0,51294.0,22862.0,63405.0,51706.0,137.0,0.0
81.4,0.0,0.0,53118.0,23522.0,63174.0,53244.0,118.0,0.0
81.44,0.0,0.0,53981.0,24178.0,63082.0,54758.0,125.0,0.0
81.48,0.0,0.0,53096.0,24838.0,63799.0,56485.0,183.0,0.0
81.52,0.0,0.0,57451.0,25495.0,63922.0,57929.0,210.0,0.0
81.56,0.0,0.0,56740.0,26148.0,63981.0,59232.0,222.0,0.0
81.6,0.0,0.0,56903.0,26807.0,63980.0,60388.0,223.0,0.0
81.64,0.0,0.0,60556.0,27460.0,64001.0,61405.0,225.0,0.0
81.68,0.0,0.0,60107.0,28118.0,63870.0,62347.0,225.0,0.0
81.72,0.0,0.0,61752.0,28773.0,63904.0,63002.0,189.0,0.0
81.76,0.0,0.0,61652.0,29427.0,63835.0,63892.0,240.0,0.0
81.8,0.0,0.0,63732.0,30085.0,63770.0,64312.0,193.0,0.0
81.84,0.0,0.0,63544.0,30739.0,63705.0,64575.0,144.0,0.0
81.88,0.0,0.0,62398.0,31398.0,63644.0,65015.0,170.0,0.0
81.92,0.0,0.0,63779.0,32053.0,63599.0,65154.0,156.0,0.0
81.96,0.0,0.0,63853.0,32707.0,63563.0,65365.0,187.0,0.0
82.0,0.0,0.0,62621.0,33366.0,63489.0,65373.0,197.0,0.0
82.04,0.0,0.0,62346.0,34020.0,63398.0,65058.0,152.0,0.0
82.08,0.0,0.0,63465.0,34663.0,63316.0,64658.0,110.0,0.0
82.12,0.0,0.0,63104.0,35318.0,63357.0,64180.0,98.0,0.0
82.16,0.0,0.0,61786.0,35971.0,63452.0,63749.0,122.0,0.0
82.2,0.0,0.0,61077.0,36630.0,63699.0,63196.0,155.0,0.0
82.24,0.0,0.0,60107.0,37282.0,63811.0,62746.0,240.0,0.0
82.28,0.0,0.0,57834.0,37956.0,63917.0,62042.0,284.0,0.0
82.32,0.0,0.0,56517.0,38607.0,63924.0,61112.0,300.0,0.0
82.36,0.0,0.0,53898.0,39257.0,63932.0,59944.0,275.0,0.0
82.4,0.0,0.0,53539.0,39915.0,63964.0,58699.0,269.0,0.0
82.44,0.0,0.0,54745.0,40565.0,63935.0,57314.0,242.0,0.0
82.48,0.0,0.0,53691.0,41221.0,63509.0,55797.0,225.0,0.0
82.52,0.0,0.0,52724.0,41875.0,62948.0,54176.0,199.0,0.0
82.56,0.0,0.0,51584.0,42528.0,63178.0,52563.0,173.0,0.0
82.6,0.0,0.0,50445.0,43189.0,63345.0,50721.0,123.0,0.0
82.64,0.0,0.0,47657.0,43841.0,63501.0,49053.0,125.0,0.0
82.68,0.0,0.0,45477.0,44499.0,63895.0,47260.0,111.0,0.0
82.72,0.0,0.0,43819.0,45154.0,64327.0,45637.0,149.0,0.0
82.76,0.0,0.0,51358.0,45809.0,64581.0,43526.0,66.0,0.0
82.8,0.0,0.0,57245.0,46471.0,64568.0,41560.0,55.0,0.0
82.84,0.0,0.0,56279.0,47120.0,64646.0,39942.0,136.0,0.0
82.88,0.0,0.0,56008.0,47782.0,64373.0,37900.0,126.0,0.0
82.92,0.0,0.0,56083.0,48433.0,63570.0,36055.0,173.0,0.0
82.96,0.0,0.0,55205.0,49085.0,63100.0,34288.0,239.0,0.0
83.0,0.0,0.0,54673.0,49743.0,63096.0,32423.0,275.0,0.0
83.04,0.0,0.0,54316.0,50389.0,63346.0,30543.0,294.0,0.0
83.08,0.0,0.0,54218.0,51036.0,63846.0,28463.0,266.0,0.0
83.12,0.0,0.0,54207.0,51690.0,64657.0,26373.0,205.0,0.0
83.16,0.0,0.0,55581.0,52343.0,65169.0,24331.0,164.0,0.0
83.2,0.0,0.0,42153.0,53006.0,65043.0,22473.0,172.0,0.0
83.24,0.0,0.0,43269.0,53650.0,64489.0,20622.0,176.0,0.0
83.28,0.0,0.0,44904.0,54328.0,63389.0,18845.0,200.0,0.0
83.32,0.0,0.0,47490.0,54981.0,62701.0,16853.0,114.0,0.0
83.36,0.0,0.0,50507.0,55600.0,62483.0,14975.0,64.0,0.0
83.4,0.0,0.0,53005.0,56261.0,62481.0,13500.0,98.0,0.0
83.44,0.0,0.0,53253.0,56908.0,62542.0,12041.0,114.0,0.0
83.48,0.0,0.0,53674.0,57571.0,62579.0,10523.0,90.0,0.0
83.52,0.0,0.0,54614.0,58224.0,62644.0,9168.0,75.0,0.0
83.56,0.0,0.0,55207.0,58879.0,62643.0,7762.0,32.0,0.0
83.6,0.0,0.0,54678.0,59539.0,62876.0,6540.0,0.0,0.0
83.64,0.0,0.0,56653.0,60186.0,63460.0,5627.0,36.0,0.0
83.68,0.0,0.0,59577.0,60847.0,63742.0,4817.0,62.0,0.0
83.72,0.0,0.0,59824.0,61497.0,63757.0,4149.0,96.0,0.0
83.76,0.0,0.0,59639.0,62153.0,63607.0,3245.0,44.0,0.0
83.8,0.0,0.0,61180.0,62811.0,63467.0,2753.0,63.0,0.0
83.84,0.0,0.0,60995.0,63459.0,63402.0,2304.0,75.0,0.0
83.88,0.0,0.0,60292.0,64121.0,63281.0,1935.0,61.0,0.0
83.92,0.0,0.0,60711.0,64772.0,63209.0,1776.0,75.0,0.0
83.96,0.0,0.0,61647.0,65428.0,63301.0,1830.0,119.0,0.0
84.0,0.0,0.0,61203.0,515.0,63505.0,1888.0,109.0,0.0
84.04,0.0,0.0,61018.0,1164.0,64370.0,2196.0,139.0,0.0
84.08,0.0,0.0,62212.0,1810.0,64867.0,2774.0,211.0,0.0
84.12,0.0,0.0,62199.0,2462.0,64741.0,3137.0,200.0,0.0
84.16,0.0,0.0,61325.0,3118.0,64628.0,3614.0,188.0,0.0
84.2,0.0,0.0,62088.0,3780.0,64607.0,4445.0,237.0,0.0
84.24,0.0,0.0,62592.0,4428.0,64756.0,5072.0,204.0,0.0
84.28,0.0,0.0,61460.0,5106.0,65154.0,5809.0,153.0,0.0
84.32,0.0,0.0,59726.0,5757.0,65327.0,6425.0,68.0,0.0
84.36,0.0,0.0,56186.0,6413.0,64559.0,7326.0,40.0,0.0
84.4,0.0,0.0,55314.0,7073.0,63387.0,8500.0,48.0,0.0
84.44,0.0,0.0,55819.0,7723.0,63094.0,10091.0,140.0,0.0
84.48,0.0,0.0,56410.0,8386.0,62672.0,11638.0,172.0,0.0
84.52,0.0,0.0,53561.0,9034.0,62681.0,13045.0,156.0,0.0
84.56,0.0,0.0,52604.0,9693.0,62686.0,14729.0,189.0,0.0
84.6,0.0,0.0,49672.0,10350.0,62856.0,16353.0,186.0,0.0
84.64,0.0,0.0,46483.0,10999.0,63892.0,18201.0,197.0,0.0
84.68,0.0,0.0,45099.0,11664.0,64074.0,20269.0,269.0,0.0
84.72,0.0,0.0,43801.0,12314.0,64998.0,22385.0,351.0,0.0
84.76,0.0,0.0,46197.0,12975.0,65502.0,24189.0,333.0,0.0
84.8,0.0,0.0,46445.0,13636.0,65535.0,26108.0,344.0,0.0
84.84,0.0,0.0,45577.0,14289.0,65347.0,28184.0,388.0,0.0
84.88,0.0,0.0,45739.0,14954.0,64073.0,30057.0,388.0,0.0
84.92,0.0,0.0,43242.0,15606.0,63270.0,31778.0,335.0,0.0
84.96,0.0,0.0,42976.0,16269.0,62997.0,33697.0,309.0,0.0
85.0,0.0,0.0,43396.0,16926.0,63439.0,35618.0,295.0,0.0
85.04,0.0,0.0,43215.0,17578.0,64302.0,37452.0,235.0,0.0
85.08,0.0,0.0,43207.0,18230.0,65007.0,39355.0,199.0,0.0
85.12,0.0,0.0,44483.0,18879.0,65112.0,41175.0,170.0,0.0
85.16,0.0,0.0,44817.0,19543.0,64884.0,43134.0,183.0,0.0
85.2,0.0,0.0,43523.0,20202.0,64797.0,45223.0,249.0,0.0
85.24,0.0,0.0,44713.0,20852.0,64631.0,47046.0,242.0,0.0
85.28,0.0,0.0,46246.0,21538.0,64339.0,48755.0,235.0,0.0
85.32,0.0,0.0,49062.0,22185.0,63971.0,50406.0,224.0,0.0
85.36,0.0,0.0,52305.0,22873.0,63686.0,52072.0,223.0,0.0
85.4,0.0,0.0,53236.0,23530.0,63407.0,53515.0,190.0,0.0
85.44,0.0,0.0,52797.0,24180.0,63361.0,55098.0,202.0,0.0
85.48,0.0,0.0,56893.0,24848.0,64088.0,56764.0,252.0,0.0
85.52,0.0,0.0,57565.0,25493.0,64222.0,58177.0,265.0,0.0
85.56,0.0,0.0,56870.0,26155.0,64198.0,59210.0,203.0,0.0
85.6,0.0,0.0,57029.0,26810.0,64189.0,60220.0,174.0,0.0
85.64,0.0,0.0,62061.0,27458.0,64111.0,61129.0,131.0,0.0
85.68,0.0,0.0,62561.0,28124.0,64049.0,62067.0,148.0,0.0
85.72,0.0,0.0,62378.0,28770.0,64093.0,62897.0,146.0,0.0
85.76,0.0,0.0,62536.0,29431.0,63977.0,63585.0,146.0,0.0
85.8,0.0,0.0,63890.0,30087.0,63953.0,64225.0,162.0,0.0
85.84,0.0,0.0,63706.0,30736.0,63951.0,64736.0,171.0,0.0
85.88,0.0,0.0,62498.0,31402.0,63870.0,65135.0,195.0,0.0
85.92,0.0,0.0,63851.0,32049.0,63919.0,65535.0,238.0,0.0
85.96,0.0,0.0,64008.0,32710.0,63850.0,65512.0,217.0,0.0
86.0,0.0,0.0,62801.0,33367.0,63749.0,65498.0,219.0,0.0
86.04,0.0,0.0,62447.0,34015.0,63596.0,65182.0,168.0,0.0
86.08,0.0,0.0,63543.0,34665.0,63446.0,64619.0,88.0,0.0
86.12,0.0,0.0,63274.0,35312.0,63558.0,64250.0,94.0,0.0
86.16,0.0,0.0,61983.0,35972.0,63668.0,63875.0,145.0,0.0
86.2,0.0,0.0,61203.0,36629.0,63912.0,63370.0,182.0,0.0
86.24,0.0,0.0,60338.0,37277.0,64025.0,62794.0,238.0,0.0
86.28,0.0,0.0,59985.0,37961.0,64056.0,61846.0,214.0,0.0
86.32,0.0,0.0,57588.0,38607.0,64078.0,61008.0,249.0,0.0
86.36,0.0,0.0,53999.0,39266.0,64087.0,60103.0,308.0,0.0
86.4,0.0,0.0,53733.0,39923.0,64169.0,58874.0,293.0,0.0
86.44,0.0,0.0,54914.0,40572.0,64067.0,57291.0,219.0,0.0
86.48,0.0,0.0,50987.0,41236.0,63688.0,55969.0,251.0,0.0
86.52,0.0,0.0,52849.0,41882.0,63138.0,54430.0,245.0,0.0
86.56,0.0,0.0,51732.0,42543.0,63338.0,52647.0,184.0,0.0
86.6,0.0,0.0,50531.0,43195.0,63508.0,50958.0,162.0,0.0
86.64,0.0,0.0,47714.0,43846.0,63668.0,49236.0,160.0,0.0
86.68,0.0,0.0,45578.0,44508.0,64102.0,47510.0,154.0,0.0
86.72,0.0,0.0,43869.0,45155.0,64485.0,45744.0,156.0,0.0
86.76,0.0,0.0,51255.0,45815.0,64780.0,43708.0,98.0,0.0
86.8,0.0,0.0,57023.0,46467.0,64805.0,41831.0,97.0,0.0
86.84,0.0,0.0,56077.0,47121.0,64819.0,40016.0,134.0,0.0
86.88,0.0,0.0,55811.0,47776.0,64655.0,38307.0,202.0,0.0
86.92,0.0,0.0,55885.0,48426.0,63758.0,36366.0,231.0,0.0
86.96,0.0,0.0,55024.0,49087.0,63355.0,34410.0,244.0,0.0
87.0,0.0,0.0,54504.0,49735.0,63347.0,32664.0,309.0,0.0
87.04,0.0,0.0,54153.0,50393.0,63506.0,30685.0,314.0,0.0
87.08,0.0,0.0,54057.0,51033.0,64099.0,28595.0,265.0,0.0
87.12,0.0,0.0,53962.0,51678.0,64886.0,26748.0,287.0,0.0
87.16,0.0,0.0,55054.0,52338.0,65457.0,24855.0,276.0,0.0
87.2,0.0,0.0,50378.0,52984.0,65312.0,23037.0,296.0,0.0
87.24,0.0,0.0,43415.0,53641.0,64791.0,21037.0,266.0,0.0
87.28,0.0,0.0,44932.0,54312.0,63686.0,19350.0,303.0,0.0
87.32,0.0,0.0,47550.0,54960.0,62868.0,17231.0,200.0,0.0
87.36,0.0,0.0,50592.0,55634.0,62787.0,15453.0,164.0,0.0
87.4,0.0,0.0,53123.0,56282.0,62786.0,13767.0,146.0,0.0
87.44,0.0,0.0,53367.0,56940.0,62874.0,12314.0,164.0,0.0
87.48,0.0,0.0,53779.0,57596.0,62848.0,10781.0,128.0,0.0
87.52,0.0,0.0,54700.0,58250.0,62819.0,9128.0,42.0,0.0
87.56,0.0,0.0,55366.0,58909.0,62874.0,7790.0,10.0,0.0
87.6,0.0,0.0,54847.0,59558.0,63112.0,6829.0,65.0,0.0
87.64,0.0,0.0,59829.0,60217.0,63621.0,5932.0,95.0,0.0
87.68,0.0,0.0,60748.0,60872.0,63947.0,5033.0,94.0,0.0
87.72,0.0,0.0,60059.0,61526.0,63952.0,4248.0,107.0,0.0
87.76,0.0,0.0,59793.0,62186.0,63774.0,3487.0,81.0,0.0
87.8,0.0,0.0,61303.0,62837.0,63602.0,2854.0,79.0,0.0
87.84,0.0,0.0,61290.0,63496.0,63571.0,2576.0,123.0,0.0
87.88,0.0,0.0,60517.0,64152.0,63409.0,2050.0,73.0,0.0
87.92,0.0,0.0,61773.0,64806.0,63302.0,1806.0,65.0,0.0
